date,open,high,low,close,volume,pct_change
2014-01-02,1570.049,1570.049,1553.476,1561.099,1572548100,
2014-01-03,1553.446,1554.516,1529.152,1536.067,2189922800,-1.6034857494623966
2014-01-06,1534.496,1534.496,1498.6,1512.93,2491819800,-1.5062494018815542
2014-01-07,1500.978,1515.639,1497.775,1510.654,1547408300,-0.1504365700990884
2014-01-08,1512.09,1527.887,1504.426,1515.333,1772188600,0.3097334002359231
2014-01-09,1511.976,1525.725,1500.572,1503.881,1634130500,-0.755741477285854
2014-01-10,1500.005,1506.781,1493.495,1498.268,1693272600,-0.3732343184068454
2014-01-13,1500.858,1510.316,1489.23,1494.613,1711106000,-0.24394834568982615
2014-01-14,1493.889,1505.457,1482.908,1499.285,1766276400,0.31258927896384847
2014-01-15,1496.828,1498.898,1480.176,1488.509,1472035700,-0.7187426006396436
2014-01-16,1489.047,1504.43,1482.758,1493.094,1744088600,0.30802635388835764
2014-01-17,1487.802,1489.605,1470.865,1475.671,1800564400,-1.1669057674868477
2014-01-20,1472.394,1476.885,1459.446,1464.842,1277569700,-0.7338356584902672
2014-01-21,1467.15,1488.714,1467.15,1478.884,1267746900,0.9586016785428031
2014-01-22,1480.842,1514.787,1478.079,1514.121,2415884000,2.382675044154925
2014-01-23,1511.793,1514.967,1496.662,1499.031,1743047600,-0.9966178396574765
2014-01-24,1493.689,1514.107,1491.015,1502.065,1897613200,0.2023974153970265
2014-01-27,1491.825,1491.825,1475.5,1478.865,1902341400,-1.5445403494522614
2014-01-28,1483.409,1492.427,1477.25,1487.803,1494576200,0.6043824148925125
2014-01-29,1493.213,1498.575,1488.696,1494.49,1478746600,0.44945466570507353
2014-01-30,1489.506,1489.721,1475.773,1477.345,1276934300,-1.1472140997932367
2014-02-07,1467.362,1475.719,1458.492,1475.343,1382621000,-0.13551337026895816
2014-02-10,1480.595,1507.356,1480.525,1505.834,2427684400,2.066705843996952
2014-02-11,1505.66,1536.462,1500.845,1528.322,3420919200,1.4933917018741694
2014-02-12,1528.884,1537.889,1521.268,1527.001,2381377600,-0.08643466494625551
2014-02-13,1525.525,1548.617,1519.382,1528.015,3524063600,0.0664046716406963
2014-02-14,1527.212,1536.355,1525.151,1534.239,2123573200,0.4073258443143546
2014-02-17,1545.182,1549.905,1529.19,1538.105,2693001200,0.2519816013020204
2014-02-18,1535.887,1535.887,1505.42,1508.541,2530762400,-1.922105447937561
2014-02-19,1507.494,1541.45,1504.951,1533.396,3162630000,1.647618460486
2014-02-20,1537.938,1556.424,1519.363,1520.138,3612635200,-0.8646168373988239
2014-02-21,1517.916,1521.767,1496.086,1505.331,2424011200,-0.9740563027830329
2014-02-24,1492.285,1492.285,1458.167,1468.06,2888480000,-2.4759338643793316
2014-02-25,1469.257,1475.97,1437.01,1440.892,2617136000,-1.8506055610805983
2014-02-26,1434.861,1447.168,1429.611,1444.198,2325252800,0.22944120725216788
2014-02-27,1449.141,1462.125,1437.642,1452.461,3246858000,0.572151463995918
2014-02-28,1447.772,1467.1,1437.313,1464.321,2594021600,0.816545160248694
2014-03-03,1459.857,1467.708,1452.135,1462.686,2983984000,-0.111655845951808
2014-03-04,1458.675,1468.46,1448.687,1464.284,2625804800,0.10925106277084318
2014-03-05,1466.011,1466.958,1445.666,1448.331,2035846000,-1.0894744462140005
2014-03-06,1446.569,1466.033,1435.937,1459.508,2521621200,0.7717158577700944
2014-03-07,1456.086,1472.075,1451.712,1455.585,2346084200,-0.2687892084181742
2014-03-10,1442.976,1442.989,1407.494,1408.873,2530510400,-3.2091564559953545
2014-03-11,1406.066,1420.901,1403.31,1412.733,1889792000,0.27397785322025303
2014-03-12,1408.051,1429.299,1403.279,1418.698,2271845000,0.42223123548470465
2014-03-13,1425.844,1451.294,1421.686,1437.392,2647944800,1.3176870623628156
2014-03-14,1429.784,1438.672,1416.675,1426.395,1966609200,-0.7650661754065702
2014-03-17,1435.267,1438.367,1421.416,1434.157,1498997400,0.5441690415347811
2014-03-18,1437.54,1438.931,1425.739,1427.63,1802443200,-0.45511056320889365
2014-03-19,1422.342,1422.342,1406.552,1418.707,1602253200,-0.6250218894251258
2014-03-20,1415.669,1432.511,1406.258,1406.915,2055904400,-0.831179376714164
2014-03-21,1402.813,1468.935,1402.182,1464.08,4341838000,4.063145250423794
2014-03-24,1468.81,1486.85,1462.179,1477.532,4190667200,0.9188022512431004
2014-03-25,1473.182,1483.323,1464.538,1470.121,2558127600,-0.5015796612188317
2014-03-26,1476.248,1480.14,1462.569,1467.08,1991206400,-0.20685372156442616
2014-03-27,1464.172,1486.373,1450.453,1464.53,2586058400,-0.17381465223437198
2014-03-28,1465.031,1483.586,1463.533,1472.047,2601458200,0.5132704690241852
2014-03-31,1473.151,1477.883,1457.834,1465.783,1957416400,-0.4255298913689698
2014-04-01,1463.707,1481.006,1461.177,1473.142,1668913300,0.5020524866232057
2014-04-02,1475.938,1492.752,1473.827,1491.303,2338082600,1.2328071564044807
2014-04-03,1498.111,1504.539,1476.024,1477.488,2596637200,-0.9263710996356922
2014-04-04,1471.487,1491.049,1469.696,1490.334,1588061400,0.8694486858776607
2014-04-08,1488.647,1543.411,1488.064,1534.747,4336018000,2.9800702392886347
2014-04-09,1535.214,1539.738,1525.096,1530.875,2462313600,-0.25228913951290677
2014-04-10,1532.222,1587.622,1522.49,1570.397,4852679600,2.5816608148934383
2014-04-11,1568.242,1576.94,1557.511,1565.308,3740053600,-0.32405818401334274
2014-04-14,1562.191,1568.525,1547.861,1557.7,2101796000,-0.4860385304361836
2014-04-15,1550.426,1550.529,1520.996,1523.22,2407461600,-2.2135199332348976
2014-04-16,1519.241,1536.925,1518.428,1527.054,1912048000,0.25170362784101563
2014-04-17,1533.067,1534.601,1517.047,1520.562,1625876300,-0.42513231359206927
2014-04-18,1513.681,1524.726,1503.636,1521.278,1937480600,0.047087853043814576
2014-04-21,1510.182,1526.016,1493.25,1493.756,1897348800,-1.809136791566035
2014-04-22,1492.077,1510.873,1487.774,1509.547,2050533600,1.0571338290858767
2014-04-23,1504.536,1514.733,1502.639,1507.041,1864788800,-0.16601006792104078
2014-04-24,1506.593,1523.25,1504.189,1510.285,1591494300,0.2152562538112912
2014-04-25,1516.685,1522.244,1500.604,1501.046,2402751800,-0.611738843993026
2014-04-28,1499.685,1505.111,1481.706,1483.776,1955266800,-1.1505310296952898
2014-04-29,1484.005,1497.669,1478.51,1496.009,1878896400,0.8244505909247746
2014-04-30,1499.12,1500.349,1491.437,1494.808,1887391600,-0.08028026569358859
2014-05-05,1490.102,1493.846,1473.027,1487.532,1957922400,-0.4867514757748159
2014-05-06,1484.007,1497.71,1480.671,1485.25,1753224400,-0.15340846449016787
2014-05-07,1481.944,1485.488,1475.314,1476.176,1591290700,-0.6109409190372062
2014-05-08,1474.726,1499.736,1471.648,1478.717,1726268600,0.17213394608774912
2014-05-09,1482.323,1486.889,1474.517,1480.737,1539190700,0.13660490817377635
2014-05-12,1492.628,1513.124,1483.456,1508.387,2820170800,1.8673133716520907
2014-05-13,1507.004,1510.892,1498.401,1503.517,2010458400,-0.32286144073104817
2014-05-14,1504.424,1510.33,1498.605,1500.825,1528214100,-0.17904686145883142
2014-05-15,1499.217,1503.092,1487.097,1488.771,1613387900,-0.8031582629553835
2014-05-16,1489.503,1493.192,1480.833,1487.735,1346617800,-0.06958759943604953
2014-05-19,1482.043,1482.172,1454.409,1459.212,1575537700,-1.9172097181285541
2014-05-20,1466.053,1468.897,1456.438,1460.82,1243534100,0.11019646220014057
2014-05-21,1454.488,1474.936,1447.936,1474.139,1191695200,0.9117481962185536
2014-05-22,1472.341,1493.18,1469.417,1471.552,1551253300,-0.17549227040326576
2014-05-23,1472.409,1484.592,1471.23,1484.375,1188546500,0.8713929239333673
2014-05-26,1493.343,1495.784,1480.69,1486.049,1209119000,0.11277473684210282
2014-05-27,1484.818,1488.667,1478.311,1479.733,1250144700,-0.4250196325962352
2014-05-28,1479.495,1493.152,1474.846,1491.756,1557102400,0.8125114463217509
2014-05-29,1492.659,1497.678,1483.809,1484.307,1429096700,-0.4993443968048461
2014-05-30,1485.102,1490.06,1478.002,1482.096,1360237400,-0.14895840281020645
2014-06-03,1482.439,1491.042,1476.741,1477.522,1304082000,-0.30861698567434814
2014-06-04,1478.2,1478.438,1459.528,1466.387,1365307400,-0.7536266803472302
2014-06-05,1465.536,1484.706,1463.038,1484.241,1276574100,1.2175503465319926
2014-06-06,1484.521,1484.521,1464.529,1472.268,1202046400,-0.8066749267807594
2014-06-09,1466.639,1489.768,1466.149,1475.347,1345680000,0.20913311978525417
2014-06-10,1479.865,1493.943,1474.196,1493.533,1896658400,1.2326591642508378
2014-06-11,1489.367,1493.128,1483.507,1488.764,1299223100,-0.3193099851158343
2014-06-12,1486.893,1490.008,1481.832,1483.861,1407643300,-0.32933359484779157
2014-06-13,1483.58,1509.021,1483.444,1502.961,2190008400,1.2871825595524022
2014-06-16,1503.662,1521.963,1501.335,1518.705,2403881600,1.0475321714934704
2014-06-17,1512.461,1512.461,1500.334,1501.939,1646147100,-1.103966866507966
2014-06-18,1501.194,1504.496,1493.716,1495.431,1552385600,-0.4333065457385432
2014-06-19,1496.659,1500.993,1473.667,1478.038,1693815600,-1.1630760630212955
2014-06-20,1475.937,1485.165,1474.436,1484.479,1338516100,0.4357804061871251
2014-06-23,1483.656,1489.313,1474.926,1475.76,1305632200,-0.5873441119746414
2014-06-24,1471.734,1481.15,1470.589,1480.128,1265998000,0.29598308668075113
2014-06-25,1477.093,1477.093,1466.396,1469.954,1171418900,-0.6873729839581455
2014-06-26,1471.646,1480.829,1471.607,1478.006,1303932200,0.5477722432130516
2014-06-27,1475.72,1480.817,1468.21,1473.756,1632084000,-0.2875495769300018
2014-06-30,1475.719,1486.955,1475.719,1482.405,1656844500,0.5868678397237925
2014-07-01,1486.792,1488.141,1476.392,1481.663,1519737700,-0.05005379771384488
2014-07-02,1481.331,1486.405,1476.581,1484.841,1672272500,0.21448871976961215
2014-07-03,1481.849,1492.102,1479.056,1489.545,1718850600,0.31680159693867616
2014-07-04,1489.816,1495.039,1489.465,1492.463,1584462000,0.1958987476041285
2014-07-07,1493.068,1497.718,1488.512,1492.836,1596980200,0.024992244363852834
2014-07-08,1491.721,1493.835,1484.126,1491.964,1372506900,-0.058412310528421774
2014-07-09,1490.945,1491.968,1474.869,1475.137,1872713400,-1.1278422267561372
2014-07-10,1475.177,1478.71,1468.734,1471.168,1657442800,-0.26905975512783176
2014-07-11,1462.349,1474.074,1460.906,1468.541,1821782800,-0.17856560229694285
2014-07-14,1468.692,1482.995,1466.407,1482.777,1982969200,0.9693975176723102
2014-07-15,1481.109,1487.2,1478.441,1484.662,2157233600,0.1271263312015325
2014-07-16,1482.327,1490.191,1480.595,1483.176,2454217600,-0.10009012152261132
2014-07-17,1479.121,1479.286,1468.382,1473.668,1648474100,-0.6410567592787353
2014-07-18,1466.577,1486.271,1464.753,1478.755,2090198000,0.34519308283820216
2014-07-21,1478.725,1483.619,1474.799,1479.837,1676029600,0.07316965961230437
2014-07-22,1476.225,1500.499,1475.597,1495.927,2484082800,1.0872819101022557
2014-07-23,1495.247,1512.367,1494.934,1506.755,2857820800,0.7238321121284752
2014-07-24,1508.981,1546.188,1508.981,1541.899,4431152800,2.332429625254262
2014-07-25,1546.521,1557.578,1541.296,1557.015,3120610400,0.9803495559696396
2014-07-28,1566.329,1617.476,1566.329,1609.477,6666410400,3.3693959274637697
2014-07-29,1610.913,1621.064,1601.977,1611.852,4680623200,0.147563463162248
2014-07-30,1606.717,1619.18,1598.264,1601.377,4433815600,-0.6498735615925066
2014-07-31,1602.67,1622.646,1597.269,1621.847,3474391600,1.2782748846773773
2014-08-01,1616.794,1639.319,1607.565,1607.974,4426750400,-0.8553827827162519
2014-08-04,1614.901,1644.958,1608.313,1644.634,4454097600,2.2798876101230547
2014-08-05,1644.234,1646.317,1622.029,1632.408,3319083200,-0.7433872825200027
2014-08-06,1624.028,1626.917,1602.993,1619.012,3283637200,-0.820628176289262
2014-08-07,1619.201,1623.004,1592.035,1593.419,3558256800,-1.5807788947827306
2014-08-08,1595.191,1600.798,1586.092,1595.662,2841162400,0.14076649016987464
2014-08-11,1601.305,1621.713,1600.682,1619.253,2772883600,1.4784459365454472
2014-08-12,1615.137,1615.137,1601.563,1607.91,2499988200,-0.7005081972983773
2014-08-13,1609.456,1619.185,1596.218,1610.139,3010419600,0.13862716196801905
2014-08-14,1610.39,1614.584,1595.17,1596.839,2794567200,-0.8260156421277864
2014-08-15,1598.522,1615.876,1593.222,1612.004,2740658800,0.9496887287948175
2014-08-18,1614.225,1623.901,1607.435,1613.127,2629049800,0.06966483954133906
2014-08-19,1614.392,1615.207,1598.064,1609.093,2840078400,-0.2500733048296788
2014-08-20,1605.504,1605.509,1596.96,1600.338,2410818200,-0.5440953381812053
2014-08-21,1599.551,1600.275,1576.318,1587.025,2727797600,-0.8318867639211192
2014-08-22,1585.11,1596.285,1583.607,1594.183,2395343600,0.45103259242922356
2014-08-25,1594.706,1595.44,1575.706,1577.425,2650126400,-1.0511967572104375
2014-08-26,1575.779,1584.146,1568.735,1573.391,2362160000,-0.25573323612849697
2014-08-27,1573.523,1578.689,1569.978,1572.791,1641932100,-0.03813419550513508
2014-08-28,1573.529,1580.68,1563.402,1563.889,2079015400,-0.56600018692885
2014-08-29,1570.395,1582.284,1565.522,1581.284,2201280000,1.112291217599215
2014-09-01,1582.023,1587.392,1576.219,1586.022,2213287200,0.299629921000899
2014-09-02,1588.619,1609.006,1581.135,1607.499,3468071200,1.3541426285385683
2014-09-03,1609.301,1628.185,1608.95,1624.032,3840963600,1.0284920861536984
2014-09-04,1626.913,1638.894,1621.241,1637.287,3270024800,0.8161784989458409
2014-09-05,1643.277,1657.605,1641.107,1656.237,4187043600,1.1574024590679688
2014-09-09,1657.61,1660.007,1642.44,1645.112,3066428000,-0.6717033854454435
2014-09-10,1637.485,1637.485,1626.107,1629.985,2930072200,-0.9195118630221044
2014-09-11,1627.959,1648.957,1619.482,1622.815,3645671200,-0.4398813486013564
2014-09-12,1619.05,1630.28,1614.535,1630.204,2846877000,0.45531992248037945
2014-09-15,1625.868,1626.053,1614.228,1624.068,3439118800,-0.3763946107358307
2014-09-16,1626.389,1629.686,1598.86,1600.916,5045413600,-1.4255560727752803
2014-09-17,1607.158,1609.532,1596.536,1604.916,2989564000,0.24985695689216936
2014-09-18,1601.496,1616.48,1596.715,1609.869,3347402000,0.30861428261665935
2014-09-19,1609.856,1623.244,1604.709,1619.581,3038953200,0.6032789003328931
2014-09-22,1613.814,1613.814,1580.973,1583.886,2997896800,-2.203965099615268
2014-09-23,1584.289,1598.649,1584.158,1595.642,2402464000,0.7422251348897735
2014-09-24,1589.345,1628.507,1586.696,1625.731,4533270400,1.8856986717571855
2014-09-25,1633.445,1636.22,1613.528,1618.524,3750253600,-0.44330827178666876
2014-09-26,1613.912,1618.322,1605.528,1616.088,2620004000,-0.15050749942540076
2014-09-29,1621.088,1627.186,1613.788,1621.816,3920492000,0.3544361445663835
2014-09-30,1623.041,1625.009,1615.073,1619.697,3337974400,-0.13065600536683597
2014-10-08,1625.258,1633.618,1614.504,1633.571,3878025200,0.856579965265114
2014-10-09,1633.541,1639.167,1624.221,1634.042,4035723200,0.02883253926520002
2014-10-10,1626.578,1630.368,1616.673,1621.713,3684314800,-0.7545093700161876
2014-10-13,1614.197,1614.197,1593.656,1605.986,3387618800,-0.9697770197315991
2014-10-14,1603.347,1614.978,1595.251,1600.299,3300689200,-0.3541126759511015
2014-10-15,1599.895,1615.31,1593.393,1612.772,3458331600,0.7794168464768214
2014-10-16,1602.383,1629.092,1599.159,1608.735,4969448800,-0.250314365576787
2014-10-17,1608.983,1616.374,1592.698,1608.516,4325261200,-0.013613180542459968
2014-10-20,1613.801,1615.394,1606.124,1612.402,2867398200,0.24158914179279734
2014-10-21,1612.095,1615.288,1599.861,1600.844,3036666200,-0.7168187585974262
2014-10-22,1602.451,1612.749,1596.14,1597.125,2928230800,-0.2323149538618452
2014-10-23,1595.819,1604.497,1584.616,1586.557,3397576800,-0.6616889723722319
2014-10-24,1587.907,1592.32,1580.711,1583.419,2688345200,-0.19778677980053505
2014-10-27,1572.886,1572.886,1556.545,1559.906,2473160000,-1.4849512352700156
2014-10-28,1562.748,1586.295,1562.748,1585.744,2757734800,1.6563818589068857
2014-10-29,1591.278,1616.055,1586.168,1608.402,4000484800,1.4288561079215834
2014-10-30,1607.482,1623.742,1602.553,1619.096,5007805600,0.6648835303611822
2014-10-31,1623.649,1665.465,1623.322,1657.286,8329494400,2.358723633434967
2014-11-03,1662.748,1664.432,1646.434,1651.052,5894742400,-0.37615716297609847
2014-11-04,1648.112,1650.808,1639.678,1645.624,5838929200,-0.32876008750784
2014-11-05,1645.291,1647.665,1632.716,1637.625,5181332800,-0.48607701394729474
2014-11-06,1639.926,1643.186,1625.986,1635.964,4019334400,-0.10142737195634188
2014-11-07,1637.139,1667.7,1633.028,1640.323,6729359200,0.2664484059551553
2014-11-10,1671.225,1689.054,1657.137,1689.024,8556244800,2.9689884248407017
2014-11-11,1701.224,1740.917,1693.245,1710.882,13375732800,1.2941201545981773
2014-11-12,1699.202,1731.33,1693.383,1731.021,6601756400,1.1771121561860998
2014-11-13,1734.169,1750.836,1720.73,1726.337,7996893600,-0.27059174903134586
2014-11-14,1719.583,1729.718,1706.835,1728.805,6124875600,0.14296165812353046
2014-11-17,1758.991,1758.991,1706.944,1708.096,5815895200,-1.1978794600894904
2014-11-18,1709.136,1709.278,1676.445,1679.423,5511740800,-1.6786527220952419
2014-11-19,1675.843,1681.974,1667.902,1671.654,4078235200,-0.46259935704108246
2014-11-20,1667.138,1683.607,1662.723,1676.598,3744084000,0.29575498278950896
2014-11-21,1676.395,1717.305,1669.184,1714.711,5364956800,2.27323425174073
2014-11-24,1729.27,1772.891,1722.709,1758.096,10498636800,2.5301639751538207
2014-11-25,1757.676,1780.56,1752.383,1777.673,7308158400,1.1135341869840998
2014-11-26,1786.933,1821.1,1786.564,1820.489,9344412800,2.408541953441379
2014-11-27,1834.245,1853.419,1825.345,1853.004,10847290400,1.7860585809636786
2014-11-28,1853.548,1915.808,1846.148,1914.44,16235843200,3.315481240191609
2014-12-01,1936.811,1968.907,1916.626,1920.38,15615121600,0.31027350034475987
2014-12-02,1910.374,2040.469,1909.369,2021.54,15326342400,5.267707432903901
2014-12-03,2031.132,2107.682,1999.73,2037.585,19169006400,0.7937018312771382
2014-12-04,2043.466,2161.388,2032.41,2160.66,17227108800,6.0402388121231665
2014-12-05,2201.819,2259.512,2115.42,2200.253,22531739200,1.8324493441818746
2014-12-08,2187.504,2317.555,2160.485,2298.849,19908190400,4.481121034717361
2014-12-09,2283.161,2402.133,2149.596,2182.693,26926672000,-5.052789461160778
2014-12-10,2198.843,2263.992,2111.882,2254.823,19002796800,3.3046333130678285
2014-12-11,2211.544,2269.487,2190.249,2193.542,14604793600,-2.7177742998009125
2014-12-12,2186.738,2250.566,2176.317,2193.287,11152881600,-0.011625033849371746
2014-12-15,2170.28,2208.658,2139.469,2201.536,10868732800,0.3761021699394629
2014-12-16,2205.882,2299.383,2195.504,2299.278,14817590400,4.439718451117747
2014-12-17,2326.846,2392.566,2307.184,2383.948,21136280000,3.6824603201526696
2014-12-18,2389.843,2413.676,2343.739,2364.041,15862150400,-0.8350433818187231
2014-12-19,2366.451,2408.484,2304.611,2390.28,15843819200,1.1099215284337216
2014-12-22,2393.044,2479.108,2375.907,2426.684,21815571200,1.523001489365261
2014-12-23,2392.614,2462.072,2360.718,2374.954,13594649600,-2.1317155426911816
2014-12-24,2381.409,2388.412,2238.654,2270.883,12359699200,-4.382021714946916
2014-12-25,2295.218,2360.215,2263.424,2359.655,12125972000,3.909140189080662
2014-12-26,2365.032,2471.045,2357.669,2464.819,15209288000,4.456753211804254
2014-12-29,2533.987,2557.381,2437.754,2481.663,18458166400,0.6833767509906385
2014-12-30,2481.084,2550.465,2464.429,2523.627,14946400000,1.6909628744918193
2014-12-31,2529.575,2590.091,2507.944,2581.567,15467580800,2.295901890414087
2015-01-05,2612.85,2678.443,2583.554,2649.639,18242556800,2.636848084903476
2015-01-06,2616.291,2691.489,2591.828,2629.402,17344000000,-0.7637644222477147
2015-01-07,2608.877,2668.839,2598.89,2635.231,12831772000,0.22168538701956564
2015-01-08,2647.817,2656.752,2551.816,2558.107,11836791200,-2.9266504530342963
2015-01-09,2554.286,2692.607,2540.342,2569.019,15620950400,0.4265654251366158
2015-01-12,2565.737,2596.268,2499.869,2543.852,11918358400,-0.9796346387473176
2015-01-13,2537.975,2567.62,2512.861,2527.828,7707908000,-0.6299108595940295
2015-01-14,2539.249,2569.451,2508.657,2534.23,8412231200,0.2532609022449339
2015-01-15,2534.766,2633.397,2516.612,2632.89,11192316800,3.8930957332207416
2015-01-16,2642.744,2685.306,2626.82,2653.034,13495118400,0.7650908317476279
2015-01-19,2448.927,2512.58,2399.435,2410.201,14016356800,-9.153030078016345
2015-01-20,2381.143,2439.251,2355.258,2403.724,13747664000,-0.2687327737396106
2015-01-21,2425.261,2553.696,2414.885,2542.318,14880048000,5.7658033950653165
2015-01-22,2546.701,2557.695,2504.066,2544.308,11370877600,0.07827502303014988
2015-01-23,2556.915,2612.931,2543.455,2564.514,12455135200,0.7941648573993376
2015-01-26,2563.91,2565.362,2528.076,2562.363,9597947200,-0.0838755413306469
2015-01-27,2570.432,2574.331,2473.808,2522.103,11654288000,-1.5712059532548617
2015-01-28,2497.05,2534.583,2476.277,2486.285,8635638400,-1.4201640456396936
2015-01-29,2444.395,2465.312,2419.988,2442.038,8140496800,-1.7796431221682063
2015-01-30,2456.054,2471.228,2400.628,2405.38,7659115200,-1.5011232421444642
2015-02-02,2337.196,2376.426,2329.151,2332.533,8467689600,-3.0285027729506475
2015-02-03,2362.413,2413.006,2335.107,2405.76,8227465600,3.139376806244565
2015-02-04,2412.754,2439.605,2370.569,2372.455,7753136000,-1.384385807395594
2015-02-05,2456.384,2456.569,2348.448,2348.921,11071324800,-0.9919682354354475
2015-02-06,2335.362,2366.331,2303.112,2325.241,7693111200,-1.0081224528198152
2015-02-09,2319.241,2392.822,2311.799,2366.766,7390338400,1.7858363928728194
2015-02-10,2363.159,2409.024,2355.136,2403.548,6886203200,1.5541037855030693
2015-02-11,2408.079,2423.348,2395.195,2415.128,5053898400,0.4817877570991058
2015-02-12,2415.139,2425.635,2384.493,2416.449,6066236000,0.05469689391204291
2015-02-13,2426.953,2464.076,2415.425,2427.474,8379348000,0.45624799033623376
2015-02-16,2427.168,2437.843,2413.604,2431.21,6260811600,0.15390484099933044
2015-02-17,2437.689,2464.524,2437.689,2445.26,6001057200,0.5779015387399777
2015-02-25,2448.199,2448.199,2395.527,2407.457,6398738400,-1.545970571636568
2015-02-26,2401.138,2482.443,2382.687,2478.061,9470706400,2.93272112440639
2015-02-27,2476.486,2498.697,2466.827,2474.595,8565192000,-0.13986742053566648
2015-03-02,2495.571,2498.716,2459.421,2479.237,8805252000,0.18758625148762587
2015-03-03,2462.003,2462.003,2395.83,2396.805,9127474400,-3.324893908892146
2015-03-04,2403.862,2416.219,2378.927,2397.993,6429528400,0.049565984717148126
2015-03-05,2379.732,2382.892,2344.947,2366.899,7777329600,-1.296667671673768
2015-03-06,2370.885,2393.739,2366.019,2371.623,6480420400,0.19958604063798902
2015-03-09,2352.223,2443.204,2321.265,2429.867,10619571200,2.4558709373285748
2015-03-10,2413.837,2424.151,2390.604,2395.428,7843558400,-1.417320371855757
2015-03-11,2401.261,2444.655,2399.54,2408.503,7007419200,0.5458314756277449
2015-03-12,2444.415,2505.633,2423.431,2485.114,12477820000,3.1808554940558453
2015-03-13,2494.345,2532.154,2477.396,2495.277,10420594400,0.40895508214109366
2015-03-16,2512.353,2551.445,2485.291,2550.861,10413208000,2.227568322074047
2015-03-17,2576.413,2586.431,2556.469,2583.198,13209204800,1.2676896153886785
2015-03-18,2595.739,2649.816,2592.264,2649.642,14795881600,2.572160554475489
2015-03-19,2649.002,2649.002,2613.765,2630.243,13359587200,-0.7321366433653997
2015-03-20,2642.798,2710.128,2617.065,2680.679,15375499200,1.9175414590971274
2015-03-23,2700.157,2724.644,2690.48,2720.671,14209193600,1.4918608307820325
2015-03-24,2719.506,2720.03,2649.621,2683.647,15361758400,-1.3608407631793717
2015-03-25,2674.352,2691.238,2626.659,2649.161,13227040000,-1.2850423323186644
2015-03-26,2637.527,2714.63,2621.451,2687.762,13344292800,1.4571028336896052
2015-03-27,2693.189,2715.007,2664.864,2689.24,11986937600,0.05498998795279153
2015-03-30,2716.431,2793.414,2704.798,2784.456,18138366400,3.540628579078109
2015-03-31,2826.634,2860.24,2744.927,2754.658,17583371200,-1.0701551757327232
2015-04-01,2758.962,2810.649,2751.372,2799.451,12528132000,1.626082076250479
2015-04-02,2821.214,2824.822,2746.302,2781.641,12218473600,-0.6361961684630324
2015-04-03,2771.03,2817.624,2764.347,2817.181,11296924800,1.2776630772986186
2015-04-07,2854.407,2889.859,2838.885,2889.452,16013944000,2.565365874610115
2015-04-08,2907.584,2960.653,2879.974,2952.079,17985384000,2.1674352091676896
2015-04-09,2973.811,3021.85,2914.695,2931.772,17676448000,-0.6878880951356692
2015-04-10,2925.926,2992.408,2911.463,2986.605,14121595200,1.8703023291033682
2015-04-13,3040.007,3059.775,3016.965,3041.125,16933958400,1.8254841199288219
2015-04-14,3057.407,3074.671,3013.312,3052.407,16230036800,0.3709811336265467
2015-04-15,3054.017,3119.484,3039.255,3053.304,17902593600,0.029386644703666143
2015-04-16,3045.851,3183.583,3033.248,3183.302,17196755200,4.257617322087803
2015-04-17,3251.977,3271.567,3216.206,3235.332,20765993600,1.634466349721131
2015-04-20,3267.851,3296.18,3146.84,3164.461,26597612800,-2.190532532673617
2015-04-21,3163.288,3214.893,3135.218,3214.364,18442769600,1.5769826204209858
2015-04-22,3219.696,3300.836,3204.437,3299.221,20173806400,2.639931258563122
2015-04-23,3311.071,3313.81,3245.762,3273.398,17713793600,-0.7826999161317127
2015-04-24,3226.384,3250.23,3161.972,3223.958,18513593600,-1.5103571273642924
2015-04-27,3257.97,3313.251,3257.97,3308.454,20026697600,2.6208778154057866
2015-04-28,3309.529,3370.025,3255.769,3282.33,26604286400,-0.7896135173709573
2015-04-29,3268.518,3304.707,3243.539,3283.282,14666628800,0.02900378694403738
2015-04-30,3290.581,3309.419,3249.246,3250.49,14628827200,-0.9987567318311519
2015-05-04,3250.125,3273.149,3204.306,3272.005,13327095200,0.6619002058151358
2015-05-05,3266.809,3270.962,3132.936,3148.813,17060777600,-3.7650309214075195
2015-05-06,3175.886,3244.596,3110.111,3139.02,14799113600,-0.3110060838798612
2015-05-07,3116.788,3142.137,3093.732,3094.883,10944092800,-1.4060757816133806
2015-05-08,3126.002,3138.661,3045.01,3110.455,10327816800,0.503153107888088
2015-05-11,3112.241,3169.867,3075.201,3169.134,13376665600,1.8865085654671043
2015-05-12,3162.671,3200.184,3136.458,3188.313,13081305600,0.6051810999471829
2015-05-13,3188.061,3188.961,3122.337,3141.296,11730550400,-1.474667010422137
2015-05-14,3136.128,3153.748,3107.681,3128.572,10533870400,-0.4050557476913852
2015-05-15,3122.894,3124.605,3044.854,3060.411,10999319200,-2.17866170252754
2015-05-18,3032.708,3045.586,2997.129,2998.389,8704172800,-2.026590546171736
2015-05-19,2996.841,3127.001,2996.716,3116.086,11120662400,3.9253412415800604
2015-05-20,3127.566,3181.54,3105.626,3122.85,12455732800,0.21706717978899892
2015-05-21,3132.335,3156.488,3110.999,3150.901,9475578400,0.8982499959972357
2015-05-22,3180.39,3249.516,3170.453,3248.855,15002110400,3.108761589145459
2015-05-25,3263.96,3350.518,3263.96,3349.945,15858571200,3.111557764196937
2015-05-26,3382.76,3390.287,3320.154,3386.593,14789468800,1.0939881102525417
2015-05-27,3390.981,3404.756,3327.241,3344.738,14747054400,-1.235902867572214
2015-05-28,3336.7,3350.218,3120.973,3124.621,17825520000,-6.5809937878542275
2015-05-29,3127.636,3161.58,3036.957,3111.334,13378440000,-0.42523557257024835
2015-06-01,3114.793,3250.605,3082.163,3244.319,14102337600,4.274211640408909
2015-06-02,3240.796,3269.216,3201.224,3258.31,13480052800,0.4312461259204259
2015-06-03,3251.909,3259.706,3193.544,3238.428,12830697600,-0.6101936279850562
2015-06-04,3244.459,3316.501,3113.222,3299.03,18456793600,1.8713400452318396
2015-06-05,3349.573,3365.59,3234.246,3303.988,18814564800,0.15028659939435585
2015-06-08,3333.833,3469.216,3308.296,3458.707,24825404800,4.6827954580948905
2015-06-09,3494.823,3494.823,3376.025,3413.996,22044856000,-1.2927085179519349
2015-06-10,3362.807,3415.276,3338.684,3370.383,15529468800,-1.2774765992696002
2015-06-11,3368.999,3383.488,3313.59,3347.116,13807385600,-0.6903369735724363
2015-06-12,3364.443,3374.815,3319.2,3350.248,14526225600,0.09357309397104441
2015-06-15,3359.707,3366.839,3254.619,3262.479,16732256000,-2.619776207612101
2015-06-16,3233.147,3275.474,3149.083,3179.652,15596990400,-2.5387749622296396
2015-06-17,3198.143,3222.438,3144.488,3211.707,15957156800,1.0081291914964208
2015-06-18,3183.229,3183.229,3067.485,3068.488,13734504000,-4.459279753725975
2015-06-19,3030.224,3067.817,2900.791,2903.057,13178392000,-5.3912871746606195
2015-06-23,2907.075,3007.626,2822.471,3003.163,13561764800,3.4482960548139596
2015-06-24,3009.769,3052.113,2962.647,3045.244,14158588800,1.4012226442587483
2015-06-25,3069.4,3082.558,2929.107,2943.99,16015830400,-3.324988079772928
2015-06-26,2875.122,2953.959,2678.769,2736.695,18335580800,-7.041294297874645
2015-06-29,2802.772,2822.113,2530.83,2678.368,21201872000,-2.1312934031742725
2015-06-30,2678.634,2872.508,2628.004,2870.025,21959230400,7.155738121124511
2015-07-01,2823.944,2872.907,2721.476,2736.847,16995769600,-4.640308011254257
2015-07-02,2767.986,2805.667,2611.863,2714.247,20904576000,-0.825767753915374
2015-07-03,2674.557,2738.658,2511.165,2582.266,18436192000,-4.862527249730764
2015-07-06,2807.754,2807.754,2649.558,2749.998,34483427200,6.495535316655987
2015-07-07,2682.501,2825.486,2612.115,2812.446,35031478400,2.270838015154908
2015-07-08,2596.712,2760.522,2546.462,2608.977,37745939200,-7.2345922375043
2015-07-09,2575.343,2828.752,2493.644,2781.077,27117676800,6.596455238969168
2015-07-10,2749.12,2997.597,2717.712,2898.41,29625184000,4.218977036594085
2015-07-13,2855.7,2949.197,2805.913,2869.051,23334105600,-1.0129346779786164
2015-07-14,2821.971,2843.248,2717.031,2763.073,19436841600,-3.693834651248795
2015-07-15,2725.924,2779.948,2665.95,2757.951,18594803200,-0.18537331442202154
2015-07-16,2754.829,2779.997,2708.715,2742.847,13524616000,-0.5476529495991755
2015-07-17,2756.866,2834.179,2723.739,2807.065,13024111200,2.3412899078949723
2015-07-20,2798.56,2815.701,2766.943,2783.761,13086249600,-0.83019096458401
2015-07-21,2757.66,2799.815,2743.155,2772.774,11582657600,-0.3946818710370614
2015-07-22,2757.284,2770.996,2721.354,2739.786,10665452800,-1.189711097983459
2015-07-23,2741.424,2796.368,2736.375,2790.764,11358204000,1.86065627023424
2015-07-24,2794.054,2807.62,2735.299,2741.044,12392891200,-1.7815909908541316
2015-07-27,2698.798,2715.359,2491.119,2493.29,13664510400,-9.038672856035868
2015-07-28,2427.028,2531.231,2400.866,2485.674,14033884800,-0.30545985424880184
2015-07-29,2496.895,2535.602,2459.082,2531.445,9307815200,1.8413919122137523
2015-07-30,2525.084,2548.27,2459.924,2467.367,8694982400,-2.5312815407800726
2015-07-31,2452.047,2490.659,2432.494,2461.24,7472537600,-0.2483213887516711
2015-08-03,2433.242,2479.951,2419.85,2479.724,8807340800,0.7510035591815623
2015-08-04,2476.158,2535.28,2462.73,2534.711,6603231600,2.2174645242776903
2015-08-05,2529.133,2537.354,2485.598,2487.062,6288967200,-1.8798592817879434
2015-08-06,2452.528,2505.534,2446.959,2467.525,4780004800,-0.7855453543176516
2015-08-07,2489.805,2520.038,2479.246,2503.796,5756324000,1.4699344484858212
2015-08-10,2527.616,2626.358,2517.947,2617.659,10962661600,4.547614901533525
2015-08-11,2612.948,2623.837,2578.649,2590.71,9958425600,-1.0295076631448241
2015-08-12,2562.681,2598.508,2557.26,2561.127,7535252800,-1.141887745058312
2015-08-13,2562.874,2585.923,2522.352,2580.778,7008074400,0.7672794047308029
2015-08-14,2588.432,2592.17,2565.592,2577.038,7294156800,-0.14491754036960458
2015-08-17,2560.371,2561.963,2524.128,2550.467,7113381600,-1.0310674503053452
2015-08-18,2554.076,2572.213,2405.828,2407.967,10124871200,-5.587212067437064
2015-08-19,2379.209,2431.611,2326.236,2430.281,9048532000,0.9266738290018006
2015-08-20,2406.57,2421.026,2356.334,2356.917,6834685600,-3.0187455689280385
2015-08-21,2336.45,2362.844,2261.307,2271.359,7846755200,-3.6300811611100436
2015-08-24,2195.457,2203.634,2046.845,2058.252,11542038400,-9.38235655393973
2015-08-25,1947.145,2044.559,1890.379,1914.052,11856957600,-7.0059448502904464
2015-08-26,1930.201,2028.402,1874.216,1942.45,12411179200,1.4836587511729116
2015-08-27,1989.586,2095.456,1957.736,2094.722,11658547200,7.839172179464082
2015-08-28,2120.358,2167.898,2097.776,2159.958,11529985600,3.1143034732055153
2015-08-31,2135.603,2214.105,2071.406,2210.447,11719305600,2.3374991550761726
2015-09-01,2155.956,2239.458,2103.479,2230.321,15831033600,0.8990941651168205
2015-09-02,2143.244,2248.766,2137.193,2243.631,16606144000,0.5967750830485841
2015-09-07,2215.176,2247.441,2127.479,2133.978,8567205600,-4.887300986659559
2015-09-08,2115.896,2185.404,2084.03,2180.131,6198041600,2.1627683134502584
2015-09-09,2186.371,2225.269,2175.77,2211.2,7696297600,1.4250978496246347
2015-09-10,2183.606,2218.137,2175.366,2208.481,5303532000,-0.12296490593340925
2015-09-11,2199.585,2218.822,2180.235,2195.391,3622196800,-0.5927150833536787
2015-09-14,2205.705,2228.957,2126.288,2228.154,8478536000,1.4923537538415577
2015-09-15,2179.239,2188.357,2142.02,2175.173,5548432800,-2.3777979439482344
2015-09-16,2161.01,2277.583,2142.2,2241.949,5602654800,3.0699167376571967
2015-09-17,2223.403,2260.85,2194.028,2194.823,5584288800,-2.102010349031147
2015-09-18,2204.578,2226.751,2192.266,2198.99,3607430000,0.1898558562581032
2015-09-21,2185.077,2220.024,2176.658,2214.448,3690151200,0.7029590857621004
2015-09-22,2217.779,2259.071,2210.494,2237.314,4256376800,1.032582386219949
2015-09-23,2208.252,2219.241,2174.92,2178.546,3423454800,-2.6267211486630804
2015-09-24,2190.31,2198.492,2170.678,2188.088,2507485200,0.4379985549995524
2015-09-25,2180.287,2191.36,2150.018,2183.404,3599200800,-0.21406817276088397
2015-09-28,2169.152,2175.97,2145.75,2169.941,2026861800,-0.6166059968746085
2015-09-29,2139.797,2145.987,2114.301,2127.203,2548256000,-1.9695466374431314
2015-09-30,2138.148,2161.712,2133.879,2146.118,2502692400,0.8891958125294197
2015-10-08,2231.025,2231.242,2189.988,2191.343,3925563200,2.1072932616007067
2015-10-09,2202.134,2226.423,2195.158,2219.294,3313522200,1.2755191679257871
2015-10-12,2223.325,2308.189,2220.632,2283.429,6235454400,2.8898829988275754
2015-10-13,2268.759,2282.041,2259.267,2270.948,3690453600,-0.546590237752087
2015-10-14,2263.592,2284.62,2252.381,2253.908,4196146400,-0.7503474319975556
2015-10-15,2254.403,2297.956,2252.33,2297.901,4694218800,1.9518542904146896
2015-10-16,2310.354,2328.304,2301.487,2323.775,6016847600,1.1259841046241892
2015-10-19,2329.396,2346.346,2303.165,2318.472,5322538000,-0.22820625921183835
2015-10-20,2312.531,2337.798,2297.755,2337.08,4669890400,0.8025975728841894
2015-10-21,2338.714,2369.371,2268.823,2340.36,9767172000,0.1403460728772732
2015-10-22,2306.067,2337.401,2297.05,2331.791,5465178000,-0.3661402519270496
2015-10-23,2334.542,2350.119,2319.775,2343.965,4885481200,0.5220879572826131
2015-10-26,2366.838,2381.713,2340.496,2350.02,5279820800,0.25832296983956393
2015-10-27,2343.872,2353.648,2302.093,2349.904,4664322000,-0.004936128203159029
2015-10-28,2338.386,2342.453,2308.545,2310.703,4093916000,-1.6681958071478653
2015-10-29,2317.48,2323.451,2301.367,2307.345,2925758000,-0.145323739139136
2015-10-30,2307.759,2336.039,2298.974,2312.974,3717355600,0.2439600493207683
2015-11-02,2291.252,2310.828,2279.469,2280.092,3309899400,-1.4216329279965967
2015-11-03,2283.802,2294.415,2265.673,2271.653,2731711800,-0.3701166444161186
2015-11-04,2277.2,2374.019,2277.2,2370.503,6200030800,4.351456846622281
2015-11-05,2368.608,2503.65,2365.854,2440.651,14874521600,2.9592031733349344
2015-11-06,2430.65,2501.403,2427.284,2493.484,10219929600,2.164709333698256
2015-11-09,2501.725,2592.194,2501.725,2534.084,13319084000,1.6282438547831068
2015-11-10,2504.253,2559.828,2498.457,2522.683,9087222400,-0.4499061593853937
2015-11-11,2516.346,2517.506,2474.043,2505.83,6608939600,-0.6680585709738396
2015-11-12,2513.107,2513.701,2466.291,2476.429,5839126000,-1.1733038554091801
2015-11-13,2454.178,2481.175,2444.203,2447.773,5593073600,-1.1571500737553975
2015-11-16,2410.039,2447.5,2407.943,2447.293,4234411200,-0.01960966151681731
2015-11-17,2462.217,2514.463,2449.741,2453.257,6824470400,0.243697832666534
2015-11-18,2455.576,2473.447,2433.456,2439.447,5987262400,-0.5629251236213717
2015-11-19,2444.878,2469.007,2436.899,2468.488,4194923200,1.190474726444135
2015-11-20,2469.699,2483.891,2458.779,2466.757,4809942400,-0.0701238977057872
2015-11-23,2465.811,2485.415,2451.548,2456.84,4409032800,-0.4020258177031555
2015-11-24,2449.973,2452.352,2421.392,2447.904,4095241600,-0.36371924911675624
2015-11-25,2441.728,2460.184,2430.35,2459.563,4260290000,0.4762850177131073
2015-11-26,2468.519,2481.39,2450.095,2450.962,4493662800,-0.3496962671824311
2015-11-27,2438.179,2439.699,2320.066,2334.44,5595359600,-4.754133275016093
2015-11-30,2325.071,2347.844,2280.683,2336.29,5256162800,0.07924812803070669
2015-12-01,2334.143,2365.149,2314.793,2344.833,4193491200,0.36566522135523805
2015-12-02,2341.425,2463.905,2337.027,2458.411,8167693600,4.843756463679938
2015-12-03,2441.906,2481.537,2422.559,2461.449,8174400000,0.12357575686083866
2015-12-04,2438.386,2442.248,2392.884,2397.562,4783854000,-2.5955037053377983
2015-12-07,2398.088,2404.912,2379.546,2395.584,2917439600,-0.08250047339756206
2015-12-08,2381.675,2386.277,2356.93,2364.344,3381369600,-1.304066148379679
2015-12-09,2357.876,2386.281,2356.939,2369.738,2842059200,0.2281393908838858
2015-12-10,2369.588,2402.688,2353.217,2357.209,3199761800,-0.5287082369443419
2015-12-11,2346.863,2357.08,2324.625,2342.453,3159044800,-0.625994555425502
2015-12-14,2319.198,2418.564,2316.902,2414.917,4748665200,3.093509240100012
2015-12-15,2408.153,2410.086,2377.066,2383.832,3460835200,-1.2872078005165433
2015-12-16,2389.252,2394.171,2371.428,2376.535,2849092400,-0.30610378583725284
2015-12-17,2391.402,2424.904,2386.088,2408.321,4403512000,1.3374934516007464
2015-12-18,2405.857,2466.346,2404.152,2422.835,5396733600,0.6026605257355655
2015-12-21,2415.63,2513.486,2414.838,2500.064,7367108800,3.187546820150766
2015-12-22,2499.658,2506.87,2477.667,2496.054,5124880300,-0.16039589386510622
2015-12-23,2497.366,2550.899,2492.425,2503.059,6818885600,0.28064296685890167
2015-12-24,2498.768,2505.703,2451.45,2481.754,4830384000,-0.8511585224319607
2015-12-25,2483.657,2496.838,2474.327,2492.336,2962302400,0.42639197922114125
2015-12-28,2498.781,2502.333,2411.209,2411.408,4820059100,-3.247074230761815
2015-12-29,2408.925,2435.621,2405.17,2432.88,2759730600,0.8904341364049717
2015-12-30,2432.183,2434.521,2399.92,2432.773,2842066200,-0.0043980796422316
2015-12-31,2426.811,2437.716,2409.757,2420.801,2997272200,-0.49211332088937576
2016-01-04,2417.025,2417.025,2269.967,2270.461,3462085100,-6.210341122628426
2016-01-05,2230.08,2309.594,2223.052,2288.113,4807596200,0.777463255259625
2016-01-06,2284.923,2321.169,2274.468,2317.647,3808882000,1.2907579302245953
2016-01-07,2281.881,2281.934,2171.315,2180.589,1108157500,-5.91367020085457
2016-01-08,2225.475,2257.41,2154.582,2219.612,5152593100,1.789562361362007
2016-01-11,2182.846,2202.323,2119.702,2120.234,4848350500,-4.477269000167605
2016-01-12,2135.939,2151.399,2115.365,2131.368,3514437400,0.5251307167039032
2016-01-13,2152.717,2157.508,2104.931,2105.507,3202494400,-1.2133521756918508
2016-01-14,2056.408,2136.063,2052.296,2132.076,3663096500,1.261881342593485
2016-01-15,2119.562,2128.948,2058.697,2070.928,3464162300,-2.8680028291674486
2016-01-18,2040.406,2092.402,2039.051,2069.275,2680609500,-0.07981928874397637
2016-01-19,2075.186,2135.362,2060.281,2128.574,3722216800,2.8656896739196025
2016-01-20,2115.126,2124.151,2076.165,2088.723,3922114500,-1.8721923691635833
2016-01-21,2069.386,2112.734,2040.527,2040.978,3435451500,-2.285846423867588
2016-01-22,2062.626,2074.166,2026.27,2061.962,2706519600,1.0281345511808482
2016-01-25,2067.563,2074.895,2049.254,2065.444,2174107400,0.16886829146220972
2016-01-26,2046.04,2050.446,1944.906,1951.614,3775143700,-5.511163701363964
2016-01-27,1961.399,1972.164,1908.038,1953.465,3930266400,0.09484457479809194
2016-01-28,1943.826,1960.946,1900.352,1912.721,2971655300,-2.085729716171003
2016-01-29,1915.127,1986.721,1914.396,1973.005,3824287700,3.1517403740535244
2016-02-01,1970.214,1973.1,1917.24,1937.073,2733516000,-1.8211813958910361
2016-02-02,1935.216,1978.286,1934.907,1969.616,2615654000,1.680008961975088
2016-02-03,1947.833,1955.089,1929.815,1952.367,2197008000,-0.8757544617834179
2016-02-04,1962.866,1983.252,1960.13,1974.236,2502030500,1.120127517008851
2016-02-05,1970.688,1979.391,1962.233,1967.26,2045579500,-0.3533518789040513
2016-02-15,1916.424,1958.22,1914.494,1948.275,1889323100,-0.9650478330266443
2016-02-16,1957.915,2005.416,1957.536,2000.903,3060729100,2.7012613722395384
2016-02-17,1997.679,2020.084,1993.895,2014.443,3437354800,0.6766944724456936
2016-02-18,2022.55,2034.161,2007.216,2009.273,3093860700,-0.25664662638754665
2016-02-19,2005.413,2013.781,1993.046,2004.107,2163929000,-0.2571079191329373
2016-02-22,2025.18,2064.61,2016.364,2053.863,3905928400,2.4827017719113664
2016-02-23,2051.567,2051.567,2013.981,2029.522,2687619100,-1.1851326013468277
2016-02-24,2020.592,2041.883,2009.349,2041.388,2622891700,0.5846696906956383
2016-02-25,2038.16,2038.181,1925.195,1932.602,4245956300,-5.329021234571762
2016-02-26,1946.961,1965.915,1929.999,1955.395,2630676400,1.1793944123001054
2016-02-29,1951.676,1953.318,1891.098,1944.611,3916158300,-0.551499824843571
2016-03-01,1944.562,1988.567,1931.98,1973.194,2959585900,1.4698569533958095
2016-03-02,1980.462,2045.825,1979.174,2043.407,5097880200,3.558342464045605
2016-03-03,2043.374,2057.163,2031.536,2053.273,4547667100,0.48282109242065996
2016-03-04,2045.115,2128.569,2040.083,2122.269,8595312600,3.3602935410926627
2016-03-07,2122.552,2133.557,2097.777,2107.673,4005873200,-0.6877544741029529
2016-03-08,2102.248,2118.042,2037.294,2115.158,3900335500,0.3551309904335387
2016-03-09,2073.272,2112.859,2053.837,2111.919,3808329000,-0.15313276833219813
2016-03-10,2089.861,2102.986,2060.064,2061.451,2087298100,-2.389674982799994
2016-03-11,2043.25,2071.091,2039.585,2070.724,2444346100,0.449828785646611
2016-03-14,2079.907,2117.831,2071.122,2078.41,3511461700,0.3711745263975219
2016-03-15,2077.508,2105.038,2055.323,2101.117,3464713100,1.0925178381551381
2016-03-16,2087.279,2142.16,2084.767,2136.128,6038157700,1.6663041610724294
2016-03-17,2135.059,2156.891,2113.436,2131.481,3807790200,-0.21754314348203518
2016-03-18,2140.267,2165.147,2131.383,2141.177,6225762400,0.4548949767790633
2016-03-21,2156.951,2214.643,2154.486,2193.385,7826466500,2.438285111413019
2016-03-22,2181.985,2196.368,2167.43,2173.256,5053124500,-0.9177139444283777
2016-03-23,2170.163,2186.02,2159.456,2175.283,3524766400,0.0932701899822197
2016-03-24,2161.171,2161.171,2137.19,2137.59,3387992700,-1.7327860328977818
2016-03-25,2137.154,2156.804,2135.528,2149.204,2278104900,0.5433221525175558
2016-03-28,2152.807,2166.922,2116.98,2123.035,2590590600,-1.2176135908922747
2016-03-29,2127.804,2133.809,2100.919,2106.862,2565460400,-0.7617867816592683
2016-03-30,2124.531,2160.497,2124.089,2157.53,3563382900,2.4049035959640586
2016-03-31,2166.421,2171.793,2149.244,2156.541,3228183700,-0.04583945530305389
2016-04-01,2156.776,2168.333,2124.126,2167.782,3490389800,0.521251392855504
2016-04-05,2151.369,2186.917,2147.088,2180.262,3887452100,0.5757036454772768
2016-04-06,2167.449,2176.901,2156.515,2168.037,2834967800,-0.5607124281393872
2016-04-07,2174.883,2177.122,2138.328,2139.404,2583304400,-1.3206877926898786
2016-04-08,2125.449,2132.728,2114.265,2123.804,2282274700,-0.7291750412731779
2016-04-11,2140.564,2167.647,2140.564,2148.439,3021250400,1.159946963090741
2016-04-12,2147.811,2150.571,2135.289,2143.896,1939219800,-0.2114558523653498
2016-04-13,2157.212,2197.743,2157.212,2171.315,5111446800,1.2789333064663566
2016-04-14,2183.121,2190.871,2166.634,2178.868,2487885600,0.34785371998073966
2016-04-15,2182.114,2190.73,2172.97,2182.067,2381886000,0.146819357574679
2016-04-18,2166.003,2168.897,2154.381,2158.23,2441091800,-1.092404587026885
2016-04-19,2169.894,2173.086,2156.183,2163.607,1839065000,0.24913934103407698
2016-04-20,2166.284,2169.65,2093.818,2154.886,4756525800,-0.40307689890076714
2016-04-21,2138.287,2171.451,2129.912,2147.718,3062895100,-0.33263940644656653
2016-04-22,2135.919,2161.798,2133.81,2157.724,2019856900,0.46588984214874785
2016-04-25,2149.25,2156.53,2130.303,2148.28,1715607100,-0.43768341085328455
2016-04-26,2146.413,2163.24,2140.575,2155.791,1544429000,0.3496285400413246
2016-04-27,2157.859,2159.125,2143.898,2145.38,1452080100,-0.4829317869867733
2016-04-28,2149.065,2155.569,2131.86,2142.057,1735810600,-0.15489097502542348
2016-04-29,2136.844,2146.324,2134.19,2135.509,1594853800,-0.3056874770372531
2016-05-03,2136.198,2167.726,2131.383,2158.272,2581521500,1.0659285444360123
2016-05-04,2152.434,2159.647,2147.76,2152.934,1742689300,-0.24732749162291734
2016-05-05,2149.466,2155.471,2145.107,2152.882,1477745200,-0.0024153085974809585
2016-05-06,2152.502,2153.873,2106.444,2107.009,2464227500,-2.13077168186645
2016-05-09,2100.643,2100.643,2064.686,2072.467,2402225300,-1.6393854985906509
2016-05-10,2061.989,2084.697,2061.989,2072.382,1716574600,-0.004101392205524412
2016-05-11,2078.287,2089.117,2068.65,2078.413,1805863300,0.2910177756803467
2016-05-12,2067.747,2089.649,2055.511,2084.838,1792753000,0.3091300910839312
2016-05-13,2079.645,2089.835,2072.26,2076.188,1528786900,-0.4149003423767228
2016-05-16,2068.924,2082.865,2064.679,2082.616,1357924400,0.3096058738418561
2016-05-17,2081.569,2083.853,2069.273,2075.465,1485096300,-0.34336622785956505
2016-05-18,2067.716,2081.851,2053.716,2078.759,2303711200,0.15871142129595395
2016-05-19,2072.367,2083.132,2069.903,2073.804,1405000600,-0.23836336968354743
2016-05-20,2067.464,2083.512,2064.442,2083.117,1389017200,0.44907811924368435
2016-05-23,2082.972,2095.169,2077.937,2082.412,1447921100,-0.03384351431054977
2016-05-24,2080.014,2080.069,2062.498,2066.643,1310444300,-0.7572468848623504
2016-05-25,2079.482,2084.134,2068.681,2071.907,1128499700,0.25471259428939685
2016-05-26,2070.237,2083.057,2062.17,2076.137,1312651200,0.20415974269114567
2016-05-27,2075.207,2080.489,2069.518,2074.92,1057749200,-0.05861848230632738
2016-05-30,2076.933,2093.774,2065.635,2092.161,1771438500,0.8309236018738009
2016-05-31,2092.216,2158.122,2092.216,2155.656,4065174200,3.0349002777510847
2016-06-01,2155.504,2158.715,2138.557,2138.963,2547332400,-0.7743814411946826
2016-06-02,2138.208,2144.319,2129.941,2137.652,1635666600,-0.06129138278689883
2016-06-03,2146.557,2157.068,2135.533,2152.637,2052615200,0.7010027824921883
2016-06-06,2148.963,2151.059,2131.918,2136.323,1365883700,-0.7578611721344664
2016-06-07,2141.652,2145.714,2134.606,2139.069,1406849100,0.12853861518131726
2016-06-08,2137.181,2138.847,2124.836,2132.963,1640579100,-0.2854512874526094
2016-06-13,2113.912,2122.46,2083.288,2084.3,2102877100,-2.281474174657505
2016-06-14,2080.903,2098.064,2079.395,2095.023,1535492400,0.514465288106325
2016-06-15,2073.469,2115.376,2073.098,2106.631,1954992500,0.5540750626603863
2016-06-16,2095.362,2105.253,2091.49,2094.815,1796886100,-0.5608955721243869
2016-06-17,2093.692,2115.417,2093.692,2102.201,1784608200,0.3525848344603233
2016-06-20,2109.567,2110.886,2092.829,2104.22,1209116000,0.09604219577479256
2016-06-21,2108.866,2130.9,2100.061,2104.558,1769990500,0.016062959196294635
2016-06-22,2101.054,2116.297,2098.632,2115.769,1354873300,0.5327009281758777
2016-06-23,2114.774,2114.774,2098.358,2105.532,1528234500,-0.48384299042095735
2016-06-24,2099.998,2112.609,2052.984,2076.3,2260783000,-1.3883427086361033
2016-06-27,2070.941,2096.199,2070.824,2095.893,1648846700,0.9436497615951334
2016-06-28,2089.348,2104.479,2084.181,2102.053,1758820600,0.2939081336690297
2016-06-29,2105.763,2124.293,2104.234,2122.97,2945572600,0.9950748149547106
2016-06-30,2123.867,2130.978,2120.408,2122.633,2035451700,-0.015873987856629412
2016-07-01,2124.4,2133.35,2122.865,2127.094,1613280400,0.2101635091888321
2016-07-04,2121.897,2169.62,2120.493,2163.292,3086203100,1.7017583614076237
2016-07-05,2162.094,2174.424,2159.9,2168.855,3230772800,0.2571543739818827
2016-07-06,2161.577,2169.464,2149.036,2167.101,2453844900,-0.08087216526692087
2016-07-07,2161.359,2173.705,2153.773,2166.884,2697771000,-0.010013377318363048
2016-07-08,2156.385,2158.771,2147.14,2148.761,1935878900,-0.8363622602778897
2016-07-11,2152.739,2175.244,2150.37,2155.716,2860924500,0.3236748991628069
2016-07-12,2156.631,2201.629,2156.592,2200.348,4025373300,2.070402594775933
2016-07-13,2195.981,2222.252,2191.586,2197.788,4327979700,-0.1163452326631953
2016-07-14,2195.338,2199.84,2184.495,2195.227,2415254300,-0.11652625275959672
2016-07-15,2196.954,2200.876,2186.365,2192.394,2158522700,-0.12905271299961107
2016-07-18,2190.469,2205.795,2184.053,2187.983,2952718000,-0.20119558801928727
2016-07-19,2188.8,2193.572,2163.315,2175.397,2180913500,-0.5752329885561402
2016-07-20,2173.546,2177.995,2163.109,2167.121,1456192600,-0.3804363065683991
2016-07-21,2168.476,2185.616,2168.476,2177.778,1804675400,0.4917584205035075
2016-07-22,2175.975,2177.436,2154.357,2157.232,1838919000,-0.9434386792409377
2016-07-25,2155.324,2167.509,2152.089,2159.554,1452814400,0.10763793602173166
2016-07-26,2156.813,2183.06,2156.774,2182.505,1840605100,1.06276573774029
2016-07-27,2182.72,2186.083,2125.266,2173.973,3793480600,-0.39092693945719237
2016-07-28,2160.163,2173.082,2153.891,2163.809,2587542300,-0.46753110549210275
2016-07-29,2163.641,2166.849,2151.927,2155.239,1871473000,-0.39606083531402714
2016-08-01,2151.542,2155.79,2136.113,2147.558,2015539600,-0.3563873890552349
2016-08-02,2145.821,2151.292,2138.19,2148.455,1259211100,0.04176837133151867
2016-08-03,2140.153,2149.895,2136.605,2145.788,1530689300,-0.12413571613089092
2016-08-04,2145.658,2146.598,2130.175,2143.844,1495566300,-0.09059608870960467
2016-08-05,2142.335,2159.138,2137.312,2148.682,1616443400,0.22566940504997746
2016-08-08,2147.696,2159.952,2137.517,2159.673,1677574000,0.5115228777455183
2016-08-09,2159.31,2176.696,2157.764,2175.345,2282474500,0.7256654132361762
2016-08-10,2175.134,2179.612,2169.13,2170.103,1739101900,-0.2409732709064416
2016-08-11,2168.133,2205.876,2168.133,2177.064,2658516600,0.32076818473592006
2016-08-12,2177.802,2222.69,2175.854,2222.488,3443001200,2.0864797727581763
2016-08-15,2227.079,2310.277,2225.622,2287.656,6374530800,2.9322093077667866
2016-08-16,2293.811,2302.331,2253.415,2257.699,6124943400,-1.3095063243774407
2016-08-17,2260.926,2270.371,2241.943,2253.736,3084886600,-0.175532699443115
2016-08-18,2253.117,2274.455,2235.046,2244.72,3388044800,-0.4000468555323322
2016-08-19,2241.673,2254.49,2230.33,2249.342,2890069300,0.20590541359279957
2016-08-22,2249.08,2253.595,2235.012,2237.128,2619306000,-0.5430032427260922
2016-08-23,2235.391,2256.328,2232.444,2241.952,2302390300,0.2156336159576
2016-08-24,2242.909,2244.879,2227.556,2232.213,1812178700,-0.43439823867772454
2016-08-25,2224.513,2225.999,2205.011,2222.152,2181910400,-0.4507186366175642
2016-08-26,2223.307,2232.294,2215.625,2219.308,1643096500,-0.12798404429580357
2016-08-29,2219.02,2220.127,2205.122,2214.259,1985201200,-0.22750334789042315
2016-08-30,2215.84,2229.834,2215.686,2224.062,1984669200,0.4427214702525717
2016-08-31,2222.02,2237.659,2218.652,2232.712,1695555200,0.3889280065034306
2016-09-01,2230.363,2235.649,2219.254,2220.403,1902822400,-0.5513026310603464
2016-09-02,2216.288,2231.455,2215.644,2229.893,2040602300,0.42739989092070996
2016-09-05,2230.412,2240.494,2224.933,2228.718,1781345200,-0.05269311128381915
2016-09-06,2227.439,2241.525,2217.477,2232.451,2125477100,0.1674953942131907
2016-09-07,2233.034,2246.372,2230.578,2236.546,2209767100,0.18343067776178668
2016-09-08,2234.946,2239.168,2230.817,2236.626,1417115700,0.003576944091476797
2016-09-09,2236.39,2241.61,2228.661,2229.31,1741151300,-0.3270998369866107
2016-09-12,2201.676,2202.905,2175.333,2199.976,3454689100,-1.3158331501675335
2016-09-13,2197.379,2199.24,2185.822,2193.193,1496892400,-0.30832154532594025
2016-09-14,2184.111,2187.954,2172.397,2176.523,1816965700,-0.7600790263328383
2016-09-19,2178.76,2191.215,2178.76,2189.461,1413566500,0.5944343340272384
2016-09-20,2190.097,2190.717,2181.016,2184.207,1102289400,-0.2399677363515429
2016-09-21,2184.424,2191.813,2180.501,2187.154,1244650900,0.13492310939393626
2016-09-22,2195.246,2210.793,2192.491,2200.698,1539804300,0.619252233724743
2016-09-23,2202.698,2203.663,2195.077,2196.29,1172763600,-0.20030008660888443
2016-09-26,2190.39,2190.39,2166.825,2167.264,1694820900,-1.321592321596865
2016-09-27,2163.378,2176.767,2162.436,2176.448,1259253900,0.42376009567821615
2016-09-28,2177.415,2177.415,2165.332,2166.723,928843200,-0.4468289616843535
2016-09-29,2170.987,2183.171,2170.843,2175.37,1187946400,0.39908193156208416
2016-09-30,2171.939,2182.607,2171.492,2177.352,921930500,0.0911109374497121
2016-10-10,2187.652,2204.327,2185.468,2202.873,1930020200,1.1721118128809715
2016-10-11,2205.354,2212.429,2202.124,2209.228,2116938400,0.2884868987000244
2016-10-12,2205.444,2205.444,2196.852,2200.997,1547883700,-0.3725735867914137
2016-10-13,2201.34,2204.888,2194.595,2202.117,1830879000,0.050886030285379746
2016-10-14,2199.556,2211.092,2196.261,2209.815,2395051000,0.3495727066272991
2016-10-17,2207.353,2209.141,2189.272,2192.885,2316186700,-0.7661274812597374
2016-10-18,2189.932,2224.337,2189.932,2222.783,3177711700,1.3634093899132838
2016-10-19,2222.781,2230.828,2217.627,2221.534,2943280900,-0.05619082024650446
2016-10-20,2222.631,2228.936,2218.969,2223.424,1977292400,0.08507634814500786
2016-10-21,2221.383,2246.579,2221.036,2240.75,3566857700,0.779248582366665
2016-10-24,2245.458,2285.084,2243.811,2270.95,4960345100,1.3477630257726192
2016-10-25,2270.017,2274.384,2258.919,2266.172,3242378800,-0.2103965300865207
2016-10-26,2263.692,2266.879,2254.63,2257.116,2714605700,-0.39961662221579264
2016-10-27,2254.322,2256.206,2243.634,2250.259,2343830900,-0.30379475401353107
2016-10-28,2252.384,2271.906,2249.485,2253.802,2823346100,0.15744854258998853
2016-10-31,2247.99,2253.803,2236.203,2250.469,1981495500,-0.14788344317735458
2016-11-01,2250.495,2263.624,2246.949,2263.479,2201530600,0.5781017201303307
2016-11-02,2256.118,2259.186,2242.769,2244.744,2226082500,-0.8277081430841493
2016-11-03,2241.437,2283.249,2239.868,2273.633,4091302700,1.2869618985505538
2016-11-04,2271.845,2284.954,2266.917,2271.926,3619209100,-0.07507807988359483
2016-11-07,2271.964,2279.553,2265.361,2276.954,2596670400,0.2213100250624489
2016-11-08,2284.008,2294.625,2276.738,2282.418,3259587400,0.2399697139248369
2016-11-09,2281.124,2281.595,2244.433,2263.924,3735243100,-0.8102810265253835
2016-11-10,2279.943,2297.97,2279.943,2289.449,3456599800,1.1274671764599953
2016-11-11,2285.61,2315.961,2284.288,2308.429,5694860100,0.8290204324271855
2016-11-14,2304.607,2338.58,2303.966,2317.773,6168486500,0.4047774482126121
2016-11-15,2315.798,2319.068,2306.23,2310.901,3448614000,-0.29649150283485026
2016-11-16,2312.498,2314.846,2302.143,2309.943,3259638600,-0.04145569195735943
2016-11-17,2306.409,2317.537,2297.736,2316.721,3545076300,0.2934271538301836
2016-11-18,2318.896,2323.723,2304.551,2307.274,3447528500,-0.4077746090271561
2016-11-21,2304.768,2350.755,2304.768,2334.678,5751963700,1.1877219610674672
2016-11-22,2334.685,2357.574,2334.685,2353.002,6598317700,0.7848619809669666
2016-11-23,2355.316,2375.812,2352.396,2360.336,5406233100,0.3116869428925195
2016-11-24,2356.847,2382.952,2355.801,2368.734,3715808900,0.35579680181128115
2016-11-25,2371.699,2394.708,2358.257,2393.946,4432797500,1.0643660284354484
2016-11-28,2406.703,2427.593,2398.414,2403.135,7755450400,0.3838432445844697
2016-11-29,2398.668,2455.429,2395.813,2441.579,9303858600,1.5997436681667976
2016-11-30,2435.805,2444.954,2411.563,2419.414,6897198000,-0.9078141645222249
2016-12-01,2421.928,2448.667,2417.962,2431.306,7360667400,0.49152398060026137
2016-12-02,2427.167,2430.833,2401.061,2416.508,7762501700,-0.6086440785322833
2016-12-05,2378.21,2386.434,2363.13,2375.258,7242835700,-1.7070086256697703
2016-12-06,2371.112,2382.196,2367.0,2368.682,4259595500,-0.2768541354244425
2016-12-07,2367.421,2377.304,2358.871,2376.919,3631364600,0.3477461305485541
2016-12-08,2380.658,2387.173,2374.467,2379.001,3965155600,0.08759238324909102
2016-12-09,2374.296,2422.777,2372.459,2411.314,6786012700,1.358259202076817
2016-12-12,2408.086,2423.393,2362.143,2387.159,7057419400,-1.0017359829536776
2016-12-13,2373.792,2382.443,2357.46,2372.931,4120248600,-0.5960223009862431
2016-12-14,2369.496,2384.562,2359.722,2360.379,4680032600,-0.5289660761311654
2016-12-15,2346.765,2354.352,2302.434,2309.816,4258325200,-2.1421559842720206
2016-12-16,2302.874,2315.537,2298.434,2302.315,3057955100,-0.32474448181152304
2016-12-19,2299.714,2303.685,2288.302,2291.384,2416229700,-0.4747829901642464
2016-12-20,2293.4,2295.114,2262.878,2279.683,3010553300,-0.5106520775217116
2016-12-21,2282.124,2304.601,2281.997,2297.371,4018425600,0.775897350640431
2016-12-22,2293.348,2298.189,2280.787,2292.041,2922298000,-0.2320043214613543
2016-12-23,2290.251,2291.723,2271.129,2278.478,3306081700,-0.5917433414149298
2016-12-26,2266.384,2295.694,2251.713,2294.709,2992352100,0.7123614974557491
2016-12-27,2291.232,2300.16,2286.434,2286.962,2459765600,-0.3376027199962994
2016-12-28,2286.407,2289.807,2269.165,2277.176,2330457400,-0.4279039179487909
2016-12-29,2273.221,2282.194,2265.894,2275.106,2399747100,-0.0909020646625347
2016-12-30,2276.81,2286.992,2272.5,2286.898,2548075500,0.5183055207097942
2017-01-03,2285.273,2311.293,2285.273,2307.892,2590892000,0.9180120844917372
2017-01-04,2305.912,2324.558,2304.173,2322.206,2610440300,0.6202196636584612
2017-01-05,2322.424,2326.185,2317.885,2322.684,2652871200,0.020583875849089495
2017-01-06,2323.006,2326.434,2308.369,2308.936,2644512400,-0.5919014381637777
2017-01-09,2308.442,2321.692,2307.163,2318.337,2652307400,0.40715723606024046
2017-01-10,2316.157,2320.995,2309.937,2312.599,2405598100,-0.24750500035153333
2017-01-11,2311.92,2317.662,2299.313,2300.475,2692834600,-0.5242586371437596
2017-01-12,2299.49,2310.775,2294.324,2295.403,2213917400,-0.2204762060009413
2017-01-13,2293.465,2315.212,2291.062,2308.055,2754046700,0.5511886148096945
2017-01-16,2303.318,2343.273,2282.243,2337.394,5929473500,1.2711568831765163
2017-01-17,2326.009,2332.836,2320.033,2329.595,1917044900,-0.3336621896008918
2017-01-18,2330.142,2349.393,2327.927,2342.775,2029889100,0.5657635769307667
2017-01-19,2335.657,2349.645,2330.336,2334.957,2109073500,-0.3337068220379713
2017-01-20,2334.487,2350.261,2333.465,2347.183,1751128800,0.52360707284973
2017-01-23,2350.547,2358.473,2340.534,2347.105,1931132100,-0.003323132452814903
2017-01-24,2347.502,2357.169,2343.463,2352.424,2011077700,0.22661960159431338
2017-01-25,2349.518,2358.948,2345.699,2358.697,1780022100,0.2666611121124429
2017-01-26,2359.428,2371.926,2359.428,2364.024,1862983100,0.22584503223601615
2017-02-03,2367.53,2368.909,2338.198,2339.989,1451595100,-1.0166986460374283
2017-02-06,2346.444,2351.557,2336.899,2343.967,1989571500,0.17000079914906152
2017-02-07,2343.658,2347.357,2331.776,2337.535,1697274000,-0.27440659360820074
2017-02-08,2334.682,2347.096,2323.905,2346.426,2423769100,0.3803579411645108
2017-02-09,2345.841,2364.144,2343.728,2354.901,3138164600,0.3611876104339107
2017-02-10,2357.589,2374.485,2357.207,2368.183,3930636000,0.5640152176248581
2017-02-13,2369.698,2382.921,2369.487,2379.306,3460382600,0.46968498633763733
2017-02-14,2381.101,2381.634,2367.046,2373.514,2422716700,-0.24343232858656805
2017-02-15,2375.624,2385.118,2369.43,2372.192,3894925700,-0.05569800725844232
2017-02-16,2373.313,2378.451,2366.16,2376.763,2962949700,0.19269097948226843
2017-02-17,2378.657,2389.324,2360.995,2362.709,3109047400,-0.5913084308364014
2017-02-20,2361.761,2395.534,2361.506,2394.12,4469041100,1.3294485270932688
2017-02-21,2396.224,2410.345,2393.37,2396.884,3256980000,0.11544951798574399
2017-02-22,2397.487,2399.398,2389.055,2398.192,2451300900,0.05457085115507798
2017-02-23,2397.559,2402.567,2379.559,2387.417,2345867100,-0.4492968035920475
2017-02-24,2385.051,2390.389,2377.099,2389.877,2568012100,0.10304023134626306
2017-02-27,2384.918,2387.818,2365.467,2370.559,2382755500,-0.8083261188755686
2017-02-28,2369.471,2379.428,2366.236,2370.707,1679355800,0.006243253173598973
2017-03-01,2371.653,2383.513,2368.622,2371.925,2786312400,0.05137707865208174
2017-03-02,2376.971,2380.239,2354.143,2354.913,2306273100,-0.7172233523404015
2017-03-03,2347.906,2350.671,2338.846,2347.146,2048310700,-0.3298211016712682
2017-03-06,2346.037,2355.092,2342.518,2349.889,2111239900,0.11686533347308181
2017-03-07,2349.621,2356.959,2347.167,2356.293,2025134800,0.2725235106849633
2017-03-08,2353.617,2362.963,2351.696,2358.074,2436983300,0.0755848275235671
2017-03-09,2352.749,2353.538,2334.336,2346.553,2663066700,-0.4885766943700798
2017-03-10,2343.308,2347.458,2336.319,2339.234,1798881100,-0.3119043124105825
2017-03-13,2337.355,2355.217,2328.619,2354.89,2462401100,0.6692789177995762
2017-03-14,2353.719,2359.314,2349.28,2354.9,1901700600,0.00042464828506894037
2017-03-15,2352.385,2357.845,2345.444,2357.307,2106259500,0.10221240817018806
2017-03-16,2362.358,2376.513,2362.358,2369.194,3027821000,0.5042618547350886
2017-03-17,2371.605,2373.544,2342.019,2346.96,3076762300,-0.9384626164003373
2017-03-20,2352.115,2355.535,2337.527,2350.067,2714929100,0.13238402017929918
2017-03-21,2352.212,2358.547,2348.869,2357.136,2888792100,0.3007999346401613
2017-03-22,2347.858,2352.764,2330.116,2338.547,3289198200,-0.7886265366105261
2017-03-23,2340.061,2356.271,2334.12,2347.434,2671255200,0.38002229589571
2017-03-24,2350.692,2373.579,2341.62,2365.604,4012077200,0.7740366715315306
2017-03-27,2364.745,2381.765,2360.674,2364.428,3549115600,-0.04971246244087624
2017-03-28,2368.155,2368.379,2353.076,2356.314,2481363500,-0.3431696799395034
2017-03-29,2357.998,2363.77,2349.125,2352.694,2901854900,-0.1536297793927277
2017-03-30,2350.92,2356.437,2335.231,2346.667,3111306600,-0.25617441112189
2017-03-31,2344.96,2361.316,2340.772,2359.752,2950514600,0.5575993526137246
2017-04-05,2369.489,2384.68,2365.34,2384.264,4007544200,1.0387532249151787
2017-04-06,2384.432,2395.121,2376.146,2390.389,3932500300,0.25689269309103757
2017-04-07,2390.914,2394.052,2379.333,2388.271,3624863000,-0.08860482540707926
2017-04-10,2388.563,2391.948,2377.432,2379.157,3125802600,-0.3816149842291727
2017-04-11,2374.923,2385.053,2354.019,2382.109,3920082600,0.12407756192633901
2017-04-12,2378.928,2385.613,2362.431,2378.863,3364031600,-0.13626580479735306
2017-04-13,2369.607,2373.37,2364.442,2368.106,2279306000,-0.4521908155282417
2017-04-14,2367.784,2368.802,2344.609,2355.52,2431896900,-0.5314795874846956
2017-04-17,2348.751,2359.184,2334.893,2357.523,2637625000,0.085034302404563
2017-04-18,2352.513,2352.791,2336.771,2337.351,2375365600,-0.8556438261683952
2017-04-19,2331.66,2335.99,2311.659,2325.042,2791943500,-0.5266218039139292
2017-04-20,2324.366,2336.544,2320.997,2335.647,2657672500,0.4561207926566446
2017-04-21,2336.445,2350.87,2333.234,2347.675,2707371200,0.5149750797102559
2017-04-24,2344.192,2344.192,2323.668,2341.93,3109300700,-0.2447101919984762
2017-04-25,2337.521,2348.603,2334.004,2344.741,1938294300,0.12002920667997241
2017-04-26,2345.628,2360.282,2338.856,2344.505,2647062200,-0.010065077550136525
2017-04-27,2337.456,2352.681,2327.475,2351.64,2983407600,0.30432863226992346
2017-04-28,2348.288,2348.288,2331.824,2347.039,2073368300,-0.19565069483422626
2017-05-02,2341.748,2350.515,2334.882,2336.792,1621832100,-0.43659265994302476
2017-05-03,2335.821,2342.143,2324.192,2329.766,1874768500,-0.30066860893053216
2017-05-04,2325.008,2332.09,2317.137,2325.433,2076741000,-0.1859843434920072
2017-05-05,2318.922,2320.602,2297.449,2320.602,3095107400,-0.2077462562886212
2017-05-08,2309.244,2326.097,2298.318,2326.097,3465012300,0.2367920048332417
2017-05-09,2312.85,2320.295,2307.868,2316.294,1615731500,-0.4214355635212219
2017-05-10,2315.561,2337.047,2315.561,2324.922,2231892600,0.37249157490371054
2017-05-11,2318.049,2342.185,2313.833,2339.29,2839544100,0.6179992275009649
2017-05-12,2336.607,2375.639,2335.375,2375.45,2890678400,1.545768160424732
2017-05-15,2380.274,2394.517,2378.974,2381.752,2341241000,0.2652971016018135
2017-05-16,2376.905,2381.732,2362.113,2381.317,2389204700,-0.018263866263157347
2017-05-17,2377.121,2378.987,2361.629,2363.559,2085822500,-0.7457218001635124
2017-05-18,2348.872,2361.016,2347.377,2354.753,1712123100,-0.37257373308642316
2017-05-19,2351.52,2363.357,2351.52,2361.662,1430456800,0.2934065696062138
2017-05-22,2359.969,2384.157,2358.781,2381.553,2278023100,0.8422458421230461
2017-05-23,2378.744,2412.026,2376.643,2411.8,3462055600,1.2700536162747689
2017-05-24,2402.518,2413.421,2382.187,2407.571,2277433200,-0.17534621444564857
2017-05-25,2399.36,2476.909,2399.274,2473.495,5036333500,2.738195467547988
2017-05-26,2467.902,2483.747,2462.234,2471.214,3098973300,-0.09221769197026441
2017-05-31,2470.935,2502.846,2462.258,2479.078,2987834400,0.31822416027103007
2017-06-01,2476.205,2497.687,2465.476,2496.448,3076633000,0.7006637144938432
2017-06-02,2494.369,2499.705,2472.65,2475.464,2366414800,-0.840554259491888
2017-06-05,2468.937,2473.357,2442.269,2450.346,2873585700,-1.0146784602805714
2017-06-06,2447.04,2466.313,2444.193,2466.006,1746732200,0.6390934178275076
2017-06-07,2468.551,2492.985,2464.189,2484.033,2713840800,0.7310201191724541
2017-06-08,2481.165,2508.935,2475.745,2507.034,2207086000,0.9259538822552038
2017-06-09,2506.758,2536.993,2504.9,2519.273,3377330900,0.4881864386362622
2017-06-12,2515.576,2545.037,2512.143,2521.168,2572086900,0.07522011310405752
2017-06-13,2517.333,2519.148,2499.73,2515.143,1748792100,-0.23897653785864836
2017-06-14,2505.064,2505.201,2471.618,2477.317,2184110800,-1.5039303928245817
2017-06-15,2474.262,2481.8,2453.134,2461.974,2070254500,-0.6193393901547495
2017-06-16,2454.841,2466.692,2448.311,2452.79,1651804400,-0.3730339962972895
2017-06-19,2455.031,2486.314,2453.35,2484.116,2059400400,1.2771578488170565
2017-06-20,2489.2,2492.222,2467.766,2474.425,1777115300,-0.3901186579048588
2017-06-21,2487.852,2498.19,2468.514,2497.254,2035421700,0.9225981793749893
2017-06-22,2491.924,2544.667,2491.924,2516.673,4374394400,0.7776141313618812
2017-06-23,2510.711,2530.56,2496.661,2529.098,2940395100,0.4937073668291436
2017-06-26,2531.281,2560.107,2531.281,2543.321,3971674800,0.5623744117468021
2017-06-27,2541.686,2558.097,2529.239,2554.7,2698471300,0.4474071499429355
2017-06-28,2548.157,2560.856,2537.235,2537.636,2819497000,-0.6679453556190484
2017-06-29,2541.348,2554.798,2532.462,2552.975,1975437600,0.6044602141520583
2017-06-30,2543.787,2552.922,2533.86,2549.968,1867717700,-0.11778415378137508
2017-07-03,2550.497,2550.497,2522.744,2534.368,1830421300,-0.6117723830259769
2017-07-04,2531.526,2531.606,2506.682,2511.151,2354712800,-0.9160863773532535
2017-07-05,2508.813,2551.408,2507.921,2548.099,2060765400,1.4713571585301066
2017-07-06,2543.909,2561.636,2534.121,2553.879,2223462400,0.2268357705096813
2017-07-07,2542.909,2546.776,2527.548,2543.658,2251006200,-0.40021473217799475
2017-07-10,2538.158,2557.473,2530.928,2550.115,2530514500,0.25384701874229254
2017-07-11,2543.72,2592.058,2543.049,2570.592,3396822800,0.8029833948665077
2017-07-12,2570.913,2604.197,2555.384,2565.143,3707059500,-0.21197451793205646
2017-07-13,2565.594,2601.467,2563.221,2600.954,4287157400,1.396062519711383
2017-07-14,2600.764,2623.315,2593.43,2622.984,3365328500,0.8469969095954655
2017-07-17,2627.375,2663.284,2594.425,2631.414,6086594900,0.3213896844205033
2017-07-18,2619.23,2637.532,2596.122,2624.308,3943504000,-0.270044926415991
2017-07-19,2621.112,2661.659,2618.369,2657.888,4868889700,1.279575415690526
2017-07-20,2653.379,2666.045,2643.642,2665.448,3758073300,0.2844363645119641
2017-07-21,2655.228,2661.476,2634.995,2639.213,2971556200,-0.9842623078746837
2017-07-24,2636.551,2666.652,2632.758,2654.379,3305656600,0.5746410009347391
2017-07-25,2656.477,2667.786,2639.606,2643.073,3418541300,-0.42593766752977436
2017-07-26,2642.259,2665.149,2617.546,2636.201,3544725600,-0.2600003859144162
2017-07-27,2631.998,2638.94,2610.576,2636.626,3067012600,0.01612168419631299
2017-07-28,2627.159,2642.691,2619.036,2636.394,2193446500,-0.008799124335434616
2017-07-31,2633.882,2649.294,2626.183,2638.124,2864776300,0.06561993389455623
2017-08-01,2640.867,2681.935,2638.021,2681.805,3382050700,1.6557599263719247
2017-08-02,2679.336,2696.642,2675.202,2680.631,4222237700,-0.043776486359004
2017-08-03,2676.348,2689.939,2644.987,2646.216,3181516800,-1.2838395139054937
2017-08-04,2644.446,2653.813,2627.248,2627.803,2795995200,-0.6958237725113947
2017-08-07,2621.546,2641.341,2613.825,2634.176,2608610900,0.24252198509553402
2017-08-08,2632.044,2639.242,2622.261,2635.184,2578246800,0.038266235817197014
2017-08-09,2630.67,2634.435,2618.813,2620.381,2470791100,-0.5617444550361728
2017-08-10,2617.989,2635.351,2590.864,2611.341,2817147900,-0.3449879998366656
2017-08-11,2592.038,2599.712,2566.573,2570.257,3517096000,-1.573291270653654
2017-08-14,2572.301,2598.379,2567.601,2591.454,2611890000,0.8247035218657217
2017-08-15,2593.072,2623.084,2592.924,2605.242,2790097600,0.5320565211653472
2017-08-16,2601.471,2602.099,2586.335,2595.002,2035181100,-0.3930536971229581
2017-08-17,2599.042,2606.685,2591.542,2604.084,2057110500,0.34998046244278935
2017-08-18,2601.885,2621.969,2595.865,2613.265,1989782800,0.35256159171517254
2017-08-21,2619.038,2628.802,2610.257,2616.825,1943687200,0.1362280518814485
2017-08-22,2624.411,2644.198,2620.159,2643.503,2711818200,1.0194797130110178
2017-08-23,2641.792,2673.385,2639.662,2659.78,3469179400,0.6157360139178891
2017-08-24,2659.652,2675.198,2641.825,2646.402,2993921100,-0.5029739301746772
2017-08-25,2645.449,2706.704,2645.449,2706.242,4749375100,2.2611832971710433
2017-08-28,2715.47,2766.79,2715.47,2736.462,6050109800,1.1166776659293554
2017-08-29,2734.446,2746.103,2726.218,2739.129,3526228400,0.0974616128416983
2017-08-30,2739.995,2762.067,2720.656,2728.231,4205280300,-0.3978637004682706
2017-08-31,2729.469,2735.426,2701.885,2714.631,4018223400,-0.4984915133652623
2017-09-01,2716.054,2734.768,2700.162,2710.119,4309329600,-0.16621043523041834
2017-09-04,2703.33,2713.729,2691.775,2711.348,3319628900,0.045348562184899244
2017-09-05,2712.761,2738.594,2711.174,2729.848,3053478800,0.682317430296675
2017-09-06,2721.948,2725.24,2703.652,2714.331,3113793300,-0.5684199266772327
2017-09-07,2716.125,2717.556,2690.877,2691.829,2763611100,-0.8290072213005706
2017-09-08,2692.798,2701.57,2681.443,2686.69,2447129200,-0.19091108684838876
2017-09-11,2691.336,2708.422,2673.623,2674.75,2908410100,-0.4444130137827629
2017-09-12,2682.249,2695.525,2672.285,2692.54,3078832300,0.6651088886811873
2017-09-13,2690.56,2694.414,2676.249,2687.671,2119772000,-0.18083296812675398
2017-09-14,2688.4,2694.775,2666.817,2672.836,2858673700,-0.5519648796299848
2017-09-15,2669.653,2677.533,2659.733,2668.376,3464898000,-0.166863960227992
2017-09-18,2670.198,2694.059,2670.198,2674.176,3313463900,0.21736067180935237
2017-09-19,2680.716,2687.184,2661.61,2670.691,3008735900,-0.13032051742294382
2017-09-20,2667.24,2675.211,2661.868,2662.627,2536794000,-0.301944328265602
2017-09-21,2664.053,2690.36,2660.531,2675.551,3175345200,0.4853852980533979
2017-09-22,2666.666,2686.409,2662.838,2679.053,2635975000,0.13088892717798561
2017-09-25,2672.945,2682.75,2667.306,2680.652,3198142000,0.05968526938437968
2017-09-26,2673.545,2681.233,2673.397,2678.991,1928317700,-0.061962537472226575
2017-09-27,2674.41,2677.744,2659.596,2661.553,2005863700,-0.6509167070736788
2017-09-28,2661.541,2663.695,2653.465,2661.283,2166188100,-0.010144453257177055
2017-09-29,2661.523,2682.17,2660.858,2672.327,2020466800,0.4149878085119241
2017-10-09,2736.835,2743.364,2688.538,2692.077,4148929200,0.7390562607046292
2017-10-10,2693.251,2711.307,2671.943,2695.537,2997472700,0.1285252984962737
2017-10-11,2694.498,2717.328,2692.769,2707.522,2459848300,0.444623835621627
2017-10-12,2706.42,2724.835,2702.313,2718.351,2392287700,0.39995981565432714
2017-10-13,2716.004,2722.231,2711.954,2713.377,1927340900,-0.1829785778216353
2017-10-16,2719.31,2741.097,2715.051,2726.642,2557589800,0.48887419625065487
2017-10-17,2725.2,2734.307,2716.404,2723.535,1797980900,-0.11394968609740319
2017-10-18,2725.667,2753.923,2723.763,2753.011,2826082100,1.0822699175887296
2017-10-19,2750.636,2756.035,2743.134,2756.035,2861786900,0.1098433678615951
2017-10-20,2744.495,2746.229,2733.72,2737.641,1609842100,-0.6674080699265339
2017-10-23,2744.325,2746.999,2732.632,2734.368,1954603500,-0.11955548590922849
2017-10-24,2732.944,2762.594,2730.841,2753.649,2487082700,0.7051355194326314
2017-10-25,2753.93,2756.763,2746.267,2752.139,1964672200,-0.054836328086826924
2017-10-26,2760.065,2788.656,2753.727,2771.044,4147318800,0.6869202463974267
2017-10-27,2770.529,2815.419,2769.427,2814.272,4030195600,1.5599896645452027
2017-10-30,2812.238,2822.589,2780.045,2809.107,4800487900,-0.1835288131353363
2017-10-31,2795.538,2797.788,2785.158,2793.712,3237037100,-0.5480389319452716
2017-11-01,2795.192,2816.295,2782.061,2789.402,4620413200,-0.15427502906526502
2017-11-02,2788.114,2796.431,2771.153,2794.102,3752686800,0.1684948960386512
2017-11-03,2789.54,2803.314,2770.125,2800.469,3890616000,0.22787285503536037
2017-11-06,2798.472,2798.472,2776.949,2792.224,3326891000,-0.2944149712066024
2017-11-07,2794.193,2832.138,2792.701,2821.956,4936828000,1.0648142842408115
2017-11-08,2818.67,2846.3,2811.106,2819.957,4476853000,-0.07083739080270268
2017-11-09,2814.568,2834.51,2809.957,2832.961,3270423200,0.46114178336762457
2017-11-10,2828.122,2867.062,2827.74,2862.343,4419833800,1.0371480581624626
2017-11-13,2865.783,2885.702,2865.721,2873.515,4845904900,0.39030961698161004
2017-11-14,2876.748,2882.792,2853.777,2861.423,3603716000,-0.42080866116933624
2017-11-15,2848.767,2864.366,2839.461,2850.05,3297420900,-0.397459585667681
2017-11-16,2840.362,2880.983,2840.362,2879.398,3205182400,1.0297363204154308
2017-11-17,2868.519,2940.774,2867.586,2938.798,6847202300,2.0629312099265107
2017-11-20,2916.738,2942.14,2897.205,2941.153,4384076500,0.08013480341282353
2017-11-21,2928.924,3012.894,2927.61,2987.173,6364868200,1.5646924862460443
2017-11-22,3001.951,3038.276,2989.817,3012.355,7455572900,0.8430044058379105
2017-11-23,3003.777,3018.26,2919.652,2940.726,6699098600,-2.3778405931571767
2017-11-24,2934.447,2949.794,2907.1,2936.834,4542629600,-0.13234827046111342
2017-11-27,2928.358,2928.863,2885.604,2917.306,5018719700,-0.664933734763351
2017-11-28,2900.078,2908.365,2872.534,2897.107,3069371000,-0.692385371983606
2017-11-29,2905.331,2914.067,2855.853,2893.283,3600523700,-0.13199374410403086
2017-11-30,2878.525,2895.528,2850.312,2863.447,3580217800,-1.0312160960403771
2017-12-01,2861.897,2867.115,2834.262,2842.184,3078984400,-0.742566564004854
2017-12-04,2829.811,2868.294,2823.936,2861.361,2691190100,0.674727603842662
2017-12-05,2852.82,2922.328,2851.317,2910.476,5959997200,1.7164908587207428
2017-12-06,2897.225,2897.225,2845.135,2875.732,3169388300,-1.1937566226280616
2017-12-07,2868.204,2875.741,2828.234,2848.888,2794052700,-0.9334666790924873
2017-12-08,2843.202,2872.821,2832.798,2865.341,2536492700,0.5775235811306123
2017-12-11,2862.606,2900.167,2857.983,2899.104,2868775100,1.1783239760991826
2017-12-12,2897.665,2900.274,2849.392,2850.197,2608653100,-1.6869694912635014
2017-12-13,2850.468,2879.405,2834.928,2872.94,2238164900,0.797944843812548
2017-12-14,2874.946,2878.321,2841.921,2850.046,2276671900,-0.7968840282080447
2017-12-15,2844.102,2846.517,2817.318,2820.167,2666741800,-1.0483690438680582
2017-12-18,2821.419,2842.814,2815.82,2829.059,2070257300,0.31530047688665963
2017-12-19,2829.549,2873.601,2827.438,2873.03,2378916800,1.5542623890134388
2017-12-20,2874.055,2887.232,2861.538,2879.643,2845812300,0.2301751112936401
2017-12-21,2871.683,2906.807,2862.229,2895.366,2578156100,0.5460051818923395
2017-12-22,2891.721,2897.034,2876.017,2880.773,1895688000,-0.5040122734051522
2017-12-25,2882.278,2915.609,2868.861,2880.097,2631409900,-0.023465923903065455
2017-12-26,2878.754,2897.618,2868.604,2894.336,2700102300,0.49439307078891215
2017-12-27,2886.7,2889.309,2832.023,2839.635,3213867600,-1.889932613214207
2017-12-28,2842.731,2870.894,2829.542,2859.054,3435148200,0.6838554955126197
2017-12-29,2861.919,2876.192,2849.679,2860.436,2863140000,0.048337666934594736
2018-01-02,2867.528,2912.269,2867.528,2908.732,5400866800,1.688413934099553
2018-01-03,2914.279,2947.631,2906.598,2913.26,4820686500,0.15566920568825804
2018-01-04,2918.256,2934.152,2910.662,2919.479,4352071100,0.21347219266387718
2018-01-05,2926.778,2940.18,2920.084,2932.356,4994334800,0.441071848778507
2018-01-08,2933.825,2952.344,2926.871,2947.761,5805279300,0.5253454901110066
2018-01-09,2947.55,2972.425,2947.116,2969.318,4058903400,0.731300807629931
2018-01-10,2968.344,2999.748,2966.181,2995.564,5776385000,0.883906674866064
2018-01-11,2986.792,3009.992,2981.335,2997.045,4235182100,0.04943977160896118
2018-01-12,2997.901,3019.702,2993.565,3018.596,3816829600,0.7190749554978337
2018-01-15,3027.203,3070.939,3022.472,3048.808,6498882100,1.0008626527034492
2018-01-16,3041.364,3065.187,3035.768,3063.861,6426246800,0.49373394454488295
2018-01-17,3071.499,3132.993,3060.219,3076.182,9106633000,0.4021396532022825
2018-01-18,3096.201,3125.863,3084.279,3106.552,8770692600,0.9872627822411051
2018-01-19,3122.672,3145.994,3100.407,3117.821,9495530200,0.3627494405372911
2018-01-22,3104.959,3144.851,3104.405,3130.33,7746585200,0.4012096909989493
2018-01-23,3145.108,3177.763,3144.281,3176.504,10169189900,1.4750521510511705
2018-01-24,3189.768,3202.47,3150.553,3180.332,9913066700,0.1205098435260954
2018-01-25,3171.35,3177.407,3124.456,3157.459,7736397600,-0.719201643098899
2018-01-26,3147.478,3195.072,3147.478,3172.778,8216463700,0.48516861184895177
2018-01-29,3184.298,3197.84,3107.956,3120.695,7292021400,-1.6415582811025398
2018-01-30,3109.185,3127.751,3077.314,3079.118,5427594400,-1.332299375619861
2018-01-31,3063.234,3118.762,3062.528,3116.833,5560739700,1.224863743448612
2018-02-01,3120.133,3141.769,3101.339,3141.23,7219328700,0.7827496692957236
2018-02-02,3113.299,3150.697,3082.994,3149.641,5290143600,0.26776135462860395
2018-02-05,3098.672,3181.594,3095.987,3181.339,7160734800,1.0064004119834546
2018-02-06,3114.347,3140.032,3094.493,3117.491,9864662200,-2.006953675794998
2018-02-07,3147.323,3166.698,3020.393,3029.601,9470049200,-2.8192543298440897
2018-02-08,2998.603,3019.275,2911.403,2945.844,7311784600,-2.7646214798582425
2018-02-09,2857.433,2871.544,2724.592,2810.027,9192589900,-4.6104613822049
2018-02-12,2803.859,2823.807,2776.958,2805.211,4629000400,-0.17138625358404935
2018-02-13,2834.39,2887.893,2834.39,2852.717,4662221100,1.69349114915065
2018-02-14,2859.866,2877.037,2841.239,2871.787,2534981400,0.6684855174908577
2018-02-22,2915.969,2936.846,2900.873,2931.882,3929775300,2.0925994859646746
2018-02-23,2941.421,2966.752,2926.363,2957.171,3820748900,0.8625517670902028
2018-02-26,2973.814,2986.813,2933.516,2973.786,5021402700,0.5618545562634081
2018-02-27,2979.768,2979.768,2918.007,2927.097,4620143500,-1.5700188244883728
2018-02-28,2899.002,2905.573,2866.462,2878.667,3875813400,-1.6545403175911244
2018-03-01,2859.09,2907.268,2852.492,2891.298,3228488800,0.43877947675086126
2018-03-02,2864.175,2887.893,2852.012,2864.183,2986451700,-0.9378140890354381
2018-03-05,2865.202,2889.738,2846.932,2863.991,2996714900,-0.006703482284475815
2018-03-06,2878.918,2893.462,2838.609,2892.475,4759357600,0.9945561979768813
2018-03-07,2892.442,2921.442,2868.036,2878.151,3791765800,-0.4952160347107659
2018-03-08,2878.82,2903.053,2865.552,2898.254,2896303700,0.6984692602994169
2018-03-09,2907.042,2916.553,2891.868,2908.197,3150449000,0.3430686199346278
2018-03-12,2922.618,2927.508,2897.236,2909.579,4498507600,0.04752085226689129
2018-03-13,2909.248,2921.307,2878.2,2883.377,4060760300,-0.9005426558275298
2018-03-14,2871.723,2879.537,2860.97,2871.334,3088630100,-0.4176699751714752
2018-03-15,2860.414,2895.612,2860.414,2894.983,2626007500,0.8236241412528322
2018-03-16,2895.506,2911.194,2869.967,2870.732,2719210100,-0.8376905840207116
2018-03-19,2870.365,2898.235,2856.171,2897.256,2604293000,0.9239455302689326
2018-03-20,2878.953,2907.523,2877.1,2904.397,2712940300,0.24647459527222804
2018-03-21,2929.0,2932.218,2879.525,2894.184,3338876200,-0.35163925592816003
2018-03-22,2894.129,2902.767,2851.294,2866.67,3050580800,-0.950665196131284
2018-03-23,2786.531,2800.247,2754.66,2791.467,6262325100,-2.6233574147006777
2018-03-26,2767.364,2773.538,2709.568,2738.868,4274221000,-1.884278051648114
2018-03-27,2775.635,2780.839,2726.36,2747.587,3921166400,0.3183431987229701
2018-03-28,2714.874,2746.88,2687.957,2694.826,3458348600,-1.9202667649832361
2018-03-29,2699.136,2757.779,2657.492,2738.791,4235391900,1.631459693501558
2018-03-30,2735.624,2740.819,2714.767,2722.153,3168191800,-0.6074943287019852
2018-04-02,2717.118,2754.651,2707.633,2711.374,3469871900,-0.3959733343423366
2018-04-03,2690.633,2709.908,2683.048,2697.272,2862816200,-0.520105304543006
2018-04-04,2706.421,2730.248,2698.886,2702.369,2673225800,0.1889687061594092
2018-04-09,2706.329,2721.591,2688.831,2715.732,2629354900,0.4944920549340148
2018-04-10,2719.517,2781.269,2710.868,2780.804,3808253500,2.396112723935939
2018-04-11,2782.671,2803.881,2767.377,2785.339,3898881100,0.163082331584663
2018-04-12,2785.121,2785.307,2747.772,2749.699,2611214800,-1.2795569946781993
2018-04-13,2765.67,2771.032,2724.166,2726.396,2175001400,-0.8474745781265502
2018-04-16,2716.579,2723.58,2656.52,2664.705,3674875700,-2.2627307258373364
2018-04-17,2669.265,2683.496,2633.592,2635.703,2713975100,-1.0883756363274766
2018-04-18,2666.617,2668.789,2623.974,2653.769,3154990300,0.6854338292288542
2018-04-19,2661.301,2693.136,2656.149,2682.552,2602567700,1.084608343830995
2018-04-20,2672.358,2677.921,2632.747,2647.376,2813964700,-1.3112886534911494
2018-04-23,2637.071,2671.01,2636.677,2664.918,2532125100,0.6626183813708275
2018-04-24,2669.61,2737.206,2669.61,2722.847,3944528900,2.1737629450512275
2018-04-25,2707.71,2717.314,2696.222,2702.98,2350129300,-0.7296407032786001
2018-04-26,2712.517,2717.569,2652.423,2666.024,2353313500,-1.3672317220253305
2018-04-27,2672.636,2675.096,2613.527,2653.544,2837524800,-0.4681128151884595
2018-05-02,2662.079,2667.962,2637.061,2652.731,2665940200,-0.030638270931238054
2018-05-03,2643.966,2671.245,2626.54,2663.975,2622235000,0.4238650658509924
2018-05-04,2659.272,2669.698,2643.257,2646.355,2076166300,-0.6614176184085774
2018-05-07,2649.1,2686.221,2638.168,2683.849,2660801000,1.4168167158223444
2018-05-08,2683.841,2736.757,2682.794,2722.88,3164436400,1.454291951596387
2018-05-09,2723.086,2725.196,2706.481,2717.239,2026491600,-0.2071703490421961
2018-05-10,2727.516,2738.629,2712.474,2729.4,1960917500,0.4475498842759107
2018-05-11,2737.228,2738.646,2720.547,2724.716,2348888500,-0.17161280867590278
2018-05-14,2736.975,2761.495,2736.035,2753.535,2706150100,1.0576882141111188
2018-05-15,2760.198,2760.568,2731.567,2750.831,2252642200,-0.09820103975434202
2018-05-16,2739.895,2744.618,2714.264,2716.782,2180867900,-1.2377714225265013
2018-05-17,2720.772,2724.39,2698.171,2700.877,1674690700,-0.5854352686376796
2018-05-18,2697.717,2741.014,2690.992,2740.535,2292726700,1.4683378769192235
2018-05-21,2753.879,2761.723,2739.682,2745.804,2776658200,0.19226172991770873
2018-05-22,2744.324,2744.324,2711.06,2728.0,2334029500,-0.6484075338225148
2018-05-23,2721.021,2721.021,2683.586,2683.693,2542659400,-1.6241568914955984
2018-05-24,2684.132,2691.034,2664.123,2665.676,1973268900,-0.6713510077344997
2018-05-25,2663.321,2679.849,2650.339,2661.291,1994220500,-0.16449861123406517
2018-05-28,2661.208,2682.781,2650.398,2673.199,1853303900,0.44745200731524104
2018-05-29,2666.83,2676.683,2642.867,2663.403,2689562400,-0.3664523292130628
2018-05-30,2632.713,2637.192,2604.906,2605.901,2420898600,-2.15896730611177
2018-05-31,2626.938,2661.657,2624.672,2658.292,2650681000,2.010475455514227
2018-06-01,2652.251,2664.311,2637.374,2647.187,2038762400,-0.41774944212298326
2018-06-04,2664.845,2697.752,2658.568,2694.577,2254628800,1.7902022033199794
2018-06-05,2697.693,2712.116,2680.242,2707.017,2221440500,0.4616680094871928
2018-06-06,2702.712,2703.414,2688.329,2692.181,2052311800,-0.5480571418649993
2018-06-07,2697.512,2717.064,2693.105,2695.237,2351103000,0.11351391306899661
2018-06-08,2686.093,2686.154,2637.363,2652.082,2603121200,-1.6011578944634675
2018-06-11,2644.427,2665.932,2633.082,2660.408,1977501800,0.3139420274335336
2018-06-12,2662.387,2691.966,2650.974,2687.702,1964300800,1.0259328644328436
2018-06-13,2681.313,2686.068,2662.748,2671.627,1938716500,-0.5980945804259674
2018-06-14,2662.234,2691.045,2659.574,2671.298,2135695700,-0.012314593317108713
2018-06-15,2657.59,2677.311,2657.506,2667.975,2561838900,-0.1243964544577203
2018-06-19,2638.395,2646.64,2571.692,2599.78,5757435500,-2.556058433830888
2018-06-20,2588.119,2607.467,2567.498,2598.328,2383085500,-0.05585087968983382
2018-06-21,2597.303,2628.038,2575.174,2579.052,2463238600,-0.7418616895172536
2018-06-22,2564.868,2586.334,2553.299,2583.708,1965883400,0.18053145109133695
2018-06-25,2593.625,2595.989,2535.122,2536.46,2344308400,-1.8286896197248326
2018-06-26,2516.083,2519.161,2470.146,2506.717,2645010000,-1.1726185313389537
2018-06-27,2500.066,2512.586,2438.043,2452.639,2742691900,-2.157323702675651
2018-06-28,2431.86,2461.174,2418.295,2425.176,2285604900,-1.1197326634698412
2018-06-29,2431.809,2481.323,2429.594,2479.912,2076265300,2.2569908328302635
2018-07-02,2473.312,2473.734,2370.4,2386.377,2610815100,-3.7717064153889313
2018-07-03,2389.36,2395.08,2331.84,2388.976,2907468000,0.10890986629523702
2018-07-04,2381.253,2403.511,2365.894,2368.425,1966447700,-0.8602430497418156
2018-07-05,2370.863,2398.565,2352.975,2374.355,2526863900,0.25037736048216797
2018-07-06,2378.869,2422.404,2349.476,2402.617,2492203000,1.1903022083892267
2018-07-09,2410.517,2471.798,2410.517,2471.285,2433336600,2.8580502010932207
2018-07-10,2475.978,2477.845,2448.861,2471.23,2137346000,-0.00222556281448405
2018-07-11,2420.179,2443.346,2409.311,2432.279,2085190100,-1.5761786640660747
2018-07-12,2425.666,2490.444,2425.666,2474.625,2732409300,1.7410009295808493
2018-07-13,2480.821,2481.557,2464.949,2476.864,1983210000,0.09047835530635595
2018-07-16,2471.152,2484.171,2438.86,2448.765,1987246200,-1.1344587349164215
2018-07-17,2443.548,2446.098,2414.352,2430.445,1666643300,-0.7481322217525843
2018-07-18,2437.376,2458.48,2419.316,2420.759,1780746500,-0.39852784160926413
2018-07-19,2432.892,2452.445,2418.66,2426.163,2044605400,0.2232357702687482
2018-07-20,2426.097,2506.936,2409.053,2493.765,3445347100,2.7863750292127953
2018-07-23,2482.048,2533.774,2478.188,2526.813,3962566300,1.325225111427919
2018-07-24,2534.072,2579.593,2534.072,2563.584,4883341600,1.455232342084667
2018-07-25,2573.929,2573.959,2550.966,2563.687,2650728100,0.004017812562406853
2018-07-26,2570.484,2578.715,2525.667,2530.991,2532843100,-1.2753506960873073
2018-07-27,2529.66,2541.225,2515.889,2525.092,1896672800,-0.23307076161076523
2018-07-30,2525.381,2562.761,2515.553,2541.308,2450625500,0.6421944230150745
2018-07-31,2537.029,2553.807,2521.82,2545.124,2024192900,0.15015889455349818
2018-08-01,2557.605,2570.312,2489.125,2490.245,2737226900,-2.1562407175445997
2018-08-02,2483.757,2485.408,2412.961,2440.313,2960110900,-2.0051039154781902
2018-08-03,2438.844,2452.067,2413.251,2413.503,2154621300,-1.0986295610440067
2018-08-06,2417.302,2448.977,2393.682,2406.537,2572304100,-0.2886261173075111
2018-08-07,2416.012,2480.096,2407.643,2479.78,2975211000,3.043501928289505
2018-08-08,2476.401,2481.843,2443.068,2446.998,2359092900,-1.3219721104291593
2018-08-09,2437.449,2510.359,2435.794,2504.617,2657695900,2.3546811235644727
2018-08-10,2505.31,2518.109,2485.976,2503.206,1942120900,-0.05633595875138564
2018-08-13,2480.101,2485.234,2442.228,2478.509,2294184900,-0.9866147652250801
2018-08-14,2475.467,2482.705,2454.985,2469.2,1707193100,-0.375588710793473
2018-08-15,2467.247,2467.446,2405.604,2408.722,1975617300,-2.449295318321709
2018-08-16,2381.009,2430.917,2367.048,2405.164,2549871800,-0.14771318566443314
2018-08-17,2427.471,2429.678,2370.041,2374.173,2062984800,-1.2885192028485593
2018-08-20,2386.143,2409.129,2370.824,2409.129,2300128300,1.4723442647187168
2018-08-21,2411.983,2461.136,2410.888,2452.383,2435895500,1.7954206686316976
2018-08-22,2461.401,2461.401,2438.942,2450.154,1605291600,-0.09089118624618919
2018-08-23,2453.655,2474.689,2435.16,2461.067,1885643000,0.4454005748210088
2018-08-24,2449.372,2496.385,2438.721,2471.999,2076060800,0.44419757771729795
2018-08-27,2484.409,2522.34,2482.517,2522.34,2838508200,2.0364490438709915
2018-08-28,2524.922,2530.497,2503.806,2511.145,2140162700,-0.4438339002672209
2018-08-29,2506.149,2515.002,2497.819,2503.48,1818397700,-0.30523924345268183
2018-08-30,2506.53,2519.401,2479.21,2479.21,1823355200,-0.9694505248693863
2018-08-31,2462.796,2490.46,2455.985,2474.477,2622178100,-0.19090758749763515
2018-09-03,2461.86,2470.514,2445.873,2465.88,1830665500,-0.3474269512304895
2018-09-04,2467.253,2507.037,2451.72,2500.438,2059380500,1.4014469479455505
2018-09-05,2488.904,2493.473,2441.23,2441.23,2131644400,-2.3679051430189446
2018-09-06,2432.395,2449.832,2408.934,2416.033,2087391100,-1.0321436325131272
2018-09-07,2424.417,2458.258,2416.162,2437.677,1836083000,0.895848690808454
2018-09-10,2431.178,2440.107,2410.786,2413.426,1804125700,-0.9948405797814974
2018-09-11,2412.181,2422.942,2387.643,2398.768,1811110100,-0.607352369618952
2018-09-12,2389.285,2398.728,2373.036,2381.388,1684524500,-0.7245385964795292
2018-09-13,2413.41,2419.999,2381.025,2415.312,2147199100,1.4245473648141438
2018-09-14,2421.66,2434.674,2410.663,2425.421,1639188300,0.4185380605072897
2018-09-17,2411.377,2418.139,2397.937,2399.881,1368429300,-1.0530130645360125
2018-09-18,2391.946,2459.77,2391.728,2458.768,2289194200,2.453746664938805
2018-09-19,2455.442,2505.003,2452.58,2487.077,2897384800,1.1513489682637879
2018-09-20,2492.395,2503.1,2480.536,2487.422,2294844100,0.01387170562068274
2018-09-21,2495.738,2573.603,2485.412,2573.603,4175327800,3.464671455024515
2018-09-25,2545.214,2560.717,2536.428,2547.791,2432129000,-1.002951892735593
2018-09-26,2555.921,2610.59,2553.166,2582.767,3370433800,1.3727970622393837
2018-09-27,2582.116,2584.067,2561.576,2575.449,2295330900,-0.2833395346928169
2018-09-28,2580.656,2618.825,2577.983,2606.668,2878034500,1.2121769835085061
2018-10-08,2544.491,2548.894,2481.183,2486.822,3370775200,-4.597670282521593
2018-10-09,2481.589,2506.267,2476.346,2491.663,2166862000,0.19466612407321726
2018-10-10,2495.86,2518.607,2472.19,2494.056,2042109500,0.09604027510943247
2018-10-11,2412.221,2446.374,2369.025,2390.503,3693148600,-4.151991775645769
2018-10-12,2398.18,2452.687,2390.994,2444.131,2900053300,2.243377230649779
2018-10-15,2443.731,2448.257,2407.548,2412.479,2054321600,-1.2950206024145205
2018-10-16,2414.317,2459.878,2407.003,2415.492,1983219900,0.12489227885508214
2018-10-17,2446.478,2451.187,2384.142,2429.215,2485413000,0.5681244235128835
2018-10-18,2416.372,2416.372,2367.714,2369.068,2276504600,-2.4759850404348693
2018-10-19,2353.836,2451.758,2344.981,2446.32,3138254800,3.260860388979969
2018-10-22,2463.493,2566.627,2463.493,2540.152,4632806800,3.835638837110422
2018-10-23,2539.651,2544.296,2451.67,2464.812,3541862300,-2.9659642415099663
2018-10-24,2459.32,2530.774,2459.212,2477.488,3702758100,0.5142785737816791
2018-10-25,2419.113,2486.758,2415.487,2485.099,3113003900,0.3072063315745721
2018-10-26,2486.997,2499.758,2445.829,2468.91,2879333500,-0.6514428600228883
2018-10-29,2461.924,2465.369,2377.985,2389.577,2872827700,-3.2132803544884014
2018-10-30,2380.467,2449.285,2378.818,2415.649,3246478600,1.0910717670951753
2018-10-31,2424.161,2460.837,2413.337,2451.121,3450076300,1.4684252554903576
2018-11-01,2474.267,2500.125,2455.732,2460.162,3769439000,0.3688516397191144
2018-11-02,2522.39,2544.187,2489.067,2542.768,4732880400,3.3577463597925794
2018-11-05,2520.877,2524.652,2489.593,2511.59,2826235900,-1.2261441075237633
2018-11-06,2507.359,2509.64,2478.376,2499.679,2210240000,-0.47424141679175413
2018-11-07,2503.681,2521.151,2479.249,2482.334,2615856400,-0.6938890953598564
2018-11-08,2507.593,2511.005,2480.328,2485.998,2031124600,0.1476030219946356
2018-11-09,2469.89,2469.89,2434.081,2434.212,2803674200,-2.0831070660555673
2018-11-12,2426.827,2447.462,2419.967,2444.967,2290729900,0.44182675954271833
2018-11-13,2415.299,2474.823,2413.776,2462.973,2768189800,0.736451657629722
2018-11-14,2462.178,2462.178,2425.967,2429.986,2701656500,-1.339316346545416
2018-11-15,2430.187,2459.435,2427.067,2459.141,2474501700,1.199801151117752
2018-11-16,2458.477,2482.441,2443.117,2461.445,3150058300,0.0936912523519462
2018-11-19,2466.43,2492.084,2461.795,2492.084,2972015300,1.24475663685355
2018-11-20,2475.228,2484.013,2441.849,2446.791,2694532200,-1.817474852372536
2018-11-21,2425.716,2454.46,2425.232,2451.272,2190453400,0.18313783236900694
2018-11-22,2455.771,2456.913,2426.123,2437.639,1642482800,-0.5561602302804336
2018-11-23,2433.535,2441.318,2398.727,2399.203,2121988900,-1.5767716220490446
2018-11-26,2409.468,2423.462,2393.979,2401.898,1621533900,0.1123289692452012
2018-11-27,2407.227,2416.438,2387.927,2394.294,1496893600,-0.31658296896871496
2018-11-28,2396.295,2426.66,2394.251,2421.134,1705968600,1.1209985072843986
2018-11-29,2437.92,2441.416,2401.852,2401.852,1984535300,-0.7964036686941012
2018-11-30,2403.231,2430.65,2402.544,2428.045,1932253400,1.090533471671029
2018-12-03,2492.433,2500.568,2467.935,2488.057,3536961200,2.4716181125143732
2018-12-04,2488.575,2496.814,2476.908,2496.143,2384960500,0.32499255443103614
2018-12-05,2467.555,2492.316,2465.252,2481.792,2048360900,-0.5749269973715498
2018-12-06,2453.563,2460.231,2431.865,2434.491,2167120500,-1.9059212053226027
2018-12-07,2441.375,2444.985,2427.887,2430.722,1453465300,-0.1548167563568681
2018-12-10,2410.167,2425.735,2399.323,2408.606,1758651500,-0.9098531218296402
2018-12-11,2408.916,2420.521,2405.865,2415.578,1288550500,0.2894620373776302
2018-12-12,2437.606,2437.606,2414.331,2423.318,1423084600,0.3204202058472161
2018-12-13,2429.388,2469.7,2423.57,2457.905,2808551000,1.4272579991565282
2018-12-14,2446.81,2448.798,2423.088,2423.381,2585535700,-1.4046108372780974
2018-12-17,2420.576,2430.889,2409.009,2425.945,2117099700,0.10580259562984473
2018-12-18,2409.576,2427.685,2388.983,2397.868,2068126900,-1.1573634192036608
2018-12-19,2401.908,2403.895,2366.4,2369.548,1866463300,-1.1810491653418853
2018-12-20,2363.004,2372.374,2319.096,2334.922,2689346100,-1.4612913517683457
2018-12-21,2325.978,2327.437,2288.405,2306.145,2475280700,-1.2324608702132256
2018-12-24,2293.748,2311.735,2286.989,2309.233,1831829600,0.13390311537220256
2018-12-25,2285.66,2308.605,2256.471,2297.333,2400326200,-0.5153226201080607
2018-12-26,2293.288,2303.197,2278.294,2281.558,1578716400,-0.6866657989938796
2018-12-27,2310.81,2313.046,2275.037,2276.057,2675621500,-0.24110717325618314
2018-12-28,2279.699,2305.908,2278.249,2293.099,2427734800,0.7487510198558534
2019-01-02,2298.181,2301.055,2252.748,2262.791,2088069700,-1.3217048195476977
2019-01-03,2259.483,2287.778,2253.943,2269.243,1889524000,0.2851345970529273
2019-01-04,2252.745,2316.353,2249.366,2314.647,2590059600,2.000843453081047
2019-01-07,2329.032,2331.603,2306.898,2314.319,2527894800,-0.014170627313792039
2019-01-08,2312.171,2312.171,2298.955,2305.171,1813116000,-0.39527826544223377
2019-01-09,2320.912,2360.36,2318.435,2332.719,2874759600,1.195052341019398
2019-01-10,2333.216,2345.331,2321.305,2331.851,2228050700,-0.037209796807924356
2019-01-11,2342.024,2360.061,2334.915,2354.499,1841769300,0.9712455898768679
2019-01-14,2350.256,2354.308,2330.004,2331.136,1646225200,-0.9922705424805778
2019-01-15,2337.702,2380.6,2332.41,2378.37,2246633600,2.026222408302214
2019-01-16,2375.171,2385.216,2366.345,2381.218,1809703900,0.11974587637750833
2019-01-17,2388.593,2396.799,2370.581,2371.348,2155500000,-0.41449375907622876
2019-01-18,2385.622,2422.029,2380.562,2417.363,3008820000,1.9404574950618647
2019-01-21,2418.005,2443.225,2418.005,2432.487,2623723600,0.6256404189193043
2019-01-22,2430.435,2430.435,2394.185,2401.233,1937313700,-1.28485784302238
2019-01-23,2397.409,2414.024,2392.642,2397.049,1629013500,-0.1742438155730941
2019-01-24,2401.376,2414.888,2385.099,2411.562,2041569700,0.6054527879905569
2019-01-25,2419.256,2453.666,2418.009,2441.64,2568367900,1.2472414144857114
2019-01-28,2455.276,2473.119,2429.88,2437.026,2346816300,-0.18897134712734243
2019-01-29,2433.306,2461.518,2423.461,2455.897,2186348000,0.774345452202807
2019-01-30,2445.865,2462.606,2439.332,2440.015,1783517000,-0.6466883586730199
2019-01-31,2454.644,2487.097,2450.184,2483.471,2668129800,1.7809726579549823
2019-02-01,2502.104,2503.553,2479.338,2499.644,2195005400,0.6512256434643149
2019-02-11,2485.503,2528.384,2484.648,2527.474,2521157000,1.1133585422564263
2019-02-12,2528.103,2537.294,2515.026,2533.182,2545880400,0.22583812929428682
2019-02-13,2538.416,2587.876,2528.226,2580.612,3982183200,1.8723486903033493
2019-02-14,2572.642,2585.508,2564.871,2576.306,2771851500,-0.16685964414643317
2019-02-15,2566.337,2568.786,2515.888,2517.462,3031579600,-2.2840454511226516
2019-02-18,2540.532,2583.397,2540.296,2582.851,3740059200,2.5974175578419967
2019-02-19,2586.858,2614.365,2568.176,2579.046,3790737900,-0.14731782824484174
2019-02-20,2593.789,2599.545,2569.983,2588.166,2996518100,0.3536191289337465
2019-02-21,2586.739,2615.47,2569.475,2577.226,3525285500,-0.4226931348298435
2019-02-22,2575.998,2623.093,2555.726,2623.074,4138415100,1.7789669978496292
2019-02-25,2652.906,2788.667,2652.906,2787.699,9693905100,6.276033386782065
2019-02-26,2781.309,2804.163,2729.476,2733.901,8723016100,-1.9298353229670884
2019-02-27,2739.111,2794.932,2722.309,2750.339,7550886500,0.6012653713503235
2019-02-28,2749.87,2767.861,2733.03,2743.972,4634095900,-0.23149873524680453
2019-03-01,2764.946,2819.468,2747.213,2819.468,5610014700,2.7513400282510148
2019-03-04,2839.405,2907.818,2816.979,2832.588,9218016700,0.4653360137444551
2019-03-05,2829.5,2835.106,2807.123,2828.869,6034923500,-0.13129336140660364
2019-03-06,2827.857,2847.378,2797.502,2840.272,6949222400,0.4030939573377079
2019-03-07,2831.361,2831.361,2773.353,2789.7,7326395900,-1.7805336953643947
2019-03-08,2731.53,2753.553,2684.197,2685.592,7203392800,-3.731870810481408
2019-03-11,2683.765,2714.089,2670.793,2708.598,5201405200,0.8566453876835967
2019-03-12,2730.529,2759.609,2704.693,2719.773,6486754400,0.4125750665104233
2019-03-13,2731.501,2747.957,2699.98,2723.962,5406457100,0.15402020683343842
2019-03-14,2720.188,2752.661,2716.269,2729.132,4347181300,0.189797067653652
2019-03-15,2735.999,2783.507,2735.863,2755.805,4412309600,0.9773437122132522
2019-03-18,2763.225,2827.26,2749.199,2825.184,6160523500,2.517558390379593
2019-03-19,2830.242,2842.445,2797.717,2806.896,4345905600,-0.6473206700873257
2019-03-20,2799.325,2831.625,2787.283,2812.918,4032224700,0.21454303971362165
2019-03-21,2816.452,2822.634,2799.834,2802.965,4363138500,-0.3538318571675414
2019-03-22,2804.718,2813.515,2771.956,2795.391,3598807000,-0.2702138628202677
2019-03-25,2757.81,2765.842,2717.294,2718.181,5214091500,-2.7620465258706206
2019-03-26,2737.372,2739.286,2693.911,2706.154,4007395500,-0.44246501612659195
2019-03-27,2721.138,2751.722,2714.095,2741.591,3354201800,1.3094967987778983
2019-03-28,2728.045,2742.701,2709.387,2733.974,3184030300,-0.27783137601486985
2019-03-29,2747.542,2845.228,2746.113,2838.505,5967666900,3.8234087083490964
2019-04-01,2860.144,2906.151,2860.144,2892.619,7791214600,1.9064260940178102
2019-04-02,2900.631,2903.869,2878.395,2888.53,6118746100,-0.14135978502526347
2019-04-03,2869.846,2923.922,2865.296,2920.001,6472374900,1.0895161206565307
2019-04-04,2927.101,2959.59,2921.204,2951.985,7303571600,1.0953420906362643
2019-04-08,2978.503,3007.83,2938.646,2962.275,7453190900,0.34857900700715483
2019-04-09,2968.078,2980.123,2948.306,2967.514,5080214200,0.17685731405761018
2019-04-10,2957.271,2996.407,2941.348,2979.099,4869243800,0.3903941144001388
2019-04-11,2982.393,3000.095,2920.194,2928.427,4281114400,-1.7009169550928016
2019-04-12,2920.553,2933.446,2903.268,2920.515,3252163300,-0.2701791781048457
2019-04-15,2973.022,2999.326,2924.602,2924.926,5843752800,0.15103500581232776
2019-04-16,2914.99,3023.025,2909.665,3023.025,7076416300,3.3538968165348404
2019-04-17,3017.395,3035.405,2996.761,3017.416,4996067500,-0.18554262700440916
2019-04-18,3014.915,3019.545,2993.274,3004.925,3967068400,-0.41396347073124895
2019-04-19,3013.672,3043.926,2989.548,3042.432,3994367200,1.2481842308876168
2019-04-22,3047.426,3048.824,2962.359,2970.488,5675969700,-2.3646871976103268
2019-04-23,2967.996,3007.354,2964.978,2978.845,4106545600,0.28133424541691987
2019-04-24,2989.959,3001.534,2933.528,2974.847,3542572900,-0.1342130926583862
2019-04-25,2962.741,2973.223,2924.025,2927.995,3893448300,-1.5749381396757633
2019-04-26,2913.775,2930.209,2892.528,2892.857,3656219700,-1.2000703553114
2019-04-29,2906.469,2968.162,2899.827,2939.405,3924935500,1.6090667461267527
2019-04-30,2935.241,2955.884,2919.494,2945.244,3212798300,0.19864564427154452
2019-05-06,2853.885,2867.597,2768.801,2805.035,6243606300,-4.760522387958355
2019-05-07,2814.469,2833.196,2777.734,2806.258,3541817700,0.04360016898183883
2019-05-08,2753.611,2796.466,2750.926,2758.244,3039877200,-1.7109617148530099
2019-05-09,2740.349,2748.007,2686.467,2698.78,3075868100,-2.155864383281536
2019-05-10,2731.577,2798.874,2698.807,2793.759,3945327800,3.519330956950917
2019-05-13,2751.756,2767.482,2736.844,2741.112,2659097100,-1.8844503051265282
2019-05-14,2716.726,2754.692,2716.726,2724.734,2622201800,-0.5974947393612595
2019-05-15,2743.781,2797.153,2743.781,2783.544,3071892000,2.1583758267779585
2019-05-16,2777.85,2793.762,2766.15,2791.415,2894630200,0.2827690167642505
2019-05-17,2792.077,2792.506,2728.935,2735.212,3007206300,-2.0134232996526835
2019-05-20,2726.068,2746.66,2697.609,2715.432,3120264600,-0.723161495342961
2019-05-21,2717.874,2764.483,2712.042,2739.785,2696905100,0.8968370410306736
2019-05-22,2739.112,2745.857,2714.65,2725.734,2316872900,-0.5128504608938322
2019-05-23,2710.573,2713.943,2679.542,2685.934,2781015600,-1.4601571539996083
2019-05-24,2693.879,2722.336,2692.526,2702.025,2123707600,0.5990839685561911
2019-05-27,2696.258,2731.304,2667.377,2722.335,2724384800,0.7516584783634483
2019-05-28,2719.061,2759.779,2716.308,2748.799,3467005600,0.9721066657850663
2019-05-29,2728.435,2780.307,2724.852,2755.808,2494085700,0.254984085777088
2019-05-30,2748.429,2752.686,2721.881,2742.964,2439840500,-0.46607020518120157
2019-05-31,2740.303,2762.387,2728.946,2728.946,2218815200,-0.5110530068932695
2019-06-03,2737.806,2762.076,2723.932,2743.064,2709222000,0.517342593074388
2019-06-04,2744.696,2746.515,2713.804,2721.314,2227583200,-0.792908951449911
2019-06-05,2741.938,2747.234,2717.932,2719.595,2576625300,-0.06316801368750902
2019-06-06,2727.697,2727.697,2701.921,2706.762,2139031200,-0.4718717309010967
2019-06-10,2717.914,2752.882,2712.159,2743.375,2708808100,1.352649401757522
2019-06-11,2750.541,2816.992,2750.541,2812.899,4085031500,2.5342506948557775
2019-06-12,2802.527,2805.005,2790.183,2796.732,2644523000,-0.5747451294909611
2019-06-13,2798.022,2804.756,2771.857,2794.536,2345288700,-0.07852021573750978
2019-06-14,2798.396,2816.177,2781.723,2785.606,2612483000,-0.31955215463317366
2019-06-17,2785.473,2813.445,2785.473,2793.704,2047785100,0.29070873626779736
2019-06-18,2800.83,2809.866,2785.381,2806.454,2167640400,0.45638335342612635
2019-06-19,2872.073,2879.235,2842.424,2842.736,4116011000,1.2928057969237905
2019-06-20,2847.317,2954.033,2846.435,2942.629,5736036900,3.5139738618007454
2019-06-21,2939.648,2958.227,2929.903,2938.773,4656020500,-0.13103928493872763
2019-06-24,2942.506,2958.024,2931.667,2949.518,2901601800,0.3656287845301476
2019-06-25,2946.02,2946.708,2875.368,2910.121,3816559500,-1.33570976681614
2019-06-26,2896.765,2915.235,2891.004,2903.487,2402466000,-0.22796302971594962
2019-06-27,2917.204,2952.908,2914.962,2937.128,3347248700,1.1586413164584641
2019-06-28,2932.693,2937.291,2911.666,2930.598,2370867100,-0.22232602733011086
2019-07-01,2984.649,3011.91,2978.752,3002.94,4262271400,2.4685064276983804
2019-07-02,3000.78,3003.884,2988.47,2999.076,3462948800,-0.12867389957841313
2019-07-03,2990.055,2990.055,2953.7,2964.731,3391896500,-1.145186050636926
2019-07-04,2966.332,2974.797,2939.971,2953.272,3292883400,-0.38651061428508493
2019-07-05,2952.714,2967.983,2937.595,2961.922,2384534500,0.2928954732242861
2019-07-08,2944.973,2944.973,2877.737,2897.512,3373258800,-2.1746014918691214
2019-07-09,2894.332,2902.143,2872.03,2881.552,2137470000,-0.5508173909202108
2019-07-10,2896.701,2897.575,2870.67,2878.781,1891152100,-0.09616345635963253
2019-07-11,2897.472,2918.944,2879.636,2887.831,2115726600,0.31436917222951166
2019-07-12,2883.088,2912.899,2878.202,2902.13,2145421000,0.49514670352939216
2019-07-15,2885.977,2920.157,2850.098,2902.61,2819610600,0.016539576104457332
2019-07-16,2900.046,2905.111,2881.404,2884.561,1741151700,-0.6218196726394565
2019-07-17,2877.489,2892.335,2866.466,2875.03,1809983000,-0.3304142294096035
2019-07-18,2869.73,2872.242,2859.069,2859.165,1954208600,-0.551820328831365
2019-07-19,2875.964,2906.547,2875.901,2895.625,2245108900,1.275197478984258
2019-07-22,2897.786,2905.351,2872.527,2881.904,2360318400,-0.47385279516511947
2019-07-23,2885.701,2889.39,2871.507,2881.098,2044874800,-0.02796762140584441
2019-07-24,2894.936,2923.399,2894.595,2906.55,2601987100,0.8834131987179861
2019-07-25,2911.008,2931.176,2903.313,2931.176,2293311300,0.8472587775885332
2019-07-26,2918.107,2943.068,2918.014,2939.355,2352186400,0.27903476283921425
2019-07-29,2936.643,2938.735,2922.676,2930.489,2237200500,-0.301630799954411
2019-07-30,2939.143,2958.297,2938.897,2944.025,2269698000,0.4619024333481603
2019-07-31,2931.853,2932.65,2906.708,2912.661,2388803400,-1.0653442141286162
2019-08-01,2901.154,2909.472,2880.3,2887.867,2427168300,-0.8512490811666718
2019-08-02,2837.369,2852.115,2831.658,2843.77,2994396800,-1.5269747533387168
2019-08-05,2823.346,2828.481,2785.904,2786.72,2835097600,-2.006139737039214
2019-08-06,2736.681,2771.789,2718.212,2760.68,3694169100,-0.9344318769018756
2019-08-07,2771.238,2773.938,2747.249,2747.249,2458846400,-0.4865105698595995
2019-08-08,2771.448,2790.143,2768.714,2786.872,2940696000,1.4422791672687785
2019-08-09,2800.437,2802.815,2767.14,2772.149,2538096600,-0.5282983933241225
2019-08-12,2787.44,2825.085,2782.77,2824.804,2213699700,1.8994289268001285
2019-08-13,2807.959,2812.492,2787.123,2792.914,2146403400,-1.1289278831380867
2019-08-14,2827.038,2831.342,2803.864,2804.355,2610822100,0.40964383436081775
2019-08-15,2758.735,2815.15,2756.377,2814.388,2528467500,0.35776497626014425
2019-08-16,2817.266,2846.257,2805.813,2824.226,2414732800,0.34956089920792355
2019-08-19,2839.246,2877.47,2823.869,2877.231,4191116700,1.8767973951093087
2019-08-20,2869.159,2883.548,2864.709,2875.653,2981758300,-0.05484439726947121
2019-08-21,2868.631,2875.011,2864.815,2869.22,2163744400,-0.22370571136364203
2019-08-22,2878.73,2881.056,2862.44,2878.005,2049305700,0.3061807738688582
2019-08-23,2880.572,2923.933,2876.022,2917.377,2413805700,1.3680309797933
2019-08-26,2869.462,2882.454,2854.509,2863.479,2643657800,-1.8474814876514145
2019-08-27,2883.416,2915.836,2880.996,2887.239,3574136800,0.8297598829954733
2019-08-28,2883.347,2887.852,2860.711,2867.027,2361076500,-0.7000459608643372
2019-08-29,2867.768,2871.634,2843.282,2855.45,2238667000,-0.40379808072962264
2019-08-30,2878.212,2886.347,2856.029,2872.401,2592297500,0.5936367297623812
2019-09-02,2871.287,2902.409,2866.749,2894.958,2975321400,0.7853012166476825
2019-09-03,2897.286,2900.764,2878.1,2892.182,2590498200,-0.09589085575680834
2019-09-04,2888.972,2919.678,2887.585,2919.678,3764714400,0.9507008895014213
2019-09-05,2938.138,2988.208,2938.138,2955.84,5285227200,1.2385612386023537
2019-09-06,2974.802,2981.243,2955.816,2981.073,3146536700,0.853665962974981
2019-09-09,3004.803,3008.671,2974.233,2981.586,3869579800,0.017208568860938023
2019-09-10,2987.513,2988.057,2958.313,2969.805,3603467800,-0.3951252789622717
2019-09-11,2978.974,2980.664,2946.568,2957.144,3519933500,-0.4263242872848627
2019-09-12,2970.012,3001.226,2963.451,2999.562,3182441000,1.4344245664059674
2019-09-16,3003.648,3004.878,2972.579,2982.448,3253393900,-0.5705499669618419
2019-09-17,2974.009,2974.009,2929.306,2937.008,3072249500,-1.5235806290671339
2019-09-18,2947.972,2967.862,2947.677,2954.358,2335392300,0.5907372400756339
2019-09-19,2965.033,2965.11,2941.659,2956.829,2094280900,0.08363915273639222
2019-09-20,2964.916,2970.723,2956.916,2963.435,3023002800,0.223415016559958
2019-09-23,2955.265,2955.265,2916.429,2930.913,2378264600,-1.0974426636656376
2019-09-24,2936.952,2956.292,2929.602,2940.081,2273229600,0.312803553022567
2019-09-25,2930.14,2942.002,2923.151,2928.835,2252651200,-0.38250646835921165
2019-09-26,2939.675,2952.872,2926.537,2927.877,3146691800,-0.03270925128934232
2019-09-27,2929.317,2934.325,2916.068,2929.466,2301456100,0.054271405526939986
2019-09-30,2917.075,2933.511,2897.684,2897.703,1923302100,-1.084259042432989
2019-10-08,2898.534,2938.866,2898.534,2922.348,2496138800,0.8505012418456914
2019-10-09,2908.173,2931.64,2896.264,2922.98,2613601800,0.021626445584166376
2019-10-10,2917.821,2944.024,2910.347,2940.8,2199613300,0.6096517937173696
2019-10-11,2952.472,2989.754,2945.008,2983.12,3117712300,1.4390642002176213
2019-10-14,3007.362,3040.503,2997.663,3013.533,4254331500,1.0195030706106278
2019-10-15,3018.86,3019.294,3005.872,3015.42,2544608300,0.06261753231173728
2019-10-16,3015.166,3043.446,2999.379,3004.723,2625636700,-0.35474328617572937
2019-10-17,3009.686,3018.646,2997.843,3011.754,1893610700,0.23399827538179707
2019-10-18,3020.009,3027.605,2961.133,2963.175,2463127100,-1.6129803430160572
2019-10-21,2957.97,2973.794,2950.304,2968.905,2422354300,0.19337366169733805
2019-10-22,2983.837,2983.837,2956.904,2973.217,2100126200,0.1452387327987914
2019-10-23,2969.985,2977.68,2945.839,2954.305,2263301200,-0.636078698594833
2019-10-24,2963.339,2976.366,2945.68,2959.032,2448273900,0.1600037910777674
2019-10-25,2955.51,2970.542,2935.057,2967.052,2452258300,0.2710345815793769
2019-10-28,2967.628,2984.944,2962.397,2981.362,2849021300,0.4822969061546667
2019-10-29,2982.452,2984.353,2968.21,2968.283,2180299300,-0.4386921145436262
2019-10-30,2966.758,2971.898,2946.969,2952.118,2182011500,-0.5445909301774798
2019-10-31,2964.905,2966.592,2948.327,2954.734,2627764700,0.08861434400657675
2019-11-01,2953.736,3005.177,2947.604,3002.649,2887993900,1.6216349762787408
2019-11-04,3012.938,3025.639,3011.203,3022.275,3090697200,0.6536228510225506
2019-11-05,3024.87,3065.933,3015.797,3039.977,3835986200,0.5857177126502355
2019-11-06,3041.42,3045.458,3024.75,3032.792,2917481600,-0.23635047238843576
2019-11-07,3034.156,3044.724,3021.689,3033.299,2331794600,0.016717269103860843
2019-11-08,3052.691,3055.602,3011.366,3012.459,2829701200,-0.6870407434282022
2019-11-11,2995.142,2995.142,2962.684,2965.708,2851182700,-1.551921536525469
2019-11-12,2972.998,2978.173,2954.777,2971.361,2052769500,0.19061215736679848
2019-11-13,2967.622,2976.264,2955.098,2967.67,2262181200,-0.1242191709455609
2019-11-14,2975.479,2980.698,2964.917,2968.569,2212354800,0.030293125583358282
2019-11-15,2972.482,2976.37,2953.756,2954.701,2202956100,-0.46716111365442403
2019-11-18,2954.776,2985.97,2949.474,2980.946,2387630000,0.8882455449806814
2019-11-19,2973.574,3000.745,2973.574,3000.745,2426587100,0.6641851278084143
2019-11-20,2991.421,2996.506,2962.714,2968.124,2251169600,-1.0870967043184354
2019-11-21,2957.07,2957.346,2940.154,2949.337,2191445200,-0.6329587308346873
2019-11-22,2952.774,2967.777,2913.18,2922.267,2680202100,-0.9178333978111075
2019-11-25,2926.15,2951.79,2925.404,2951.247,3330221100,0.9916958306684487
2019-11-26,2962.369,2965.394,2943.55,2946.567,3022543000,-0.1585770354023186
2019-11-27,2948.342,2953.394,2933.279,2944.322,2035937700,-0.0761903598323066
2019-11-28,2945.34,2952.256,2922.554,2930.482,1777334600,-0.4700572831368377
2019-11-29,2923.452,2927.251,2879.933,2894.715,2079015000,-1.2205159424285794
2019-12-02,2896.51,2913.735,2893.418,2899.439,2133463800,0.1631939586453246
2019-12-03,2892.419,2909.952,2876.517,2909.623,1908833300,0.3512403606352965
2019-12-04,2902.134,2903.944,2887.84,2901.066,1943816800,-0.2940930835369504
2019-12-05,2912.942,2927.343,2907.766,2921.947,2246451100,0.7197699052693185
2019-12-06,2928.361,2939.818,2922.433,2939.818,2138357600,0.6116127363021917
2019-12-09,2944.163,2945.267,2923.79,2933.042,2503409500,-0.23049045893318576
2019-12-10,2925.948,2937.785,2923.753,2936.993,2024609300,0.1347065606288611
2019-12-11,2947.545,2953.941,2934.042,2949.647,2359299900,0.4308488307599001
2019-12-12,2954.405,2954.405,2933.997,2938.044,2068984200,-0.3933691048454313
2019-12-13,2968.863,3006.313,2967.852,3006.313,4189458200,2.3236207490425764
2019-12-16,2999.5,2999.533,2983.194,2999.202,3342979200,-0.236535583620201
2019-12-17,3000.784,3053.826,2991.076,3033.142,4734733500,1.1316343480699098
2019-12-18,3031.887,3041.834,3020.946,3025.785,3249261900,-0.2425537610833861
2019-12-19,3027.675,3029.702,3009.871,3017.713,2692909200,-0.26677374631706163
2019-12-20,3022.12,3033.562,3009.384,3012.626,2509222800,-0.16857136513644955
2019-12-23,3015.294,3028.56,2982.021,2984.243,2745002300,-0.942134868383937
2019-12-24,2985.616,2999.078,2982.418,2996.765,2227545300,0.41960389954838195
2019-12-25,2993.364,2993.558,2976.905,2986.004,2138487600,-0.35908721571428215
2019-12-26,2986.307,3011.636,2985.53,3011.636,2305582400,0.8584047442669274
2019-12-27,3012.035,3047.606,3012.035,3017.779,3442027400,0.2039755136410859
2019-12-30,3016.197,3065.254,3007.956,3062.75,4366664700,1.490201900139132
2019-12-31,3057.299,3065.383,3043.926,3063.219,3107404300,0.01531303567054998
2020-01-02,3073.931,3107.517,3073.931,3090.833,5003639200,0.9014699895763201
2020-01-03,3097.252,3097.409,3072.114,3078.279,3718549300,-0.40616882245013697
2020-01-06,3062.28,3090.84,3040.195,3056.836,4770782700,-0.6965905299682107
2020-01-07,3063.746,3080.271,3061.561,3074.015,3437178800,0.5619863152619198
2020-01-08,3058.359,3058.697,3030.105,3037.853,3765377300,-1.1763768231449645
2020-01-09,3060.774,3071.539,3055.991,3067.546,3315051500,0.9774337336269978
2020-01-10,3079.077,3081.957,3058.164,3067.881,2854238900,0.010920781628054321
2020-01-13,3069.678,3090.131,3054.878,3090.128,2933083500,0.725158505170187
2020-01-14,3097.725,3108.177,3078.458,3080.602,3512901700,-0.30827201979983787
2020-01-15,3078.253,3086.966,3052.705,3058.008,2811608600,-0.7334280767200663
2020-01-16,3067.95,3068.197,3039.073,3043.093,2831231800,-0.4877358071005644
2020-01-17,3054.036,3067.559,3042.59,3053.173,2330451400,0.3312419304963621
2020-01-20,3070.67,3072.289,3054.448,3065.991,2727484900,0.41982553887383034
2020-01-21,3048.946,3050.823,3011.185,3012.112,3280129100,-1.7573110945204973
2020-01-22,2996.81,3023.902,2965.664,3017.879,3315976000,0.19146034410406632
2020-01-23,2993.773,2993.773,2910.394,2932.493,4283935200,-2.829338088107569
2020-02-03,2676.007,2755.845,2676.007,2727.093,5860918400,-7.004279294102322
2020-02-04,2724.131,2796.715,2724.131,2794.661,5701636900,2.477656610904
2020-02-05,2803.737,2833.21,2782.423,2812.899,4418207000,0.6526015141013364
2020-02-06,2829.511,2866.391,2809.366,2854.888,4213425100,1.4927304535285568
2020-02-07,2836.799,2851.824,2819.668,2851.711,3444362800,-0.11128282440502346
2020-02-10,2826.797,2854.829,2817.771,2850.064,3365493400,-0.057754800539044915
2020-02-11,2858.925,2893.067,2854.072,2879.858,3602824400,1.0453800335711971
2020-02-12,2876.671,2895.927,2870.768,2895.586,3123075000,0.5461380387504988
2020-02-13,2898.399,2906.722,2871.265,2875.479,3743476400,-0.6944017549470161
2020-02-14,2870.713,2900.203,2870.629,2895.064,3512599600,0.6811039134697161
2020-02-17,2901.686,2950.283,2898.593,2950.07,4529653200,1.8999925390250638
2020-02-18,2940.646,2944.433,2914.964,2924.398,3809899100,-0.8702166389272126
2020-02-19,2917.125,2942.347,2914.593,2923.763,4027025200,-0.021713870683814918
2020-02-20,2931.372,2981.266,2920.798,2978.183,5022984700,1.8612999754084036
2020-02-21,2965.602,2991.06,2959.513,2968.138,4692015200,-0.3372861909425984
2020-02-24,2949.978,2953.295,2922.163,2930.033,4863757300,-1.2838014944049125
2020-02-25,2891.979,2912.16,2869.643,2909.324,5315794800,-0.7067838485095512
2020-02-26,2877.463,2930.02,2872.829,2901.673,6296502900,-0.26298205356296567
2020-02-27,2904.865,2927.199,2903.747,2912.036,4215225000,0.3571387954466321
2020-02-28,2860.282,2880.795,2818.43,2821.042,5847996500,-3.124755325827022
2020-03-02,2837.774,2922.951,2837.774,2907.886,5488477600,3.078436974706511
2020-03-03,2941.68,2948.551,2910.757,2921.444,5316139800,0.4662493646587329
2020-03-04,2921.068,2949.571,2919.365,2947.567,4256954900,0.8941810967453057
2020-03-05,2966.686,3023.123,2956.651,3018.07,6049796600,2.3919049168348083
2020-03-06,2989.765,2999.485,2962.403,2964.835,4185528800,-1.7638755893667146
2020-03-09,2908.627,2908.627,2864.49,2868.83,5886474700,-3.238122863498305
2020-03-10,2859.869,2935.087,2852.935,2924.217,4805053000,1.9306476856418842
2020-03-11,2927.828,2927.828,2888.361,2888.361,3644206200,-1.2261743912986067
2020-03-12,2858.511,2866.135,2828.29,2841.982,3702363200,-1.605720337589378
2020-03-13,2720.613,2826.724,2715.138,2798.77,4906135500,-1.5204881663571368
2020-03-16,2799.995,2800.178,2689.897,2694.023,4697120600,-3.7426083601010407
2020-03-17,2696.697,2734.799,2629.182,2685.591,4153269400,-0.31298916156247136
2020-03-18,2695.424,2724.302,2625.6,2625.747,3768139200,-2.228336332673142
2020-03-19,2611.75,2630.052,2517.304,2569.789,4952352800,-2.131126875513889
2020-03-20,2597.979,2636.141,2580.357,2628.416,3723143600,2.2813935307529176
2020-03-23,2548.846,2586.106,2548.004,2559.619,3254972100,-2.6174319438018956
2020-03-24,2608.245,2641.873,2592.605,2639.383,3686841400,3.1162450349055737
2020-03-25,2700.096,2711.117,2681.088,2700.187,3849119400,2.30372022552241
2020-03-26,2676.616,2716.335,2673.441,2689.28,2822602100,-0.4039349867249853
2020-03-27,2722.468,2733.521,2701.445,2701.445,3538694500,0.45235155878153854
2020-03-30,2667.12,2696.331,2664.718,2690.042,3404970700,-0.4221074276914871
2020-03-31,2713.499,2716.021,2684.207,2689.379,3029903800,-0.024646455334154105
2020-04-01,2684.5,2722.325,2680.077,2682.08,2751937300,-0.2714009442328469
2020-04-02,2667.941,2719.886,2665.805,2719.886,2873089300,1.4095776412336614
2020-04-03,2707.819,2720.844,2697.832,2708.825,2444455900,-0.4066714560830964
2020-04-07,2756.27,2762.306,2743.159,2757.406,3595465100,1.793434422674034
2020-04-08,2742.357,2753.493,2736.093,2743.887,2540167600,-0.4902796323791203
2020-04-09,2754.717,2760.586,2749.416,2752.588,2382049700,0.31710489535465847
2020-04-10,2755.197,2787.284,2742.523,2749.847,2544479400,-0.09957901436756789
2020-04-13,2740.093,2749.479,2731.029,2739.167,1918766200,-0.3883852447063574
2020-04-14,2756.5,2785.801,2745.99,2785.72,2672299500,1.6995312808602003
2020-04-15,2783.276,2788.086,2761.435,2764.488,2305149500,-0.7621727955429813
2020-04-16,2751.694,2771.434,2750.292,2768.262,2301637900,0.1365171416913391
2020-04-17,2790.835,2825.959,2782.713,2809.076,3486971900,1.4743546672966623
2020-04-20,2812.801,2821.006,2799.916,2819.794,2762756400,0.3815489506157732
2020-04-21,2808.913,2808.913,2767.274,2784.533,2494367600,-1.2504814181461432
2020-04-22,2774.439,2804.237,2768.395,2804.237,2069456300,0.7076231454251181
2020-04-23,2813.732,2820.241,2794.464,2797.661,2452956300,-0.23450229064091443
2020-04-24,2789.051,2789.051,2770.337,2776.025,1991477400,-0.7733603177797477
2020-04-27,2786.467,2818.538,2783.174,2805.22,2314714000,1.0516836123593887
2020-04-28,2814.23,2832.062,2781.149,2825.139,2708422800,0.7100690854906277
2020-04-29,2814.596,2852.104,2814.069,2844.814,2543013400,0.6964259103711345
2020-04-30,2851.145,2882.695,2851.145,2861.908,3038905300,0.6008828696709267
2020-05-06,2823.292,2865.113,2823.272,2863.845,3545978100,0.06768211976067029
2020-05-07,2860.959,2863.16,2845.661,2854.423,2390200000,-0.32899825234955493
2020-05-08,2864.856,2883.691,2858.108,2873.013,2703717900,0.651269976454083
2020-05-11,2876.772,2897.99,2864.963,2871.848,2530899800,-0.04054976430667434
2020-05-12,2871.314,2880.503,2855.022,2869.597,2133015000,-0.0783815856549408
2020-05-13,2860.82,2869.702,2845.337,2867.712,1832565100,-0.06568866638765325
2020-05-14,2854.778,2854.778,2833.947,2834.533,1981834300,-1.1569850807891524
2020-05-15,2845.91,2849.175,2818.367,2819.691,1947058000,-0.5236135899635008
2020-05-18,2821.726,2849.85,2813.257,2837.172,2262686600,0.619961548978254
2020-05-19,2869.232,2872.697,2854.886,2860.668,2270551600,0.8281485930355936
2020-05-20,2861.593,2864.669,2847.255,2856.14,1994922900,-0.15828470832687236
2020-05-21,2866.745,2867.915,2844.144,2846.824,1907114500,-0.3261744872450123
2020-05-22,2840.879,2841.105,2775.309,2775.81,2597130200,-2.4944991330689947
2020-05-25,2784.435,2789.815,2762.298,2789.71,1867492300,0.5007547346540298
2020-05-26,2806.248,2811.825,2796.846,2808.842,1811040900,0.6858060515250619
2020-05-27,2810.475,2814.559,2790.843,2795.481,1975995300,-0.4756764531433144
2020-05-28,2797.368,2830.463,2785.321,2809.665,2294337200,0.5073903203062224
2020-05-29,2791.623,2813.825,2788.867,2806.664,2147102600,-0.10680988658788859
2020-06-01,2832.217,2873.054,2832.217,2870.356,2843344300,2.269313320012656
2020-06-02,2864.529,2890.807,2862.677,2885.921,2670394300,0.5422672309636667
2020-06-03,2900.87,2922.783,2889.084,2889.109,2784097500,0.1104673343449214
2020-06-04,2900.964,2902.899,2876.442,2883.363,2189472900,-0.19888484650458782
2020-06-05,2886.233,2896.35,2871.871,2896.35,2126970100,0.450411550678842
2020-06-08,2907.675,2925.199,2904.035,2909.587,2930062900,0.4570234950886487
2020-06-09,2911.948,2931.539,2905.843,2928.304,2440088000,0.6432871744340485
2020-06-10,2925.166,2925.166,2905.211,2908.475,2271766600,-0.6771496402013022
2020-06-11,2899.487,2907.657,2867.197,2876.513,2899854300,-1.098926413326573
2020-06-12,2840.802,2884.991,2837.551,2884.116,3409594400,0.2643130762836732
2020-06-15,2862.49,2875.027,2838.607,2838.607,2931049700,-1.5779185025844966
2020-06-16,2867.713,2879.525,2861.011,2878.992,2421833300,1.4227048689727129
2020-06-17,2879.848,2882.103,2864.155,2881.132,2224461300,0.07433157160561255
2020-06-18,2872.168,2892.119,2860.496,2888.958,2763430400,0.27162934568774055
2020-06-19,2891.309,2933.903,2888.922,2925.936,3713736100,1.2799770713177505
2020-06-22,2921.297,2947.612,2912.494,2921.892,3726298500,-0.1382121823580662
2020-06-23,2913.011,2929.797,2902.122,2925.416,2754012800,0.12060678491883081
2020-06-24,2928.522,2947.191,2926.845,2943.473,3017957300,0.6172455472999383
2020-06-29,2935.542,2942.492,2909.451,2925.483,3248337700,-0.6111827762646294
2020-06-30,2933.928,2951.123,2928.683,2942.074,2701559800,0.5671200277014066
2020-07-01,2950.492,3010.362,2941.38,3009.861,4266806900,2.304054894608365
2020-07-02,3005.357,3088.96,3003.778,3084.238,6722380600,2.4711107921595143
2020-07-03,3101.386,3159.169,3101.261,3159.158,7820941600,2.429125119397413
2020-07-06,3198.738,3384.867,3198.738,3374.136,12216786900,6.804914474046564
2020-07-07,3438.856,3465.468,3381.761,3381.761,10862413900,0.22598377777303114
2020-07-08,3378.109,3466.63,3371.592,3429.945,9145721300,1.4248197906357118
2020-07-09,3426.596,3451.925,3403.725,3442.021,8493444000,0.3520756163728489
2020-07-10,3403.996,3411.094,3338.593,3351.78,7904651800,-2.6217446087632768
2020-07-13,3338.708,3421.94,3327.697,3390.115,8002418600,1.1437206499233188
2020-07-14,3374.07,3391.903,3310.889,3348.031,7678639500,-1.2413738177023403
2020-07-15,3363.924,3374.288,3303.151,3313.765,7041203100,-1.0234672259605726
2020-07-16,3313.562,3326.694,3162.025,3162.025,7468306800,-4.579081497933613
2020-07-17,3181.698,3223.541,3151.218,3185.891,4944909900,0.7547694910698066
2020-07-20,3219.918,3293.625,3189.467,3287.915,6304753600,3.2023694470400876
2020-07-21,3302.722,3305.198,3272.473,3286.815,4451198100,-0.03345585272125362
2020-07-22,3278.738,3354.715,3273.808,3291.361,5440375100,0.13831018782619608
2020-07-23,3263.074,3303.427,3224.508,3284.11,5566558300,-0.22030400190072852
2020-07-24,3265.519,3270.558,3136.645,3158.285,6063813600,-3.8313272088937422
2020-07-27,3178.047,3194.14,3136.033,3163.231,3762745600,0.1566039796915275
2020-07-28,3188.957,3205.566,3168.897,3185.89,3571045100,0.7163245428487341
2020-07-29,3184.717,3245.702,3171.044,3243.385,4364869100,1.8046762443147957
2020-07-30,3252.204,3263.187,3231.356,3231.519,3610894500,-0.36585234253720955
2020-07-31,3226.423,3284.379,3199.905,3249.338,4289790500,0.5514125091017785
2020-08-03,3271.177,3284.793,3251.818,3281.101,4829902600,0.9775221906739073
2020-08-04,3293.918,3329.559,3279.143,3312.134,6254047700,0.945810567855121
2020-08-05,3298.138,3300.896,3257.288,3292.309,4557928400,-0.5985567009064163
2020-08-06,3295.433,3311.364,3243.649,3292.2,4894575300,-0.003310746348550442
2020-08-07,3277.444,3288.787,3219.423,3263.746,4898104900,-0.8642852803596335
2020-08-10,3250.544,3309.984,3232.094,3285.76,5327140300,0.6745010181552047
2020-08-11,3291.34,3333.75,3257.367,3262.824,5382280200,-0.6980424620179226
2020-08-12,3255.538,3266.583,3199.546,3249.738,5102494700,-0.4010636185096228
2020-08-13,3261.128,3265.508,3230.166,3241.845,3709207100,-0.242881118416316
2020-08-14,3236.948,3292.031,3230.215,3288.514,3674747700,1.4395814728958456
2020-08-17,3300.903,3397.5,3299.211,3368.849,7589903100,2.4428967004549884
2020-08-18,3369.867,3377.521,3350.778,3367.331,4744415700,-0.04505990028048634
2020-08-19,3361.719,3366.682,3306.334,3307.659,4441944700,-1.7720859636311426
2020-08-20,3285.202,3288.206,3252.179,3264.533,3705290000,-1.3038224315142566
2020-08-21,3287.434,3299.939,3261.547,3284.727,2805014200,0.6185877122393935
2020-08-24,3306.561,3320.972,3291.657,3298.721,2966615100,0.42603236128908595
2020-08-25,3312.033,3335.034,3300.198,3310.839,2844995500,0.3673544989103439
2020-08-26,3308.93,3327.817,3269.088,3277.89,3292243700,-0.9951858124179425
2020-08-27,3286.784,3291.681,3257.565,3290.786,2813580000,0.39342381837097484
2020-08-28,3296.524,3372.744,3286.144,3368.438,3900870000,2.35967942005344
2020-08-31,3386.62,3408.581,3343.214,3343.888,4790515600,-0.728824458101951
2020-09-01,3333.207,3355.096,3328.124,3355.096,3046645000,0.33517869019537017
2020-09-02,3371.573,3373.35,3316.501,3347.304,3551230800,-0.23224372715415775
2020-09-03,3349.262,3374.014,3322.901,3334.412,3125236400,-0.3851457770193689
2020-09-04,3293.492,3314.547,3283.312,3309.21,2863754700,-0.7558154181306898
2020-09-07,3303.642,3328.724,3243.428,3253.426,3258005400,-1.6857195524007218
2020-09-08,3267.312,3296.144,3249.246,3289.914,3238056300,1.1215254319600465
2020-09-09,3253.497,3267.862,3217.147,3235.703,3009657700,-1.647793832908706
2020-09-10,3264.321,3273.903,3239.585,3245.502,2997384800,0.3028399083599531
2020-09-11,3238.467,3270.59,3230.316,3265.497,2351028000,0.6160834286960792
2020-09-14,3283.932,3298.933,3275.302,3294.151,2112587600,0.8774774559584753
2020-09-15,3291.196,3321.176,3275.064,3317.64,2131642000,0.7130517089228849
2020-09-16,3314.207,3322.321,3283.88,3295.584,2222920600,-0.6648099251274964
2020-09-17,3286.149,3287.263,3253.516,3264.686,2342308200,-0.937557652907639
2020-09-18,3267.63,3347.778,3264.326,3347.778,4457796200,2.5451758607106356
2020-09-21,3359.232,3360.919,3311.108,3311.594,2979959900,-1.0808363039604085
2020-09-22,3285.769,3319.95,3260.493,3270.519,2682006000,-1.2403392444846895
2020-09-23,3271.474,3284.397,3256.179,3275.739,2046780700,0.15960769529239638
2020-09-24,3259.121,3264.826,3214.703,3218.716,2564758700,-1.740767503149676
2020-09-25,3232.693,3244.032,3219.305,3229.777,2091022000,0.34364634841967945
2020-09-28,3237.3,3268.263,3237.3,3250.502,2097437300,0.6416851689760694
2020-09-29,3266.007,3266.944,3241.323,3241.323,1902774300,-0.2823871512769416
2020-09-30,3252.595,3269.312,3218.548,3232.418,2269494600,-0.27473349616806697
2020-10-09,3281.465,3296.672,3274.19,3286.857,2462439400,1.6841571851165194
2020-10-12,3302.982,3388.595,3302.619,3387.885,3977357200,3.0736962392948763
2020-10-13,3381.641,3391.989,3363.975,3386.893,2792826200,-0.02928080498600938
2020-10-14,3380.558,3380.558,3359.621,3369.498,2582262800,-0.5135975656744951
2020-10-15,3369.723,3392.934,3363.81,3371.401,2738516800,0.05647725566240158
2020-10-16,3374.17,3400.421,3362.178,3380.169,3493234500,0.2600699234531989
2020-10-19,3398.752,3430.556,3349.164,3354.308,4126470400,-0.7650800891908061
2020-10-20,3352.028,3365.184,3340.843,3363.503,2639252700,0.27412509525064355
2020-10-21,3372.687,3380.055,3351.724,3377.425,3132950400,0.4139137084165023
2020-10-22,3370.084,3378.645,3328.315,3369.53,2739885900,-0.23375796649814928
2020-10-23,3364.598,3395.405,3346.608,3346.608,3391157200,-0.6802729164008037
2020-10-26,3320.027,3328.678,3288.583,3304.704,3465014400,-1.252133503535524
2020-10-27,3298.064,3305.608,3281.617,3294.088,2557950900,-0.3212390580215385
2020-10-28,3295.445,3324.803,3285.044,3313.231,2827984400,0.5811320159024191
2020-10-29,3278.978,3351.117,3277.572,3324.44,3021895400,0.33831024761026285
2020-10-30,3321.939,3332.868,3271.267,3280.384,3573711100,-1.3252156754220312
2020-11-02,3280.617,3298.082,3249.955,3265.896,3466539800,-0.4416556110504066
2020-11-03,3284.04,3324.406,3282.554,3307.485,3408546600,1.2734330793142234
2020-11-04,3311.54,3340.532,3301.317,3332.19,2834493000,0.7469421630029949
2020-11-05,3366.401,3386.979,3345.201,3369.503,3127710800,1.1197740825102942
2020-11-06,3380.198,3380.198,3339.47,3359.119,3503194400,-0.30817601290160646
2020-11-09,3382.8,3428.13,3382.8,3418.275,4391814200,1.7610569914313867
2020-11-10,3439.36,3440.557,3402.383,3416.141,4176163300,-0.062429149205378565
2020-11-11,3415.884,3432.265,3407.844,3411.23,4041518900,-0.1437587031682841
2020-11-12,3413.207,3420.648,3387.33,3397.354,2709848200,-0.40677409614714444
2020-11-13,3376.911,3377.16,3318.452,3338.31,3451369600,-1.7379407621342935
2020-11-16,3352.689,3377.11,3344.4,3377.11,3232489300,1.1622647387450558
2020-11-17,3376.874,3388.961,3362.5,3379.274,3307422900,0.06407845761611242
2020-11-18,3377.843,3408.304,3372.997,3387.045,4360586400,0.22996063651541387
2020-11-19,3377.228,3415.856,3372.838,3410.094,3260615000,0.6805046877145005
2020-11-20,3407.728,3415.254,3398.788,3411.932,2972074800,0.053898807481544964
2020-11-23,3427.778,3485.894,3426.78,3469.805,4925155500,1.6961944141911323
2020-11-24,3461.432,3470.914,3437.73,3442.723,3424010900,-0.7805049563303967
2020-11-25,3461.479,3475.255,3420.292,3420.292,4066377900,-0.6515482076251855
2020-11-26,3418.559,3447.613,3414.064,3445.739,3346527100,0.7440008046096791
2020-11-27,3453.309,3498.659,3447.608,3498.659,5390124800,1.5358098799705955
2020-11-30,3509.659,3570.215,3469.418,3469.418,8429298300,-0.8357773649847022
2020-12-01,3480.564,3559.065,3476.937,3554.014,5248868900,2.4383340375820906
2020-12-02,3555.595,3568.724,3527.125,3545.34,3944280600,-0.24406206615955606
2020-12-03,3545.279,3550.105,3519.426,3536.814,3586787100,-0.2404846925823878
2020-12-04,3535.938,3546.713,3504.434,3541.521,3323861700,0.13308587898601676
2020-12-07,3547.931,3548.778,3495.651,3509.942,3545074500,-0.8916790271750519
2020-12-08,3512.857,3529.353,3490.886,3499.057,2893594100,-0.31011908458886683
2020-12-09,3511.758,3517.916,3467.995,3468.527,3065472700,-0.8725207963173998
2020-12-10,3464.942,3478.906,3442.153,3459.035,2922844300,-0.27366083642998973
2020-12-11,3473.874,3477.466,3404.929,3427.857,3890638700,-0.9013496538774479
2020-12-14,3443.028,3472.117,3435.307,3467.767,2498221800,1.1642842744023385
2020-12-15,3466.492,3476.877,3443.861,3468.829,2615418200,0.030624894925179724
2020-12-16,3480.927,3494.646,3469.552,3485.405,2246253000,0.477855783608816
2020-12-17,3497.391,3543.735,3491.919,3539.54,2709120100,1.5531910925703052
2020-12-18,3529.023,3538.565,3493.296,3507.974,2627780000,-0.8918108002734737
2020-12-21,3505.906,3531.419,3481.263,3522.262,2671759500,0.40730062423495195
2020-12-22,3519.05,3526.112,3467.532,3470.902,3487845900,-1.4581538795240157
2020-12-23,3483.188,3516.024,3473.097,3494.587,2723877500,0.6823874600896174
2020-12-24,3495.849,3521.038,3474.016,3489.274,2011957100,-0.15203513319314022
2020-12-25,3476.553,3514.514,3468.403,3512.486,2105465600,0.6652386714256275
2020-12-28,3514.712,3548.532,3503.972,3523.837,2641329900,0.3231614303943253
2020-12-29,3533.126,3539.668,3513.655,3517.35,2601459000,-0.18408910514305932
2020-12-30,3513.786,3574.206,3512.314,3574.131,2678723400,1.6143119109556903
2020-12-31,3581.449,3646.753,3581.364,3640.639,3657484600,1.8608159577810701
2021-01-04,3632.691,3659.168,3608.342,3643.359,4354664400,0.07471215904679696
2021-01-05,3627.645,3683.363,3620.558,3683.363,4723374300,1.0979977542701747
2021-01-06,3688.953,3736.648,3670.541,3736.648,4516610600,1.4466399320403722
2021-01-07,3750.877,3808.07,3729.988,3808.07,4291806300,1.9113922424590202
2021-01-08,3815.568,3833.863,3752.085,3788.319,4158564400,-0.5186616842652647
2021-01-11,3794.83,3849.679,3763.15,3776.529,4745100000,-0.3112198312760883
2021-01-12,3764.649,3906.123,3764.649,3906.123,4817586700,3.43156374543927
2021-01-13,3913.999,3931.945,3844.28,3873.229,5527384900,-0.8421137788031774
2021-01-14,3863.097,3866.949,3800.793,3811.224,5086885900,-1.6008606772282108
2021-01-15,3825.541,3866.007,3789.476,3817.935,5563524300,0.17608516319165268
2021-01-18,3807.992,3873.449,3796.432,3849.398,4224838400,0.8240842235397006
2021-01-19,3855.747,3862.106,3792.595,3808.694,4274705600,-1.0574120940469167
2021-01-20,3813.906,3838.313,3790.538,3814.654,3437234300,0.15648408614605813
2021-01-21,3833.784,3874.665,3812.806,3850.056,3673022900,0.928052714610561
2021-01-22,3851.134,3862.895,3823.326,3846.395,3825948000,-0.09508952597053755
2021-01-25,3843.492,3903.188,3828.747,3898.147,3733650100,1.345467639179021
2021-01-26,3878.254,3878.254,3809.656,3813.29,2958442000,-2.1768547979334807
2021-01-27,3818.422,3831.618,3790.809,3818.268,2870605400,0.13054344149014963
2021-01-28,3771.786,3779.407,3720.117,3735.034,3004120600,-2.1798888920316783
2021-01-29,3758.888,3767.014,3675.49,3713.247,3274233000,-0.5833146364932706
2021-02-01,3712.783,3747.729,3699.197,3746.372,2948901600,0.8920763956720368
2021-02-02,3751.741,3774.061,3731.515,3771.47,2885874800,0.6699281331378648
2021-02-03,3768.715,3796.432,3747.376,3775.722,3160919300,0.11274118579758241
2021-02-04,3764.425,3820.336,3759.434,3801.618,3316378000,0.6858555794096999
2021-02-05,3819.801,3876.68,3808.171,3840.766,4158374600,1.029772060212264
2021-02-08,3856.943,3896.536,3835.1,3890.465,3333989300,1.293986668284397
2021-02-09,3900.856,3952.936,3871.788,3952.828,3274005900,1.6029703390211703
2021-02-10,3967.677,4039.231,3967.362,4028.529,3895860300,1.9151098909439002
2021-02-18,4097.866,4110.18,3996.628,4014.324,5120308500,-0.3526100966382506
2021-02-19,3994.826,4023.884,3956.978,4014.456,4289972600,0.0032882248667487346
2021-02-22,4020.009,4020.009,3879.482,3881.868,5872642700,-3.302763811584941
2021-02-23,3854.164,3942.087,3854.164,3897.716,4345561200,0.4082570556237286
2021-02-24,3902.363,3910.01,3766.596,3805.472,3934393100,-2.3666167570956853
2021-02-25,3844.616,3878.208,3818.714,3851.029,4668898600,1.1971445329252095
2021-02-26,3768.897,3819.038,3753.443,3756.86,4157310200,-2.4452944914203467
2021-03-01,3793.365,3795.052,3747.579,3787.87,3365770700,0.8254233588688376
2021-03-02,3812.35,3812.35,3689.011,3718.774,3521619700,-1.8241386320016262
2021-03-03,3710.263,3818.072,3708.231,3817.413,3657957900,2.6524601925258295
2021-03-04,3769.973,3781.275,3686.09,3708.661,3637371800,-2.848840301010136
2021-03-05,3655.907,3721.276,3627.289,3688.682,3613758200,-0.5387119502159976
2021-03-08,3713.459,3732.779,3571.415,3573.431,4175297800,-3.124449329055734
2021-03-09,3570.256,3595.186,3489.97,3509.614,4234406100,-1.785874695775569
2021-03-10,3563.564,3572.374,3528.317,3532.052,2809628700,0.6393295672971533
2021-03-11,3554.683,3633.772,3554.683,3625.305,3105623000,2.6401932927374805
2021-03-12,3647.51,3647.51,3600.392,3632.578,3513969900,0.2006176032085527
2021-03-15,3620.042,3627.307,3539.486,3566.877,3748883200,-1.8086604059155742
2021-03-16,3579.011,3608.115,3556.618,3599.165,2839404100,0.9052176455762284
2021-03-17,3588.233,3616.936,3552.487,3590.834,2622956500,-0.2314703549295527
2021-03-18,3598.85,3619.331,3586.504,3605.605,2340686900,0.41135290575951
2021-03-19,3565.093,3573.057,3496.382,3512.02,3468129800,-2.5955422182962318
2021-03-22,3516.657,3558.936,3511.724,3538.427,2639342300,0.7519034629643429
2021-03-23,3541.329,3542.816,3482.587,3516.363,2531091500,-0.6235539125153733
2021-03-24,3507.548,3528.735,3457.445,3466.042,2563980400,-1.4310524823517912
2021-03-25,3454.461,3479.128,3439.513,3463.873,2326182800,-0.06257858387174187
2021-03-26,3483.695,3539.226,3480.334,3529.728,2481084700,1.9011955692370908
2021-03-29,3543.245,3563.4,3510.411,3537.711,2820582800,0.22616473563967787
2021-03-30,3541.377,3582.018,3531.63,3577.243,2577895500,1.1174457156053696
2021-03-31,3573.857,3573.857,3518.168,3539.37,2998529900,-1.058720360903631
2021-04-01,3547.461,3586.358,3545.088,3582.65,2135773900,1.2228164899403149
2021-04-02,3592.884,3616.8,3583.041,3616.764,2339673500,0.9522001870124086
2021-04-06,3624.804,3624.804,3581.761,3594.709,1797446900,-0.6097992570153976
2021-04-07,3593.173,3593.173,3537.064,3558.469,2280001300,-1.0081483647215839
2021-04-08,3541.055,3582.912,3533.318,3573.037,1947345400,0.4093895436492412
2021-04-09,3564.657,3565.222,3504.494,3514.111,1968586000,-1.6491852729204837
2021-04-12,3505.714,3520.734,3465.655,3477.065,2485500600,-1.054206881911235
2021-04-13,3483.013,3505.39,3448.568,3461.459,2107433100,-0.44882681226839916
2021-04-14,3469.396,3484.057,3442.234,3469.173,1950031300,0.2228540046263605
2021-04-15,3456.548,3456.548,3399.761,3431.493,2126270100,-1.0861378201663552
2021-04-16,3445.094,3456.723,3411.097,3448.104,1868805600,0.48407500758416155
2021-04-19,3449.049,3515.881,3426.821,3513.395,2719346500,1.8935333737033488
2021-04-20,3496.807,3532.792,3491.893,3510.124,2117662100,-0.09310083267040081
2021-04-21,3493.793,3524.541,3488.491,3516.098,2075010200,0.17019341766844054
2021-04-22,3521.977,3524.707,3477.059,3487.427,2267914100,-0.8154209581189065
2021-04-23,3487.122,3533.235,3482.86,3524.022,2055236700,1.0493409611154636
2021-04-26,3540.534,3548.206,3462.159,3467.661,2586322700,-1.5993373480642226
2021-04-27,3469.979,3482.601,3450.02,3476.302,2080416600,0.24918814151670965
2021-04-28,3457.174,3473.039,3440.204,3473.039,2245125900,-0.0938641119212269
2021-04-29,3483.103,3519.832,3468.624,3517.21,3148052500,1.271825625914369
2021-04-30,3518.864,3522.613,3471.38,3491.188,3402655400,-0.7398477770732992
2021-05-06,3475.051,3510.397,3443.31,3449.939,2993342900,-1.1815175808349565
2021-05-07,3457.908,3470.515,3402.075,3406.31,3009252800,-1.2646310557954732
2021-05-10,3410.009,3416.027,3371.134,3399.985,2804888900,-0.18568480261631493
2021-05-11,3380.628,3443.359,3371.474,3437.714,2493574100,1.1096813662413219
2021-05-12,3423.42,3456.069,3421.657,3447.862,2368968000,0.29519616815127936
2021-05-13,3418.581,3435.447,3395.807,3413.889,2188266800,-0.9853352599378917
2021-05-14,3426.425,3504.648,3406.714,3503.037,3452724800,2.6113327058963964
2021-05-17,3502.74,3556.493,3502.208,3539.913,3016509100,1.0526865688258669
2021-05-18,3543.11,3550.076,3520.666,3537.696,2378258700,-0.06262865782294957
2021-05-19,3531.788,3531.788,3501.383,3511.467,2380663300,-0.7414147512957547
2021-05-20,3514.428,3530.491,3496.52,3522.451,2382719600,0.31280373701361164
2021-05-21,3532.872,3544.266,3475.263,3481.862,2064464400,-1.1522942405728265
2021-05-24,3482.993,3499.445,3457.292,3497.747,2298654300,0.4562214125660269
2021-05-25,3505.814,3645.075,3505.626,3641.292,4418286500,4.103927471026347
2021-05-26,3656.34,3678.067,3643.985,3657.19,3455939600,0.4366032715860335
2021-05-27,3645.482,3709.002,3628.96,3664.942,2987912000,0.21196601762554224
2021-05-28,3663.875,3689.248,3630.574,3659.296,2868284600,-0.15405427971302288
2021-05-31,3652.888,3652.892,3615.423,3650.225,2632840100,-0.24788921147673726
2021-06-01,3641.969,3652.949,3608.204,3650.903,2816154700,0.018574197480969445
2021-06-02,3661.942,3665.919,3604.777,3622.398,2797539200,-0.7807657448034022
2021-06-03,3620.791,3637.005,3589.233,3591.156,2602014600,-0.862467348977114
2021-06-04,3574.301,3655.92,3573.703,3612.701,2885758100,0.5999460897827991
2021-06-07,3610.891,3613.284,3579.011,3601.109,2569817900,-0.3208679600110842
2021-06-08,3597.943,3634.816,3558.463,3580.284,2607966900,-0.5782940755195032
2021-06-09,3575.487,3599.624,3572.357,3587.532,2729685900,0.20244204091073303
2021-06-10,3588.143,3634.921,3582.164,3607.679,2865759200,0.5615838409246177
2021-06-11,3610.137,3611.246,3564.649,3576.777,4072974500,-0.8565617949934046
2021-06-15,3570.405,3579.088,3513.13,3528.668,3754748900,-1.345037725304088
2021-06-16,3525.75,3532.848,3480.408,3486.288,3162933300,-1.2010197615644258
2021-06-17,3477.472,3503.553,3467.578,3481.6,2944641900,-0.13446967089351114
2021-06-18,3475.546,3488.258,3426.035,3454.589,3611934200,-0.7758214613970527
2021-06-21,3440.744,3455.565,3410.403,3431.252,3045691500,-0.6755362215302596
2021-06-22,3444.75,3469.808,3437.955,3464.706,3262588500,0.9749793952761321
2021-06-23,3469.279,3496.438,3460.686,3471.341,2956453300,0.19150254018667212
2021-06-24,3476.683,3487.273,3452.614,3483.909,2876918300,0.36205028546605345
2021-06-25,3483.161,3545.434,3479.741,3535.019,3602721100,1.4670302812157088
2021-06-28,3541.105,3543.704,3502.78,3520.743,2970171700,-0.4038450712711805
2021-06-29,3514.323,3517.364,3475.445,3482.733,2881460800,-1.0796016636261063
2021-06-30,3477.382,3504.964,3477.382,3498.649,2493278600,0.4569974212780492
2021-07-01,3510.558,3535.332,3479.52,3535.249,2955315700,1.0461180872959774
2021-07-02,3495.598,3495.598,3403.804,3408.237,3471086200,-3.5927313747914136
2021-07-05,3402.109,3415.561,3376.837,3404.791,3092679300,-0.10110799219654742
2021-07-06,3405.47,3406.765,3368.141,3405.279,2921183300,0.014332744653033913
2021-07-07,3384.567,3433.728,3382.238,3424.39,2691945900,0.561216863581504
2021-07-08,3432.889,3434.15,3365.531,3373.256,3386245300,-1.493229451084721
2021-07-09,3359.204,3373.143,3329.745,3361.595,3163660600,-0.3456897430850203
2021-07-12,3385.121,3413.348,3357.134,3384.507,3841631900,0.6815812136798272
2021-07-13,3384.748,3409.788,3377.2,3391.742,3140767500,0.2137682090774362
2021-07-14,3385.389,3385.389,3328.877,3339.381,3473367600,-1.5437789784718436
2021-07-15,3335.051,3414.416,3332.784,3411.289,3195519300,2.1533332075615252
2021-07-16,3405.399,3413.265,3365.954,3369.899,2722985500,-1.213324347482736
2021-07-19,3362.579,3390.267,3322.321,3385.366,2981703700,0.45897517996831283
2021-07-20,3364.314,3382.095,3357.748,3378.629,2586536200,-0.19900359370301768
2021-07-21,3385.135,3410.818,3375.63,3388.52,3349058200,0.2927518824943576
2021-07-22,3386.911,3410.63,3378.124,3392.717,3695544300,0.12385938403787211
2021-07-23,3389.398,3389.434,3353.038,3357.447,3684790700,-1.0395797822217445
2021-07-26,3339.865,3339.865,3195.618,3228.37,4433959400,-3.844498513304906
2021-07-27,3228.438,3238.388,3117.613,3126.376,4984873200,-3.159303301666161
2021-07-28,3107.12,3171.08,3098.022,3154.635,4051963700,0.9038899991555827
2021-07-29,3206.436,3207.898,3159.771,3182.796,3564991500,0.8926864756144459
2021-07-30,3160.467,3160.467,3114.509,3132.821,3238885100,-1.5701603244442919
2021-08-02,3112.297,3217.813,3082.828,3211.144,4557498400,2.5000790022794206
2021-08-03,3197.891,3235.398,3181.765,3223.826,3889518500,0.3949371314397654
2021-08-04,3219.399,3242.389,3211.399,3233.103,3364954200,0.2877636696273278
2021-08-05,3214.469,3266.295,3198.372,3227.359,3184362600,-0.17766214067415076
2021-08-06,3211.64,3213.102,3181.377,3195.696,2990772300,-0.9810808156142548
2021-08-09,3171.095,3253.08,3169.194,3235.206,3874285800,1.2363503912762752
2021-08-10,3231.146,3290.247,3193.96,3288.651,3246484200,1.6519813576013398
2021-08-11,3280.811,3298.408,3259.534,3262.575,4006631800,-0.7929087032950588
2021-08-12,3247.8,3262.895,3222.689,3226.114,3226328300,-1.117552853191106
2021-08-13,3212.333,3242.312,3199.855,3217.837,2820957300,-0.2565625393274984
2021-08-16,3212.663,3246.932,3205.533,3222.622,3254956200,0.14870237367523576
2021-08-17,3219.825,3240.334,3141.656,3149.878,3978466900,-2.2572923538658807
2021-08-18,3148.382,3204.874,3133.88,3190.552,4550028900,1.291288107031452
2021-08-19,3179.925,3185.727,3130.467,3144.375,4519962300,-1.447304416289097
2021-08-20,3105.157,3118.703,3044.879,3072.755,3853661800,-2.2777181474855857
2021-08-23,3079.289,3109.986,3069.53,3099.887,3166401500,0.88298611506612
2021-08-24,3106.23,3160.558,3104.972,3147.769,3820824500,1.5446369496694423
2021-08-25,3160.744,3173.372,3138.217,3159.803,3366680000,0.3823025133038671
2021-08-26,3156.914,3156.914,3087.301,3088.831,3159988800,-2.246089392281725
2021-08-27,3086.047,3145.976,3084.314,3123.049,3261342600,1.1077977396626748
2021-08-30,3141.12,3141.756,3092.826,3112.702,4520878800,-0.3313108439861101
2021-08-31,3099.471,3122.91,3056.698,3097.058,5160766900,-0.5025858562753616
2021-09-01,3087.256,3185.824,3064.496,3165.037,7304135800,2.194954049940301
2021-09-02,3166.273,3189.251,3149.252,3167.097,5178647200,0.0650861269552383
2021-09-03,3172.498,3203.318,3137.879,3175.879,5276918600,0.2772886337235603
2021-09-06,3175.882,3228.948,3166.616,3211.198,4575531200,1.1121015630633169
2021-09-07,3210.269,3259.922,3192.019,3248.052,4618544600,1.1476713675083294
2021-09-08,3240.997,3254.099,3203.279,3213.257,4206310000,-1.0712574798679375
2021-09-09,3195.988,3208.632,3183.214,3204.278,5235507300,-0.27943609863761987
2021-09-10,3203.059,3268.729,3201.738,3252.325,6146535000,1.499464153859309
2021-09-13,3246.858,3271.104,3222.221,3242.036,5146173700,-0.3163582975256096
2021-09-14,3243.677,3257.622,3182.204,3188.261,5692556900,-1.6586799159540533
2021-09-15,3180.549,3180.549,3130.968,3146.634,4282133900,-1.3056333844688406
2021-09-16,3145.439,3157.899,3113.037,3128.589,4552637400,-0.5734699364463802
2021-09-17,3117.929,3162.053,3110.032,3161.922,4002869400,1.065432372229136
2021-09-22,3100.39,3129.777,3096.032,3122.337,4058164000,-1.2519284156914723
2021-09-23,3135.748,3159.967,3116.561,3127.821,3779774000,0.17563767139805453
2021-09-24,3120.427,3173.054,3120.427,3145.112,3538273300,0.5528129646805269
2021-09-27,3162.428,3218.882,3162.428,3199.975,4229347300,1.744389388994727
2021-09-28,3197.038,3224.566,3173.847,3211.154,3810590300,0.34934647926936346
2021-09-29,3186.121,3222.278,3160.391,3199.226,4081216500,-0.37145524630708415
2021-09-30,3202.017,3213.559,3189.18,3196.991,2969816000,-0.0698606475441288
2021-10-08,3229.069,3263.933,3215.558,3256.261,3892310800,1.8539307742811983
2021-10-11,3264.722,3318.145,3263.161,3276.407,3842253200,0.6186850501234353
2021-10-12,3266.021,3280.065,3232.324,3259.38,3498337100,-0.5196851306934702
2021-10-13,3257.397,3307.225,3243.613,3292.762,2877853700,1.024182513238725
2021-10-14,3289.981,3301.908,3264.254,3270.692,2411163200,-0.6702579779528595
2021-10-15,3258.568,3301.153,3251.097,3294.833,3261920300,0.7381006832804848
2021-10-18,3289.321,3289.321,3213.244,3229.631,3243351200,-1.9789166856104767
2021-10-19,3227.007,3265.514,3226.073,3256.668,2912722500,0.8371544612991499
2021-10-20,3264.473,3282.571,3242.102,3254.998,2758482300,-0.05127940582214663
2021-10-21,3256.605,3294.051,3253.572,3278.542,3130680700,0.7233184167855011
2021-10-22,3287.932,3336.729,3282.875,3318.128,3129766200,1.2074269599108511
2021-10-25,3295.247,3316.569,3284.889,3312.303,2834601400,-0.17555079249504946
2021-10-26,3312.304,3327.659,3285.235,3290.036,2598345400,-0.6722513006811259
2021-10-27,3282.265,3282.265,3236.146,3247.097,2804493600,-1.3051224971398434
2021-10-28,3240.539,3252.728,3223.72,3239.61,2992402000,-0.23057518762144014
2021-10-29,3241.912,3267.249,3239.083,3267.249,3477475100,0.8531582505301394
2021-11-01,3239.889,3262.489,3223.869,3250.915,3343144300,-0.49993128775920326
2021-11-02,3245.037,3267.762,3187.355,3212.026,3974412300,-1.1962478256121734
2021-11-03,3207.737,3220.339,3173.329,3181.451,2726038700,-0.9518914230457587
2021-11-04,3194.474,3216.226,3187.955,3207.264,2663500800,0.8113593451541501
2021-11-05,3197.612,3229.97,3189.682,3201.546,2644968800,-0.17828279804843472
2021-11-08,3198.69,3214.329,3185.944,3196.27,2577310300,-0.16479538323047604
2021-11-09,3206.291,3214.89,3172.087,3186.958,2363506800,-0.2913395927127471
2021-11-10,3177.611,3182.258,3125.292,3170.405,3085177300,-0.5193981219708488
2021-11-11,3169.013,3233.588,3164.944,3233.37,3806182200,1.9860238676131292
2021-11-12,3239.349,3241.127,3213.753,3220.548,2576431200,-0.3965522040471736
2021-11-15,3228.021,3241.918,3209.484,3221.687,2220424000,0.03536665188657029
2021-11-16,3222.507,3243.446,3212.205,3222.173,2424140300,0.015085264335112925
2021-11-17,3217.105,3226.105,3202.564,3208.776,1980082400,-0.4157753168436362
2021-11-18,3199.21,3199.21,3164.696,3173.376,2004218200,-1.1032244070636188
2021-11-19,3170.789,3217.816,3168.304,3212.908,2570957800,1.2457395530816262
2021-11-22,3217.332,3228.29,3209.422,3212.151,2625728600,-0.023561209969291674
2021-11-23,3206.94,3237.649,3206.425,3224.155,2648181200,0.3737059683682542
2021-11-24,3226.02,3247.775,3214.086,3231.835,2321025300,0.23820194748700452
2021-11-25,3233.26,3236.262,3212.733,3218.051,2101052600,-0.4265069225378171
2021-11-26,3213.631,3214.046,3181.143,3187.358,2303656800,-0.953776058862954
2021-11-29,3170.695,3188.112,3163.964,3187.049,2718079300,-0.009694549529737362
2021-11-30,3186.254,3196.039,3153.631,3165.35,2341928200,-0.6808492746738448
2021-12-01,3166.613,3182.382,3165.697,3180.418,2500413500,0.4760295070055598
2021-12-02,3179.989,3198.031,3169.023,3190.872,2741773700,0.3286989320271605
2021-12-03,3191.174,3221.422,3191.174,3221.422,2726907900,0.9574185363750098
2021-12-06,3234.431,3257.188,3223.209,3228.142,3541274300,0.20860352974554353
2021-12-07,3255.555,3262.085,3237.159,3254.499,3778374300,0.816475855151344
2021-12-08,3263.258,3306.973,3247.326,3304.708,3274665800,1.5427566577835838
2021-12-09,3312.333,3393.161,3309.95,3360.184,4255631300,1.6786959695077375
2021-12-10,3339.239,3353.63,3332.986,3353.63,3939067800,-0.1950488425633834
2021-12-13,3391.622,3428.738,3363.688,3366.068,3974870500,0.3708817013206689
2021-12-14,3353.03,3364.518,3342.121,3350.497,3146983300,-0.4625872085769034
2021-12-15,3340.749,3359.674,3318.409,3318.98,2482180700,-0.9406664145647614
2021-12-16,3312.701,3330.856,3304.531,3330.856,2533735800,0.3578207762625851
2021-12-17,3321.669,3330.231,3278.116,3278.899,2633376700,-1.5598692948599502
2021-12-20,3264.098,3294.133,3247.301,3255.352,2784848500,-0.7181373991696605
2021-12-21,3253.287,3277.372,3251.957,3273.031,2453674100,0.5430749117146139
2021-12-22,3280.694,3287.756,3257.012,3260.571,2234285700,-0.3806868923636797
2021-12-23,3265.707,3287.188,3246.235,3287.188,2141772600,0.8163294097874418
2021-12-24,3293.301,3306.909,3278.202,3290.236,2180618400,0.09272362882803975
2021-12-27,3286.111,3291.979,3264.023,3278.437,1967563600,-0.35860649509640297
2021-12-28,3282.6,3307.789,3280.266,3303.4,2600226200,0.7614299130957791
2021-12-29,3308.213,3308.231,3240.845,3240.845,2009854100,-1.8936550220984505
2021-12-30,3240.263,3276.999,3236.159,3261.794,2228503200,0.6464054899262495
2021-12-31,3269.611,3282.68,3261.836,3274.321,2054996100,0.38405245702211044
2022-01-04,3277.665,3281.74,3224.34,3264.066,2998263700,-0.31319470510069447
2022-01-05,3259.206,3289.158,3244.213,3254.279,3706405000,-0.2998407507691314
2022-01-06,3242.533,3251.117,3194.954,3210.385,3173040300,-1.3488087530294623
2022-01-07,3213.264,3240.743,3213.264,3223.267,4069472400,0.4012602849813751
2022-01-10,3217.345,3237.217,3197.9,3236.116,3338280400,0.3986328157115082
2022-01-11,3229.459,3247.904,3210.403,3214.529,3066642000,-0.6670650866656191
2022-01-12,3220.194,3244.228,3211.28,3236.308,3244169300,0.6775176083339218
2022-01-13,3243.047,3247.817,3182.847,3184.107,3478230400,-1.6129799759479035
2022-01-14,3173.849,3173.849,3136.992,3139.045,3451703200,-1.4152162600063356
2022-01-17,3139.411,3159.188,3134.075,3147.699,2703608500,0.2756889436118293
2022-01-18,3147.846,3198.473,3137.112,3187.524,3505729400,1.2652099200082256
2022-01-19,3194.919,3201.94,3172.263,3187.192,3099126700,-0.010415607851110842
2022-01-20,3188.138,3251.223,3187.605,3233.701,4026112700,1.4592468856598595
2022-01-21,3227.202,3234.467,3202.732,3218.735,3233270900,-0.4628133522548872
2022-01-24,3204.179,3218.977,3185.523,3209.745,2827422900,-0.27930227247661144
2022-01-25,3192.121,3198.114,3144.726,3144.949,3031000600,-2.0187273443840525
2022-01-26,3156.65,3169.529,3126.545,3163.674,2418172700,0.595399162275756
2022-01-27,3168.135,3168.762,3115.858,3119.239,3110144200,-1.4045378885435111
2022-01-28,3127.176,3140.291,3048.326,3054.021,3355530500,-2.090830487820905
2022-02-07,3102.62,3129.193,3096.688,3114.26,3647509700,1.9724487814589464
2022-02-08,3107.886,3118.582,3061.224,3116.505,4036531200,0.0720877511832585
2022-02-09,3118.969,3148.23,3110.882,3139.564,3914440300,0.7398993423722855
2022-02-10,3145.328,3146.964,3125.113,3145.113,3650563200,0.17674428678631227
2022-02-11,3133.796,3172.086,3130.694,3142.912,4359771100,-0.06998158730704418
2022-02-14,3131.394,3131.841,3093.642,3103.997,3892574500,-1.2381829335342487
2022-02-15,3101.364,3126.423,3097.083,3119.928,2931343800,0.5132414754266845
2022-02-16,3134.883,3150.857,3129.041,3136.082,2483496300,0.517768358756987
2022-02-17,3138.77,3156.865,3132.095,3139.177,2546109500,0.09869002149816009
2022-02-18,3126.278,3162.822,3121.954,3162.822,2387899300,0.7532228988680778
2022-02-21,3155.318,3155.882,3128.585,3144.865,2635931000,-0.5677524691557245
2022-02-22,3122.04,3122.294,3082.387,3102.325,3155638900,-1.352681275666845
2022-02-23,3108.903,3120.343,3094.207,3118.038,2968900600,0.5064910994173832
2022-02-24,3098.141,3104.699,3038.354,3059.641,4707185000,-1.8728764691129496
2022-02-25,3076.805,3104.865,3068.185,3075.587,3563301800,0.5211722551763387
2022-02-28,3069.1,3081.357,3049.557,3080.777,3066536900,0.16874827471959897
2022-03-01,3093.93,3129.257,3093.93,3125.691,2763798100,1.4578789701429118
2022-03-02,3108.62,3113.349,3097.89,3107.241,2774565200,-0.5902694796126595
2022-03-03,3117.648,3124.892,3090.198,3097.089,3705587700,-0.32672071461467
2022-03-04,3068.398,3079.467,3052.686,3062.382,3091675000,-1.1206329556560979
2022-03-07,3042.016,3042.016,2965.221,2974.676,4265843700,-2.8639797386478927
2022-03-08,2983.048,3005.556,2920.969,2933.164,4105561100,-1.3955133264933584
2022-03-09,2949.333,2965.566,2809.993,2907.178,4727191800,-0.8859375063924202
2022-03-10,2969.485,2973.61,2931.088,2933.461,3422380000,0.9040726092451212
2022-03-11,2897.343,2944.25,2852.789,2935.684,3645774600,0.07578079272232419
2022-03-14,2889.835,2920.709,2851.858,2851.877,3237405400,-2.8547691100268335
2022-03-15,2808.725,2825.55,2702.853,2702.853,5215842000,-5.225470803965249
2022-03-16,2746.15,2836.846,2688.695,2827.75,4811657400,4.620932029969804
2022-03-17,2888.237,2918.536,2861.244,2877.219,4322726300,1.749412076739465
2022-03-18,2869.701,2925.724,2853.773,2913.185,4130299600,1.25002650128474
2022-03-21,2919.262,2919.262,2868.396,2892.107,3048465700,-0.7235379833412603
2022-03-22,2893.569,2921.727,2885.015,2900.768,3074521000,0.2994702478158695
2022-03-23,2908.965,2928.443,2890.49,2916.508,3004670000,0.5426149212897968
2022-03-24,2898.144,2918.303,2885.372,2903.617,2773392700,-0.44200118772174113
2022-03-25,2898.491,2910.917,2855.329,2856.428,2676999900,-1.625179904925489
2022-03-28,2817.26,2866.067,2798.7,2853.182,3213623900,-0.11363843233577198
2022-03-29,2854.802,2873.611,2837.697,2842.153,2365905500,-0.38655087547867506
2022-03-30,2864.241,2915.491,2861.546,2915.491,3400523200,2.580367770489489
2022-03-31,2901.074,2915.515,2892.105,2898.826,3316818000,-0.5716018331046069
2022-04-01,2886.361,2954.509,2877.065,2943.244,3396884700,1.5322754797976845
2022-04-06,2918.503,2941.054,2910.019,2931.198,4339490800,-0.4092762951355855
2022-04-07,2916.803,2943.245,2896.729,2902.482,3282274200,-0.979667699009068
2022-04-08,2903.24,2929.891,2889.198,2925.491,3623532000,0.7927353210114729
2022-04-11,2908.542,2908.542,2839.562,2846.38,3591882300,-2.7041956375869813
2022-04-12,2854.287,2895.531,2827.632,2894.258,3399392600,1.682066343917521
2022-04-13,2881.735,2914.202,2871.055,2882.279,3114819000,-0.41388846467729223
2022-04-14,2905.773,2947.453,2897.054,2928.596,2866772700,1.6069575499110256
2022-04-15,2911.139,2943.601,2908.556,2930.578,2958959500,0.06767748094991255
2022-04-18,2902.444,2902.444,2875.962,2887.721,2910085900,-1.4624077571045668
2022-04-19,2881.901,2899.261,2843.649,2861.567,2842842300,-0.9056969146257532
2022-04-20,2859.604,2868.569,2828.211,2835.352,2926854100,-0.9161064549598197
2022-04-21,2821.359,2848.825,2784.558,2797.529,3285548000,-1.3339789909683097
2022-04-22,2773.368,2826.681,2769.674,2814.127,3084168500,0.5933093097515663
2022-04-25,2750.555,2772.551,2682.519,2683.413,4428581300,-4.644921853207052
2022-04-26,2685.274,2729.187,2667.913,2681.028,4030079900,-0.08887934879946435
2022-04-27,2674.455,2737.033,2674.18,2734.54,4208586100,1.995950806929292
2022-04-28,2725.632,2775.062,2722.238,2769.712,3783453000,1.2862126719667577
2022-04-29,2772.946,2820.553,2742.972,2805.336,4141487500,1.286198709468711
2022-05-05,2806.044,2824.54,2799.722,2800.929,3523176000,-0.15709348185029004
2022-05-06,2754.971,2760.437,2716.165,2719.761,2747984600,-2.8978956624748475
2022-05-09,2706.417,2716.658,2679.309,2695.133,2189333500,-0.9055207424475964
2022-05-10,2653.992,2733.106,2644.869,2718.371,3433016100,0.8622208996736047
2022-05-11,2714.682,2769.48,2713.865,2741.232,3813222000,0.8409816025847894
2022-05-12,2723.409,2740.516,2711.349,2721.77,2583563500,-0.7099727421830737
2022-05-13,2741.771,2760.431,2729.575,2748.237,2726297700,0.9724186834302762
2022-05-16,2764.386,2765.898,2710.57,2720.406,2727873900,-1.012685587160067
2022-05-17,2730.423,2756.74,2723.698,2756.74,2836239400,1.335609464175569
2022-05-18,2765.276,2765.276,2720.919,2745.528,2531908300,-0.4067122760942232
2022-05-19,2711.454,2748.303,2708.814,2744.545,2597853900,-0.03580367783536653
2022-05-20,2759.835,2807.979,2759.835,2807.942,3466762100,2.3099275107531403
2022-05-23,2813.933,2813.933,2769.701,2782.548,2848875300,-0.9043634092157249
2022-05-24,2784.654,2786.542,2733.697,2734.192,3260985000,-1.7378316564529928
2022-05-25,2737.645,2749.072,2727.486,2743.417,2377273800,0.3373940089064664
2022-05-26,2749.985,2760.797,2717.745,2744.898,2844144400,0.05398377279137723
2022-05-27,2766.32,2789.238,2753.778,2763.072,2918524700,0.6621011053962622
2022-05-30,2777.849,2788.98,2767.087,2778.451,2767430700,0.5565906353507843
2022-05-31,2780.56,2817.49,2769.563,2813.219,3251868800,1.2513447240926734
2022-06-01,2811.153,2812.783,2783.607,2798.068,2624483700,-0.5385645411892903
2022-06-02,2786.08,2794.098,2776.728,2790.316,2526837300,-0.2770483061884321
2022-06-06,2792.44,2826.596,2762.957,2825.651,4339136800,1.266344026984756
2022-06-07,2828.163,2863.143,2819.815,2846.81,3667886300,0.7488185908309353
2022-06-08,2857.694,2888.668,2849.261,2879.311,3529928800,1.1416638272311985
2022-06-09,2877.882,2896.745,2857.824,2868.424,3931963100,-0.3781112912082163
2022-06-10,2843.581,2902.475,2836.855,2899.579,4360883700,1.0861364986487487
2022-06-13,2862.904,2868.621,2826.981,2844.724,4742483000,-1.8918263651378386
2022-06-14,2814.817,2884.466,2808.98,2882.703,4986870200,1.3350680065974618
2022-06-15,2882.151,2971.36,2882.151,2923.989,6794505200,1.4321974896477352
2022-06-16,2927.161,2936.468,2888.735,2891.335,4708186800,-1.116762067162358
2022-06-17,2876.511,2943.324,2876.511,2936.2,4039392900,1.5517053541011183
2022-06-20,2935.223,2951.065,2904.383,2924.915,4561041800,-0.3843403037940174
2022-06-21,2924.146,2945.699,2902.378,2926.475,5588918300,0.05333488323591151
2022-06-22,2932.056,2932.056,2890.759,2892.286,5659816100,-1.1682655754790217
2022-06-23,2896.723,2936.644,2896.723,2935.883,6285940400,1.5073543902643038
2022-06-24,2945.289,2983.611,2944.192,2974.754,6300014300,1.3239969031463517
2022-06-27,2991.102,3034.686,2991.102,3013.948,6141922500,1.3175543255005362
2022-06-28,3012.622,3044.544,2991.542,3039.413,5479232600,0.8449050879444586
2022-06-29,3029.384,3050.451,3001.278,3009.236,5072538500,-0.9928561863754681
2022-06-30,3001.813,3085.222,3001.813,3058.398,4387491900,1.6337037041960212
2022-07-01,3066.585,3072.855,3033.599,3045.269,4568476300,-0.4292770267310009
2022-07-04,3031.06,3051.056,3011.332,3050.152,4090379800,0.1603470826386788
2022-07-05,3058.43,3078.398,3018.192,3052.111,4599256700,0.06422630741025337
2022-07-06,3041.49,3041.49,2979.33,2996.728,4420669300,-1.8145801381404536
2022-07-07,2994.362,3005.005,2968.348,2989.208,3600641100,-0.25094035895150135
2022-07-08,3012.882,3022.348,2992.627,2993.306,3445529700,0.13709316982959407
2022-07-11,2974.359,2974.359,2930.103,2942.296,4421239100,-1.7041358284118013
2022-07-12,2942.519,2953.704,2910.451,2922.005,3827040000,-0.6896314986663432
2022-07-13,2918.347,2930.389,2902.664,2914.295,4158447500,-0.2638599181041812
2022-07-14,2906.481,2916.183,2882.571,2895.299,4785324900,-0.6518214525296884
2022-07-15,2873.815,2912.32,2839.394,2839.394,4668847800,-1.9308886577863005
2022-07-18,2849.988,2880.751,2826.126,2878.639,3704412800,1.3821611231129127
2022-07-19,2876.317,2876.404,2839.057,2865.603,3183718300,-0.45285289332910317
2022-07-20,2883.515,2887.939,2867.591,2874.078,2543596000,0.2957492716192611
2022-07-21,2862.867,2866.314,2836.237,2836.662,3197566600,-1.3018435825332575
2022-07-22,2845.925,2869.362,2828.645,2848.436,2768592400,0.41506531268089564
2022-07-25,2846.832,2846.978,2829.236,2837.26,2159877200,-0.3923556646524551
2022-07-26,2845.14,2864.462,2843.003,2854.639,2543163500,0.6125275794252261
2022-07-27,2847.009,2847.857,2825.616,2829.922,2285126500,-0.8658537909697173
2022-07-28,2839.254,2861.519,2826.535,2827.107,2846646000,-0.0994727063148737
2022-07-29,2827.474,2849.247,2784.571,2792.329,3356866800,-1.2301621410155228
2022-08-01,2785.693,2794.179,2763.58,2781.682,2800376500,-0.3812946110576698
2022-08-02,2757.193,2757.193,2705.73,2730.755,3854856800,-1.8307987757047561
2022-08-03,2735.159,2755.679,2705.95,2710.724,3084380300,-0.7335334001036364
2022-08-04,2724.804,2743.615,2717.785,2741.087,2697448900,1.1201066578522934
2022-08-05,2748.649,2777.107,2738.142,2774.335,2824229400,1.212949461290358
2022-08-08,2762.316,2771.357,2751.365,2761.157,2384618200,-0.47499671092351425
2022-08-09,2760.236,2769.73,2752.487,2764.068,2190369500,0.10542681926453135
2022-08-10,2762.364,2770.498,2719.609,2730.961,2293691000,-1.1977635861346592
2022-08-11,2744.681,2787.365,2737.875,2787.063,2947238500,2.0542951730178505
2022-08-12,2780.048,2802.576,2774.965,2796.889,2666247700,0.35255751305227623
2022-08-15,2787.508,2811.237,2779.626,2782.666,2645829000,-0.5085292980879785
2022-08-16,2785.941,2793.269,2764.656,2769.261,2347749400,-0.48173226682614034
2022-08-17,2773.387,2791.707,2751.017,2785.853,2803054800,0.5991490148454792
2022-08-18,2778.126,2783.758,2751.482,2759.294,2258313200,-0.9533525279331045
2022-08-19,2755.087,2772.225,2750.063,2750.631,2818665800,-0.3139571209157088
2022-08-22,2737.399,2767.278,2736.131,2756.369,2912813600,0.2086066797036823
2022-08-23,2754.634,2759.686,2727.738,2735.666,2490853800,-0.7510968233933824
2022-08-24,2738.384,2750.872,2706.152,2708.09,3092530600,-1.0080177916456212
2022-08-25,2715.638,2756.939,2707.457,2752.556,3196400900,1.641969063066595
2022-08-26,2758.507,2763.643,2745.517,2751.589,2603134700,-0.03513098371114021
2022-08-29,2721.859,2736.596,2718.967,2732.206,2489050700,-0.7044293315607741
2022-08-30,2731.981,2741.595,2705.046,2726.66,2593052200,-0.20298615843754586
2022-08-31,2713.294,2779.616,2713.294,2761.783,3988639500,1.2881327338208681
2022-09-01,2750.033,2757.879,2731.696,2732.399,2542247900,-1.0639503538112938
2022-09-02,2737.197,2740.663,2698.328,2711.264,2278133500,-0.7734961109266858
2022-09-05,2700.108,2706.959,2676.605,2697.767,2493869000,-0.4978120905968719
2022-09-06,2706.097,2726.716,2703.998,2724.498,2912444800,0.9908565120709145
2022-09-07,2709.767,2718.172,2703.084,2710.686,2345475400,-0.5069557768073163
2022-09-08,2714.028,2725.249,2707.466,2708.278,2420902200,-0.08883360153113529
2022-09-09,2719.014,2763.168,2710.766,2757.566,3248564000,1.8199017973782539
2022-09-13,2769.41,2781.397,2751.093,2769.235,2992899200,0.4231630358076721
2022-09-14,2734.91,2760.402,2732.783,2745.428,2484849900,-0.8596959087979306
2022-09-15,2753.129,2769.457,2728.835,2743.789,3369886100,-0.059699252721234775
2022-09-16,2731.965,2738.648,2678.033,2678.033,3844177400,-2.3965399671767917
2022-09-19,2677.333,2695.401,2669.087,2679.586,2726037900,0.05799032349489419
2022-09-20,2688.168,2691.553,2666.657,2673.88,2375139400,-0.21294334274024607
2022-09-21,2667.168,2670.065,2641.719,2652.214,2396014700,-0.8102831839873259
2022-09-22,2631.997,2645.566,2621.822,2629.37,2422923600,-0.8613181289292671
2022-09-23,2625.249,2649.807,2618.94,2629.809,3027793400,0.016696014634698386
2022-09-26,2612.667,2650.254,2611.529,2614.9,3438453300,-0.5669233012739694
2022-09-27,2616.05,2645.737,2605.241,2642.921,2614497000,1.0715897357451487
2022-09-28,2635.256,2637.016,2608.641,2611.982,2473208600,-1.1706365797539808
2022-09-29,2633.068,2644.075,2596.958,2608.977,2596901700,-0.11504673462527926
2022-09-30,2618.079,2631.776,2604.927,2610.117,2324446400,0.043695287463263455
2022-10-10,2610.757,2611.046,2542.006,2545.049,3371835800,-2.4929150685582324
2022-10-11,2552.166,2553.212,2532.284,2539.946,2421649600,-0.2005069450529251
2022-10-12,2537.807,2556.516,2482.551,2555.024,2863560600,0.5936346678236504
2022-10-13,2534.513,2541.157,2517.435,2523.632,2862722300,-1.2286381654340595
2022-10-14,2544.241,2599.141,2541.382,2584.685,3344961900,2.4192513012990746
2022-10-17,2572.609,2588.344,2561.244,2585.497,2682674200,0.031415820496505376
2022-10-18,2594.7,2598.213,2565.041,2569.968,2097505000,-0.6006195327242669
2022-10-19,2562.545,2572.304,2519.903,2519.903,2159068300,-1.9480787309413938
2022-10-20,2495.022,2535.387,2494.285,2501.496,2383318200,-0.7304646250272162
2022-10-21,2503.109,2510.597,2473.198,2487.221,2725154900,-0.570658517942868
2022-10-24,2468.698,2493.059,2386.538,2392.598,3980191500,-3.804366399286596
2022-10-25,2386.849,2427.323,2376.163,2394.92,2843940900,0.09704931626626223
2022-10-26,2395.871,2438.693,2392.735,2400.516,3658010900,0.2336612496450785
2022-10-27,2413.021,2432.153,2379.057,2381.263,3551725200,-0.8020358956157825
2022-10-28,2364.752,2377.912,2322.643,2326.942,3245822300,-2.2811843966836
2022-10-31,2300.884,2327.063,2288.011,2295.924,4152062500,-1.3329941184610505
2022-11-01,2306.435,2396.997,2306.435,2396.629,5009886700,4.3862514612853065
2022-11-02,2385.708,2437.951,2375.508,2418.322,4229089000,0.9051463534823334
2022-11-03,2396.47,2409.144,2376.074,2387.452,2865275600,-1.2765049484725344
2022-11-04,2383.962,2479.228,2383.962,2468.276,4062206800,3.385366491137809
2022-11-07,2452.005,2490.32,2449.63,2477.767,4044196100,0.38451939734454044
2022-11-08,2476.653,2482.578,2442.923,2459.091,2729935200,-0.753743188927769
2022-11-09,2460.24,2470.407,2435.019,2440.352,2512532500,-0.7620295466902238
2022-11-10,2422.011,2451.467,2414.351,2440.317,3820402100,-0.0014342193257355085
2022-11-11,2511.779,2546.087,2482.113,2518.049,6150088100,3.1853238739065537
2022-11-14,2550.974,2577.201,2532.551,2538.297,5034200000,0.8041146141318123
2022-11-15,2535.278,2594.271,2526.619,2583.723,3658090100,1.7896250911536349
2022-11-16,2581.933,2595.295,2568.384,2572.887,2883615500,-0.4193948035451034
2022-11-17,2566.282,2569.427,2531.303,2560.017,2748370300,-0.5002162939919397
2022-11-18,2563.271,2572.71,2544.845,2546.715,2845696200,-0.5196059244918949
2022-11-21,2523.053,2523.053,2489.437,2514.854,2553077900,-1.2510626434446115
2022-11-22,2516.695,2555.786,2508.861,2531.344,3729538100,0.6557040687053872
2022-11-23,2524.185,2554.755,2520.826,2535.523,3596386100,0.1650901655405157
2022-11-24,2550.297,2562.076,2517.184,2520.563,2231919200,-0.5900163398241731
2022-11-25,2518.876,2554.537,2512.876,2544.615,4129528800,0.9542312570643752
2022-11-28,2489.468,2507.779,2458.872,2503.623,3277473700,-1.6109313196691732
2022-11-29,2538.609,2611.752,2538.609,2607.75,4908325000,4.1590527008259714
2022-11-30,2595.233,2623.853,2593.513,2606.543,4055544000,-0.046285111686317215
2022-12-01,2661.177,2678.341,2629.89,2631.205,4415753300,0.9461574200003486
2022-12-02,2628.108,2630.26,2609.512,2614.614,2931479400,-0.6305476008140687
2022-12-05,2647.458,2676.418,2635.747,2676.143,5462980300,2.353272796672856
2022-12-06,2663.112,2704.903,2658.16,2684.846,3625603300,0.3252068368543748
2022-12-07,2678.637,2705.243,2661.248,2670.647,3453257800,-0.5288571486036786
2022-12-08,2667.359,2681.653,2661.751,2672.896,2633491900,0.08421180335702605
2022-12-09,2676.714,2712.884,2663.604,2706.739,3834628300,1.266154762474847
2022-12-12,2689.572,2700.395,2670.203,2673.939,3163207900,-1.2117902760480526
2022-12-13,2673.537,2688.217,2668.484,2676.9,2852129800,0.11073551042115604
2022-12-14,2678.468,2698.015,2663.784,2686.368,2596693300,0.3536927042474547
2022-12-15,2689.572,2697.418,2661.852,2675.188,2315916300,-0.4161752969064514
2022-12-16,2662.481,2691.194,2662.481,2688.29,2496106800,0.4897599720094403
2022-12-19,2688.12,2696.933,2635.189,2646.179,2635463300,-1.5664604637148472
2022-12-20,2636.079,2640.011,2580.872,2599.488,2172397100,-1.7644686924051745
2022-12-21,2608.869,2617.924,2602.606,2607.424,1573883000,0.30529088805180127
2022-12-22,2632.202,2645.73,2608.437,2619.757,2106950300,0.4729955695736532
2022-12-23,2602.412,2628.386,2595.849,2615.879,1592901400,-0.14802899658251656
2022-12-26,2617.182,2625.884,2604.899,2607.523,1981241700,-0.31943373527597574
2022-12-27,2623.175,2640.74,2616.929,2632.453,2181466100,0.9560797737929727
2022-12-28,2629.985,2646.707,2620.119,2638.306,2317118900,0.22234015194193546
2022-12-29,2622.193,2627.431,2605.049,2622.072,2277666700,-0.6153190721622126
2022-12-30,2633.164,2648.405,2631.849,2635.248,2388975700,0.502503363752016
2023-01-03,2628.672,2645.992,2603.723,2641.422,3023010000,0.23428534999363482
2023-01-04,2644.291,2659.535,2637.716,2651.005,2806552100,0.36279700858099506
2023-01-05,2670.458,2705.739,2668.145,2700.308,2771489400,1.859785251253765
2023-01-06,2704.238,2721.928,2698.909,2713.631,2836725900,0.49338816164674615
2023-01-09,2730.995,2747.611,2722.146,2742.201,2968289700,1.0528329017467808
2023-01-10,2742.697,2748.637,2731.824,2733.619,2421291500,-0.3129602826342781
2023-01-11,2739.937,2760.097,2733.429,2740.193,2474804500,0.2404870612912724
2023-01-12,2749.694,2752.116,2732.825,2741.945,2225790300,0.06393710224059657
2023-01-13,2751.582,2787.356,2747.364,2787.356,2465201500,1.6561601345030708
2023-01-16,2789.871,2864.879,2787.953,2834.291,3927658400,1.6838538026717753
2023-01-17,2833.74,2837.592,2813.719,2827.027,2496952600,-0.25628984462076065
2023-01-18,2829.786,2838.831,2807.546,2810.086,2056246800,-0.5992514397634041
2023-01-19,2807.562,2823.114,2786.081,2820.807,2393665200,0.3815185727411796
2023-01-20,2831.682,2847.313,2822.69,2836.807,3441054600,0.5672135668977063
2023-01-30,2895.355,2895.355,2835.653,2839.122,4202651800,0.08160583360095064
2023-01-31,2842.518,2853.899,2804.979,2807.952,3003290000,-1.0978746246198545
2023-02-01,2819.18,2820.874,2780.887,2820.874,3755598700,0.4601930517330599
2023-02-02,2828.531,2828.531,2798.352,2811.847,3406447500,-0.32000720344118605
2023-02-03,2795.109,2795.109,2753.058,2774.801,3100746000,-1.3174970046378909
2023-02-06,2744.7,2744.7,2716.728,2735.005,2630430000,-1.4341929385206287
2023-02-07,2744.696,2752.786,2730.829,2740.445,2070821000,0.19890274423630672
2023-02-08,2744.49,2758.038,2727.773,2731.252,2011526100,-0.3354564678364369
2023-02-09,2725.202,2765.624,2723.561,2761.872,1982508100,1.1210975772283138
2023-02-10,2757.53,2757.53,2738.612,2746.723,1851016700,-0.5485047822636147
2023-02-13,2739.717,2772.045,2733.208,2767.793,3010436400,0.767095917571603
2023-02-14,2770.244,2776.982,2760.592,2776.982,2229484000,0.3319973711906954
2023-02-15,2776.014,2780.593,2746.281,2752.339,2391906700,-0.8874022229888423
2023-02-16,2754.951,2787.156,2725.839,2742.804,3259397400,-0.346432616040393
2023-02-17,2737.011,2759.525,2712.502,2714.289,2701408300,-1.039629517821905
2023-02-20,2720.047,2790.981,2717.501,2788.396,3854566600,2.730254589691805
2023-02-21,2785.994,2805.715,2779.177,2802.136,3558722600,0.4927564090609682
2023-02-22,2786.719,2795.245,2766.359,2769.344,2131012300,-1.1702501234772344
2023-02-23,2770.715,2790.886,2757.486,2767.535,2312096100,-0.06532232904254975
2023-02-24,2762.79,2764.648,2722.179,2727.59,2506208500,-1.4433421799543544
2023-02-27,2713.425,2738.12,2712.788,2723.584,2228827600,-0.146869580838771
2023-02-28,2730.519,2740.224,2703.262,2737.155,2417089600,0.49827726995019805
2023-03-01,2736.05,2783.323,2729.804,2773.649,3589395200,1.333282185334772
2023-03-02,2766.078,2782.791,2762.114,2769.108,3374775200,-0.16371934588693682
2023-03-03,2778.893,2784.125,2757.686,2774.508,4042899200,0.19500864538326557
2023-03-06,2773.272,2774.003,2734.961,2744.141,3830167500,-1.0945003582617074
2023-03-07,2741.791,2761.352,2711.25,2713.168,5514611100,-1.128695646470057
2023-03-08,2698.59,2699.876,2679.17,2691.933,2953930800,-0.7826643982237758
2023-03-09,2694.153,2697.25,2660.619,2671.843,2725121400,-0.7463038641749353
2023-03-10,2648.807,2667.96,2636.013,2636.389,2877869200,-1.3269492256842819
2023-03-13,2637.821,2672.007,2637.714,2664.038,3416432900,1.0487450827628253
2023-03-14,2658.281,2658.281,2627.0,2645.114,3304226600,-0.7103502277369889
2023-03-15,2666.944,2674.084,2647.96,2648.385,3334592600,0.12366196693225362
2023-03-16,2627.038,2647.532,2621.724,2622.823,3947851600,-0.9651919943663878
2023-03-17,2644.953,2672.29,2620.433,2628.591,4371773200,0.21991571676778232
2023-03-20,2632.248,2644.833,2614.277,2616.751,4291607800,-0.45043142885293763
2023-03-21,2623.578,2648.051,2622.847,2643.358,3116169000,1.0167952548790549
2023-03-22,2652.712,2666.696,2643.125,2651.534,2614351300,0.3093035449606152
2023-03-23,2641.818,2668.669,2641.071,2668.669,2876718200,0.6462296919443444
2023-03-24,2664.532,2664.532,2648.345,2653.285,3071161200,-0.5764671452323289
2023-03-27,2652.793,2652.793,2626.581,2639.623,3404535900,-0.5149088771089327
2023-03-28,2646.981,2653.565,2633.921,2638.738,2721578100,-0.033527515103493055
2023-03-29,2655.406,2658.133,2632.84,2636.223,2688867900,-0.09531071292412374
2023-03-30,2639.361,2665.343,2628.104,2664.212,3361247100,1.0617083607873834
2023-03-31,2670.948,2681.816,2657.765,2661.92,2888885900,-0.08602918986927444
2023-04-03,2667.184,2673.662,2655.07,2665.723,3526983500,0.14286680290918063
2023-04-04,2668.402,2676.06,2657.857,2675.917,3949734300,0.38241032545391906
2023-04-06,2668.131,2672.724,2659.909,2666.448,2960554100,-0.35386000387904737
2023-04-07,2667.144,2692.509,2663.613,2684.862,2416104200,0.6905816276934873
2023-04-10,2690.43,2690.43,2671.516,2684.909,3226643000,0.0017505555220287405
2023-04-11,2690.626,2694.316,2671.948,2680.044,3411483400,-0.18119794749096307
2023-04-12,2684.054,2684.444,2663.202,2665.77,3496272600,-0.5326031960669275
2023-04-13,2659.941,2675.001,2652.958,2670.014,3609958700,0.15920353218770167
2023-04-14,2679.131,2692.463,2668.814,2679.007,3089633800,0.3368147133310906
2023-04-17,2680.626,2732.974,2678.135,2732.974,4536613900,2.0144404251276615
2023-04-18,2724.493,2753.811,2722.614,2744.454,3961595500,0.4200552218938114
2023-04-19,2746.063,2746.063,2716.752,2720.718,3290309400,-0.8648714826337112
2023-04-20,2718.238,2721.195,2693.256,2704.858,3586716700,-0.5829343577687829
2023-04-21,2703.4,2703.4,2652.264,2654.211,3732568800,-1.872445799372846
2023-04-24,2655.085,2656.673,2611.381,2618.478,3741050200,-1.3462757859115104
2023-04-25,2621.022,2629.729,2596.562,2619.233,3951624200,0.028833543760931057
2023-04-26,2614.959,2627.577,2605.181,2617.978,3696134800,-0.04791479032221213
2023-04-27,2618.457,2658.776,2612.922,2650.57,3617482600,1.2449302476949864
2023-04-28,2653.138,2683.47,2653.138,2677.757,4054877900,1.025703905197739
2023-05-04,2663.452,2696.591,2654.228,2692.691,5405592900,0.5577055722382429
2023-05-05,2698.59,2706.327,2672.03,2685.173,4679769400,-0.27920024986156644
2023-05-08,2694.568,2727.733,2685.523,2720.323,6388254700,1.309040423093788
2023-05-09,2723.188,2751.438,2702.769,2703.937,6880796700,-0.6023549409389983
2023-05-10,2698.766,2706.204,2669.726,2673.906,5452477700,-1.1106397819179992
2023-05-11,2682.378,2688.69,2663.541,2666.062,3299201000,-0.2933536182648133
2023-05-12,2662.803,2668.882,2630.286,2630.948,3491286300,-1.3170736464493293
2023-05-15,2628.462,2677.26,2619.557,2677.037,4455321600,1.7518020120504074
2023-05-16,2681.395,2685.575,2661.954,2670.451,3387999800,-0.24601826571690744
2023-05-17,2666.039,2673.021,2642.629,2649.356,2624992700,-0.7899414743052668
2023-05-18,2653.009,2665.279,2634.606,2644.218,3196736100,-0.193933922055034
2023-05-19,2632.588,2649.691,2614.958,2633.386,2981386000,-0.40964852368450266
2023-05-22,2630.107,2669.226,2628.757,2658.789,2809853300,0.964651593044108
2023-05-23,2657.921,2662.386,2617.54,2617.54,3051396200,-1.5514205903514822
2023-05-24,2615.565,2615.565,2576.826,2577.342,3691243400,-1.5357167416734763
2023-05-25,2567.448,2572.188,2544.271,2564.505,3177204900,-0.49807126877224883
2023-05-26,2562.548,2569.225,2536.264,2559.614,2404861600,-0.19071906664249738
2023-05-29,2565.592,2566.833,2536.996,2548.286,2943982100,-0.44256673076487063
2023-05-30,2546.167,2553.949,2508.29,2535.144,3187403700,-0.5157191932145921
2023-05-31,2524.785,2525.113,2485.856,2493.35,3075485800,-1.6485848535625514
2023-06-01,2487.761,2522.857,2487.761,2500.34,3249022100,0.2803457196141723
2023-06-02,2511.689,2547.094,2511.333,2543.576,3041823100,1.7292048281433603
2023-06-05,2540.019,2542.477,2522.708,2528.399,2973441700,-0.5966796352851356
2023-06-06,2528.171,2560.056,2516.475,2519.189,3083059600,-0.3642621279315472
2023-06-07,2528.851,2537.227,2506.197,2511.393,2347939000,-0.30946467295625
2023-06-08,2512.449,2549.324,2504.102,2540.065,2903328100,1.1416771488970578
2023-06-09,2541.026,2550.586,2536.185,2543.932,2963860000,0.1522401985775801
2023-06-12,2536.376,2553.994,2524.313,2542.196,3623516100,-0.06824081775770319
2023-06-13,2535.989,2547.851,2523.974,2544.95,2933167400,0.10833153698612819
2023-06-14,2549.666,2564.342,2540.58,2541.813,3388306600,-0.12326371834415761
2023-06-15,2547.493,2576.742,2546.212,2576.742,3252079500,1.3741766211755158
2023-06-16,2581.967,2604.635,2581.775,2600.919,3586129900,0.9382778718241669
2023-06-19,2591.334,2591.334,2556.888,2560.529,3647335000,-1.5529126435694374
2023-06-20,2558.098,2564.545,2544.048,2547.254,2871367000,-0.5184475551731738
2023-06-21,2536.951,2548.925,2519.079,2519.079,3239175700,-1.106093071205294
2023-06-26,2500.855,2503.113,2482.607,2488.738,3187947100,-1.204448133623448
2023-06-27,2490.978,2513.984,2481.747,2506.599,3244820900,0.7176729732097265
2023-06-28,2501.163,2511.616,2491.255,2510.715,2791063600,0.16420656036326697
2023-06-29,2510.889,2513.551,2490.637,2490.897,2426959300,-0.7893369020378738
2023-06-30,2484.647,2508.245,2482.486,2492.102,2410424700,0.04837614722728034
2023-07-03,2496.922,2537.694,2496.429,2534.474,3462487500,1.7002514343313457
2023-07-04,2532.593,2539.818,2525.381,2537.596,3128696600,0.12318137806897056
2023-07-05,2533.194,2537.195,2514.087,2520.175,3081395300,-0.6865158992999554
2023-07-06,2513.435,2525.557,2495.91,2501.317,2648765800,-0.7482813693493573
2023-07-07,2493.488,2500.579,2484.891,2489.535,2402585300,-0.47103186041593803
2023-07-10,2501.528,2520.149,2495.867,2503.277,2453913100,0.5519906327888568
2023-07-11,2513.713,2521.049,2504.2,2518.528,2281569100,0.6092414063645357
2023-07-12,2516.681,2529.533,2510.159,2513.417,3032302100,-0.20293600071151774
2023-07-13,2519.382,2547.782,2519.382,2546.381,3437478900,1.3115213273404258
2023-07-14,2554.642,2556.849,2543.184,2547.939,3635319500,0.061184873748265645
2023-07-17,2535.639,2535.639,2511.357,2520.786,3173539500,-1.0656848535227859
2023-07-18,2520.622,2520.622,2503.521,2511.635,2668199600,-0.3630216924403684
2023-07-19,2506.415,2518.901,2503.343,2517.106,2211909700,0.21782623669441836
2023-07-20,2523.268,2535.609,2503.48,2506.863,2454900000,-0.4069355839603217
2023-07-21,2501.4,2527.28,2496.813,2509.293,2241300500,0.09693389706577626
2023-07-24,2492.216,2509.777,2492.186,2500.0,1906578900,-0.3703433596634609
2023-07-25,2539.485,2578.96,2539.485,2578.351,4035765300,3.1340399999999935
2023-07-26,2574.807,2581.253,2564.887,2576.39,2607063500,-0.07605636315615172
2023-07-27,2580.243,2596.326,2569.099,2575.365,2976257200,-0.039784349419147436
2023-07-28,2564.874,2653.258,2563.156,2647.032,4856652800,2.7827900122895377
2023-07-31,2666.486,2700.739,2644.095,2653.369,5174480600,0.2394002036998355
2023-08-01,2652.237,2670.248,2636.152,2645.893,3917887500,-0.28175500655959196
2023-08-02,2635.545,2651.184,2612.346,2620.684,3712302900,-0.9527596165075369
2023-08-03,2617.791,2647.359,2612.399,2645.153,3404230400,0.9336875411152024
2023-08-04,2664.587,2680.744,2646.152,2648.845,4820363400,0.13957604720784555
2023-08-07,2635.778,2636.693,2622.674,2634.581,3174860900,-0.5384988551613845
2023-08-08,2625.667,2646.597,2610.807,2631.377,2736648600,-0.1216132660183944
2023-08-09,2623.151,2638.086,2622.064,2628.704,2398730700,-0.10158179538697354
2023-08-10,2623.799,2632.573,2609.824,2629.443,2462832500,0.02811271257623371
2023-08-11,2630.987,2631.801,2568.898,2568.898,3599680200,-2.3025789111990713
2023-08-14,2538.848,2554.395,2526.07,2549.284,3354409800,-0.763518053266421
2023-08-15,2550.937,2556.003,2522.238,2546.442,2788849100,-0.11148228286844697
2023-08-16,2533.901,2549.944,2529.435,2530.81,2562980600,-0.6138761456180863
2023-08-17,2516.745,2540.538,2507.903,2536.489,2478354400,0.22439456142500092
2023-08-18,2537.136,2545.802,2507.58,2507.58,2630578100,-1.1397250293614603
2023-08-21,2498.128,2508.959,2475.09,2475.09,2864364700,-1.2956715239394123
2023-08-22,2485.558,2505.027,2464.28,2493.764,4126152000,0.7544776149554178
2023-08-23,2491.368,2498.319,2459.328,2461.187,2965461700,-1.3063385308313191
2023-08-24,2468.325,2497.192,2466.86,2480.752,3666582000,0.7949416277592825
2023-08-25,2468.736,2502.194,2466.547,2485.334,3008535300,0.18470205808560625
2023-08-28,2612.311,2612.978,2507.978,2518.186,5452723900,1.3218344093791856
2023-08-29,2512.317,2546.686,2511.791,2529.223,3990953400,0.43829169092353126
2023-08-30,2540.841,2540.841,2518.655,2522.542,3581796200,-0.26415227127066787
2023-08-31,2526.686,2532.175,2505.826,2510.458,2968520200,-0.4790405868366099
2023-09-01,2520.699,2544.052,2520.699,2532.254,2908210400,0.8682081118265961
2023-09-04,2550.172,2583.665,2547.592,2577.465,4065693600,1.7854054135169717
2023-09-05,2569.758,2569.758,2557.967,2561.79,2668467300,-0.6081556878560934
2023-09-06,2553.594,2564.427,2544.602,2559.357,2386205400,-0.09497265583829906
2023-09-07,2552.363,2552.857,2531.102,2534.156,2524243200,-0.9846613817454886
2023-09-08,2527.458,2529.851,2512.411,2519.969,1804262900,-0.5598313600267635
2023-09-11,2519.296,2550.009,2519.296,2536.171,2445402400,0.6429444171733856
2023-09-12,2533.596,2538.69,2527.337,2531.826,2058490500,-0.17132125554624178
2023-09-13,2536.387,2543.124,2510.094,2524.541,2419965600,-0.28773699298449973
2023-09-14,2529.193,2539.672,2519.402,2530.979,3121548900,0.2550166545126187
2023-09-15,2538.258,2546.423,2508.239,2514.979,3366639900,-0.6321664462644705
2023-09-18,2509.146,2532.429,2503.021,2531.897,2542094200,0.672689513510849
2023-09-19,2529.483,2533.788,2517.398,2532.279,2294070400,0.015087501584787333
2023-09-20,2527.75,2529.02,2519.133,2521.562,2288247300,-0.4232156093384676
2023-09-21,2515.468,2519.911,2495.739,2495.739,2389141700,-1.0240874505564324
2023-09-22,2498.243,2550.983,2489.323,2550.983,3297857500,2.2135327452109443
2023-09-25,2548.888,2548.888,2526.068,2529.15,2556988100,-0.8558661504212361
2023-09-26,2526.352,2534.203,2512.027,2513.407,2334196400,-0.6224620920071922
2023-09-27,2515.82,2538.684,2514.231,2520.14,2754083200,0.26788339492966884
2023-09-28,2530.228,2531.067,2504.211,2507.086,2491669100,-0.5179870959549859
2023-10-09,2497.475,2504.02,2474.814,2499.567,2760836000,-0.2999099352794299
2023-10-10,2510.506,2513.854,2481.394,2482.535,2870204000,-0.6813980181367474
2023-10-11,2497.561,2502.633,2486.372,2490.855,2637228700,0.33514129710154883
2023-10-12,2518.832,2524.201,2504.366,2514.39,3366137200,0.9448562842879094
2023-10-13,2495.147,2499.065,2482.886,2489.125,2579237400,-1.0048162775066705
2023-10-16,2490.916,2491.622,2461.378,2468.436,2508081200,-0.831175613920554
2023-10-17,2474.124,2480.936,2462.37,2478.905,2348854800,0.42411470258900685
2023-10-18,2471.588,2478.681,2463.658,2467.192,2459189400,-0.47250701418570795
2023-10-19,2450.17,2450.184,2400.192,2401.93,3114968500,-2.645193402053836
2023-10-20,2394.619,2402.786,2379.742,2389.22,2792940900,-0.5291578022673438
2023-10-23,2380.303,2390.803,2351.446,2369.935,2646995600,-0.8071671926402679
2023-10-24,2374.873,2382.728,2355.588,2378.439,3145228600,0.35882840668626237
2023-10-25,2402.749,2408.892,2383.101,2386.303,3999164900,0.3306370270585113
2023-10-26,2375.039,2394.986,2372.54,2393.734,2846266600,0.3114021982958626
2023-10-27,2383.989,2426.801,2380.335,2414.913,3164753600,0.8847683159448838
2023-10-30,2406.946,2420.982,2403.267,2414.156,3970669700,-0.03134688496024829
2023-10-31,2409.895,2416.574,2400.261,2411.479,3139368100,-0.11088761455350093
2023-11-01,2456.381,2456.381,2416.677,2420.735,2595050600,0.3838308357651199
2023-11-02,2429.719,2440.336,2416.663,2417.459,2531333000,-0.13533079829061156
2023-11-03,2419.687,2443.301,2418.919,2436.941,2443024900,0.8058875041934588
2023-11-06,2452.84,2460.763,2443.391,2456.775,3944849300,0.8138892160294509
2023-11-07,2450.267,2450.383,2436.375,2443.966,2540951200,-0.5213745662504765
2023-11-08,2436.874,2448.869,2426.195,2436.698,2541617100,-0.29738547917605995
2023-11-09,2428.508,2444.351,2427.641,2436.235,2842391400,-0.019001123651751772
2023-11-10,2424.492,2428.118,2409.045,2414.017,2447768500,-0.9119809870558604
2023-11-13,2415.957,2421.173,2396.306,2407.589,2345548200,-0.26627815794171283
2023-11-14,2410.477,2419.218,2397.18,2406.397,2342180200,-0.04951011156804075
2023-11-15,2428.82,2431.825,2419.636,2427.124,2462213100,0.861329198798022
2023-11-16,2422.849,2425.303,2402.108,2404.319,2220015700,-0.9395894070513
2023-11-17,2396.593,2401.792,2379.332,2398.204,2230109300,-0.25433397149046133
2023-11-20,2399.764,2413.309,2383.559,2404.767,2123867300,0.27366312457153263
2023-11-21,2415.133,2432.771,2412.005,2416.241,2646261600,0.4771356227027512
2023-11-22,2408.977,2414.236,2396.904,2396.904,2172445500,-0.800292686035875
2023-11-23,2393.495,2407.198,2386.575,2405.165,1980160100,0.3446529356202932
2023-11-24,2403.922,2403.922,2390.167,2391.021,2023420300,-0.5880677625027753
2023-11-27,2387.982,2387.982,2357.09,2370.719,2682100100,-0.8490933371141485
2023-11-28,2368.92,2374.968,2361.742,2371.212,2006451400,0.02079537895465222
2023-11-29,2374.033,2374.357,2351.1,2358.116,2573910400,-0.5522914020340663
2023-11-30,2358.206,2370.949,2354.687,2365.996,2564201900,0.3341650707598731
2023-12-01,2362.626,2362.626,2330.739,2352.0,2835755000,-0.5915479147048486
2023-12-04,2351.311,2353.0,2332.849,2333.879,2300455000,-0.7704506802721167
2023-12-05,2327.336,2327.336,2285.963,2286.581,2519387400,-2.026583211897437
2023-12-06,2281.732,2298.295,2275.282,2284.064,3067773100,-0.11007701017371474
2023-12-07,2280.092,2284.938,2259.822,2274.828,2595956000,-0.40436695294001623
2023-12-08,2274.184,2287.09,2269.276,2281.649,3351291000,0.29984684556370045
2023-12-11,2264.994,2299.663,2244.281,2292.679,3501008200,0.4834222967686985
2023-12-12,2285.207,2306.044,2282.089,2305.138,2884871400,0.5434253988456206
2023-12-13,2298.273,2298.273,2260.599,2261.018,2486634600,-1.9139851930773721
2023-12-14,2274.248,2280.848,2249.389,2249.939,2062691400,-0.4900005218888226
2023-12-15,2262.037,2283.543,2244.801,2245.288,2745867800,-0.2067167154309435
2023-12-18,2237.006,2260.349,2227.976,2251.23,2588191500,0.2646431103715985
2023-12-19,2248.453,2264.294,2238.871,2257.21,2211956000,0.2656325653087377
2023-12-20,2253.677,2258.494,2236.876,2237.581,2497942000,-0.869613372260436
2023-12-21,2228.77,2266.772,2227.971,2261.382,2872694400,1.063693336688143
2023-12-22,2262.161,2282.772,2251.446,2270.502,2959618100,0.40329320742802377
2023-12-25,2266.392,2276.126,2263.603,2272.958,1943456100,0.10816991132358567
2023-12-26,2273.045,2273.045,2255.353,2262.21,1989912700,-0.47286399484725017
2023-12-27,2263.487,2271.233,2250.015,2266.544,2676112500,0.19158256748930125
2023-12-28,2267.056,2322.049,2265.234,2317.703,4292256600,2.2571368568181427
2023-12-29,2314.068,2327.677,2309.427,2326.173,3036234300,0.365448031952309
2024-01-02,2316.435,2316.735,2292.229,2292.229,3137547700,-1.4592207888235342
2024-01-03,2287.755,2299.683,2283.594,2294.836,2931437500,0.1137320922124152
2024-01-04,2293.458,2296.115,2260.354,2279.036,3212578800,-0.6885023592099748
2024-01-05,2272.936,2295.605,2256.598,2268.538,3558937200,-0.4606333555064568
2024-01-08,2265.242,2272.035,2240.555,2243.842,3150065600,-1.0886306511065702
2024-01-09,2243.41,2251.541,2234.915,2245.622,3026932800,0.07932822364495884
2024-01-10,2239.03,2257.854,2233.181,2235.209,2571329800,-0.46370226155604266
2024-01-11,2234.818,2251.075,2226.278,2240.106,3052442500,0.21908465830267065
2024-01-12,2231.286,2250.731,2229.589,2237.207,2589377800,-0.12941351882457264
2024-01-15,2227.362,2256.8,2225.236,2238.503,2371509500,0.057929373544785
2024-01-16,2231.824,2249.051,2223.437,2248.975,2878223700,0.4678126408586447
2024-01-17,2241.016,2242.61,2199.259,2199.259,3062829200,-2.2106070543247425
2024-01-18,2191.889,2242.326,2163.868,2238.459,5494474100,1.7824185327876219
2024-01-19,2227.733,2250.611,2218.174,2243.54,3586511400,0.22698651170292017
2024-01-22,2237.773,2257.589,2206.764,2230.609,4478620900,-0.5763659217130068
2024-01-23,2220.499,2239.654,2204.369,2226.371,3401531100,-0.1899929570803205
2024-01-24,2238.332,2264.521,2209.507,2260.558,4419803300,1.5355482082725525
2024-01-25,2264.022,2314.496,2261.372,2312.854,6194537700,2.313411113539221
2024-01-26,2303.322,2323.351,2295.962,2314.374,5831629900,0.06571966929169726
2024-01-29,2312.697,2327.361,2304.436,2304.436,5954904300,-0.42940337214294466
2024-01-30,2292.221,2303.718,2270.979,2270.979,4326759800,-1.451851993286002
2024-01-31,2261.118,2273.095,2243.904,2254.299,4292875700,-0.7344849952377275
2024-02-01,2245.475,2270.068,2238.713,2248.268,3989013800,-0.26753327752884193
2024-02-02,2252.654,2264.056,2184.772,2229.014,5063711900,-0.8563925652991466
2024-02-05,2221.945,2270.373,2203.074,2255.281,5931402200,1.1784134150794934
2024-02-06,2250.111,2321.448,2246.816,2318.842,5838507600,2.8183184268390615
2024-02-07,2323.125,2344.794,2305.514,2344.151,6478409900,1.0914499564868896
2024-02-08,2345.078,2355.771,2330.828,2352.578,5048620100,0.35949049357315577
2024-02-19,2368.448,2371.548,2348.406,2371.548,5216022500,0.8063494600391463
2024-02-20,2367.919,2372.863,2353.968,2369.083,3748607900,-0.10394054853621881
2024-02-21,2359.182,2439.214,2355.402,2410.228,5000538200,1.7367479315836487
2024-02-22,2403.875,2433.233,2403.003,2433.082,3755541100,0.9482090491023998
2024-02-23,2431.866,2447.799,2424.171,2433.407,4006307200,0.013357544053183013
2024-02-26,2427.23,2430.973,2388.393,2393.549,4132834000,-1.6379504127340905
2024-02-27,2383.135,2405.061,2381.571,2405.061,3360096000,0.48095944557642323
2024-02-28,2405.878,2417.326,2385.61,2385.61,4476390700,-0.8087528757066864
2024-02-29,2378.138,2413.136,2378.138,2413.136,3519252800,1.153834868230752
2024-03-01,2408.302,2420.378,2397.64,2414.844,3443500700,0.070779268139054
2024-03-04,2412.08,2422.817,2404.922,2418.584,4029811300,0.15487542880616711
2024-03-05,2410.462,2450.055,2407.051,2446.417,4395609300,1.1507973260387105
2024-03-06,2443.851,2450.432,2433.07,2434.116,3875397500,-0.5028169768277468
2024-03-07,2430.424,2446.295,2418.128,2426.973,3833578600,-0.2934535576776143
2024-03-08,2423.135,2433.333,2410.148,2426.168,3491125700,-0.03316888980634536
2024-03-11,2426.727,2443.106,2418.338,2443.106,3915214500,0.6981379690112144
2024-03-12,2443.232,2458.917,2436.078,2450.469,5057728500,0.3013786548762054
2024-03-13,2445.796,2445.796,2419.453,2427.597,3694867300,-0.9333723462732979
2024-03-14,2431.771,2446.88,2415.062,2423.856,3688224600,-0.1541030080363437
2024-03-15,2417.572,2430.593,2409.61,2427.197,3300750900,0.13783822141248958
2024-03-18,2424.922,2438.833,2419.876,2438.191,3704725200,0.452950460963808
2024-03-19,2430.304,2441.605,2416.029,2416.835,3433251500,-0.8758952846598111
2024-03-20,2412.607,2430.72,2408.484,2426.459,3083861000,0.3982067455990945
2024-03-21,2432.931,2441.274,2424.876,2427.101,2920841500,0.026458308176668943
2024-03-22,2417.937,2420.774,2386.205,2403.202,3407355500,-0.984672660923458
2024-03-25,2398.321,2418.315,2393.06,2401.211,3438373100,-0.08284780055943797
2024-03-26,2404.205,2415.714,2398.601,2413.742,3136249800,0.5218616772953544
2024-03-27,2408.914,2421.135,2398.937,2398.937,3207291600,-0.6133629857706491
2024-03-28,2395.217,2424.767,2387.416,2401.987,3687080000,0.1271396456013818
2024-03-29,2399.456,2418.563,2399.279,2414.92,3413358600,0.5384292254704048
2024-04-01,2422.735,2448.877,2422.735,2441.567,3621001300,1.1034319977473395
2024-04-02,2441.489,2447.374,2428.027,2435.757,3572642800,-0.23796193182492598
2024-04-03,2439.432,2441.67,2423.876,2430.169,3195998600,-0.229415331660765
2024-04-08,2419.029,2431.405,2407.359,2414.091,3987359600,-0.6616000780192643
2024-04-09,2411.781,2418.597,2399.283,2404.609,3562286700,-0.39277723996319347
2024-04-10,2403.731,2412.59,2388.683,2396.743,3361270700,-0.32712178986271656
2024-04-11,2383.703,2402.75,2380.513,2394.867,3128803600,-0.07827288950045252
2024-04-12,2397.284,2402.643,2370.277,2374.047,3236375800,-0.869359342293341
2024-04-15,2367.86,2424.925,2367.763,2424.017,5013050200,2.1048445965897056
2024-04-16,2414.756,2429.386,2398.432,2412.322,4695248200,-0.48246361308520447
2024-04-17,2407.964,2440.578,2397.439,2439.856,4594460200,1.1413899139501416
2024-04-18,2430.703,2468.357,2429.626,2445.205,4662446200,0.2192342498901434
2024-04-19,2433.978,2444.02,2424.172,2430.582,3888469000,-0.5980275682406999
2024-04-22,2433.181,2450.256,2422.767,2424.747,4036806100,-0.2400659595109378
2024-04-23,2420.623,2426.886,2409.95,2413.739,3793205500,-0.4539855085911926
2024-04-24,2422.627,2426.958,2406.881,2424.119,2938685900,0.4300382104278855
2024-04-25,2419.5,2437.312,2411.571,2431.622,2831781800,0.30951450815739356
2024-04-26,2432.758,2467.274,2432.758,2461.856,4783802900,1.2433675957858714
2024-04-29,2458.178,2492.927,2453.478,2474.34,5340119700,0.5070970844760936
2024-04-30,2473.514,2484.101,2464.244,2464.244,4681437000,-0.4080279993856961
2024-05-06,2495.467,2505.597,2487.322,2495.762,5600781100,1.2790129548859719
2024-05-07,2496.015,2504.034,2489.367,2499.771,3804263100,0.16063230388154714
2024-05-08,2495.624,2497.15,2484.383,2486.019,3230611100,-0.5501303919439149
2024-05-09,2483.66,2506.279,2483.66,2501.731,3766211100,0.6320144777654635
2024-05-10,2508.061,2515.024,2492.362,2508.575,4052864200,0.2735705797305865
2024-05-13,2499.69,2512.242,2487.654,2506.459,4103674800,-0.08435067717728062
2024-05-14,2507.198,2510.424,2491.248,2496.736,3388568700,-0.38791777563487173
2024-05-15,2494.764,2498.953,2475.959,2477.39,2945728800,-0.7748516463094268
2024-05-16,2484.272,2498.89,2475.838,2489.414,3919933900,0.48534950088603424
2024-05-17,2492.571,2524.179,2485.819,2524.171,4421856300,1.3961920355553437
2024-05-20,2529.916,2544.525,2524.194,2532.824,4669198500,0.3428056181613792
2024-05-21,2526.937,2531.633,2518.27,2525.233,3311864500,-0.2997049933197049
2024-05-22,2524.694,2535.064,2519.026,2529.04,3807604800,0.1507583656636724
2024-05-23,2518.144,2519.071,2495.161,2500.821,3504800300,-1.115798880207508
2024-05-24,2494.368,2504.413,2473.231,2474.425,3129424200,-1.0554933759753138
2024-05-27,2478.259,2500.115,2478.259,2497.601,3577089700,0.9366216393707605
2024-05-28,2498.026,2505.787,2486.097,2490.161,3300357300,-0.29788585126286904
2024-05-29,2489.519,2510.072,2486.582,2493.169,3178511100,0.12079540238563169
2024-05-30,2488.319,2500.311,2468.256,2473.758,3434998300,-0.7785673574474905
2024-05-31,2480.213,2487.129,2462.183,2462.183,2859317000,-0.46791157421218754
2024-06-03,2461.35,2476.8,2454.985,2469.017,3293523400,0.27755857302238507
2024-06-04,2465.61,2488.751,2462.665,2483.319,3190318300,0.5792588710405777
2024-06-05,2477.307,2483.331,2467.455,2468.192,2945385700,-0.6091444554646386
2024-06-06,2474.232,2492.047,2462.13,2467.887,3689726300,-0.012357223425074615
2024-06-07,2473.174,2476.465,2444.93,2457.257,3643610500,-0.43073284959967983
2024-06-11,2444.548,2449.647,2415.112,2423.618,4140154900,-1.3689654765456027
2024-06-12,2420.899,2427.838,2412.99,2423.607,3794960400,-0.0004538669047704502
2024-06-13,2425.923,2426.329,2406.992,2412.074,3085107100,-0.475860979110887
2024-06-14,2405.79,2433.054,2399.985,2426.509,4127796600,0.5984476429827579
2024-06-17,2412.092,2418.935,2408.873,2416.341,3749595700,-0.41903821498292526
2024-06-18,2412.547,2424.931,2408.289,2415.428,3533834700,-0.037784402118745675
2024-06-19,2410.472,2418.738,2402.958,2413.972,3277529100,-0.06027917205562172
2024-06-20,2413.393,2422.7,2405.397,2408.338,3201302400,-0.2333912738010202
2024-06-21,2406.217,2411.528,2386.48,2398.957,3320203900,-0.38952173656688904
2024-06-24,2383.866,2418.916,2381.28,2404.085,3467133100,0.21375956301010746
2024-06-25,2403.729,2410.142,2384.205,2394.215,3491913500,-0.4105512076320039
2024-06-26,2388.499,2404.457,2383.147,2398.256,2985950200,0.1687818345470049
2024-06-27,2391.687,2395.811,2376.662,2388.561,3699057000,-0.40425208985194194
2024-06-28,2382.117,2406.364,2381.391,2394.875,3989864400,0.2643432593934181
2024-07-01,2395.2,2407.054,2387.617,2405.467,3628124700,0.44227778067749135
2024-07-02,2400.167,2421.751,2399.518,2416.679,3686694900,0.4661049185043842
2024-07-03,2417.176,2421.083,2405.836,2414.866,3299160000,-0.07502030679291671
2024-07-04,2417.276,2428.939,2407.126,2407.903,3051157900,-0.28833898029954064
2024-07-05,2405.611,2411.928,2367.015,2386.004,3936343900,-0.9094635456660782
2024-07-08,2375.684,2387.888,2368.166,2371.689,3561756200,-0.5999570830560241
2024-07-09,2365.931,2396.176,2352.767,2389.384,3750447700,0.746092763427253
2024-07-10,2378.804,2392.877,2378.538,2381.831,3484625800,-0.3161065780971084
2024-07-11,2387.665,2400.229,2378.153,2396.407,3829559200,0.611966172243128
2024-07-12,2397.729,2414.762,2396.529,2412.618,3815709800,0.6764710668930585
2024-07-15,2405.918,2424.412,2405.523,2420.521,3451860700,0.3275694701772247
2024-07-16,2412.255,2426.586,2406.246,2424.755,3568839500,0.17492101906986246
2024-07-17,2422.883,2439.317,2419.98,2432.833,3775036900,0.33314706021845275
2024-07-18,2426.34,2446.768,2421.487,2444.509,3481404600,0.47993429881951766
2024-07-19,2429.805,2462.742,2417.464,2456.79,4131548000,0.5023912777576189
2024-07-22,2454.244,2454.5,2416.2,2432.55,4182968300,-0.9866533159122226
2024-07-23,2429.086,2431.268,2396.673,2396.673,4134068100,-1.474872047851039
2024-07-24,2393.232,2407.11,2382.995,2390.954,3929666800,-0.23862245704773244
2024-07-25,2384.635,2387.892,2358.543,2369.715,4084689400,-0.8883065086153885
2024-07-26,2364.911,2368.271,2341.449,2355.316,4049401600,-0.6076258115427557
2024-07-29,2352.506,2359.984,2343.402,2348.478,3367131200,-0.29032197802756343
2024-07-30,2341.909,2341.909,2321.499,2335.312,3243289100,-0.5606184090291788
2024-07-31,2332.652,2378.881,2331.565,2375.394,5006664200,1.716344539830228
2024-08-01,2373.471,2375.791,2360.048,2360.422,3913415200,-0.6302954373042846
2024-08-02,2344.418,2360.414,2337.638,2343.715,3182747400,-0.7077971650831905
2024-08-05,2334.592,2362.31,2327.745,2328.922,3945745800,-0.6311774255828961
2024-08-06,2342.842,2346.299,2296.712,2313.336,3487371300,-0.6692366682954698
2024-08-07,2311.911,2330.152,2307.078,2314.426,2714599100,0.04711810130479943
2024-08-08,2310.962,2334.462,2305.893,2320.425,2252893600,0.2592003373622864
2024-08-09,2332.671,2338.237,2317.992,2317.992,2598880500,-0.1048514819483537
2024-08-12,2314.261,2323.421,2312.579,2316.911,2219498400,-0.04663519114820325
2024-08-13,2318.973,2321.542,2304.597,2317.653,2510921800,0.03202539933557791
2024-08-14,2317.888,2317.888,2305.47,2306.115,2204993000,-0.4978312111433403
2024-08-15,2300.479,2343.207,2295.753,2335.938,2931562000,1.2932139117086683
2024-08-16,2335.042,2348.153,2331.08,2345.048,3048157800,0.38999322755997046
2024-08-19,2345.645,2367.405,2345.115,2357.031,3088515000,0.5109916726651287
2024-08-20,2361.181,2361.299,2337.507,2346.638,2989810800,-0.44093607593621575
2024-08-21,2341.812,2345.974,2324.708,2339.072,2655089900,-0.3224187113649357
2024-08-22,2340.154,2344.993,2332.364,2341.151,3111291200,0.08888140253910937
2024-08-23,2338.664,2361.063,2338.322,2355.379,2790004700,0.6077352550091897
2024-08-26,2356.793,2361.883,2341.232,2352.273,2690047600,-0.1318683744739091
2024-08-27,2348.544,2355.574,2345.302,2350.414,3095252400,-0.07902994252793061
2024-08-28,2349.52,2352.695,2327.924,2336.148,3009226200,-0.6069569020606624
2024-08-29,2329.662,2335.675,2315.487,2317.664,4424629500,-0.7912169948136816
2024-08-30,2313.61,2354.627,2311.228,2335.215,6378604600,0.7572711143634336
2024-09-02,2321.153,2326.08,2299.167,2299.933,4549928700,-1.510867307721142
2024-09-03,2299.34,2301.694,2286.021,2291.178,4415887700,-0.38066326279939666
2024-09-04,2279.477,2289.39,2268.21,2271.807,3548246900,-0.8454602828763202
2024-09-05,2272.982,2281.528,2267.331,2275.118,3035256100,0.14574301426133474
2024-09-06,2276.54,2288.927,2263.321,2263.563,2588600400,-0.5078857448272966
2024-09-09,2252.304,2256.002,2226.627,2232.959,3425068800,-1.3520277544738168
2024-09-10,2232.83,2240.588,2223.903,2235.687,3018400500,0.12216973083698512
2024-09-11,2228.825,2228.825,2213.824,2220.798,3461552900,-0.6659697891520655
2024-09-12,2220.901,2227.732,2208.248,2209.56,2809530100,-0.5060343173940107
2024-09-13,2211.154,2222.563,2204.865,2205.812,2709850000,-0.16962653197921673
2024-09-18,2206.854,2225.912,2203.982,2218.656,2605462000,0.582279904180405
2024-09-19,2224.263,2239.984,2199.449,2229.805,3496837900,0.5025114303434108
2024-09-20,2227.352,2237.98,2212.522,2233.257,3690208700,0.15481174362781402
2024-09-23,2233.858,2254.161,2232.282,2243.025,2720725700,0.4373880838613786
2024-09-24,2270.356,2352.318,2257.288,2352.145,6015910500,4.864858840182329
2024-09-25,2391.285,2426.694,2380.589,2386.323,6840310200,1.4530566780534215
2024-09-26,2389.268,2498.323,2383.51,2498.18,6774296300,4.687420772460382
2024-09-27,2553.602,2571.085,2512.818,2571.085,6480077600,2.918324540265327
2024-09-30,2657.548,2778.288,2621.702,2755.404,15332445800,7.168918958338599
2024-10-08,3016.874,3016.874,2780.03,2853.138,16597323500,3.546993471737725
2024-10-09,2813.956,2825.739,2674.246,2680.715,12465337500,-6.043275859772635
2024-10-10,2697.292,2801.12,2675.442,2739.051,11589175400,2.176135844354943
2024-10-11,2718.249,2737.082,2653.617,2680.388,7537801900,-2.1417271894535794
2024-10-14,2699.707,2737.273,2672.808,2723.183,8065500100,1.5965972090607794
2024-10-15,2711.674,2726.986,2655.116,2655.116,5831414400,-2.4995382242030795
2024-10-16,2629.242,2677.22,2628.954,2650.176,5625971300,-0.1860559011357732
2024-10-17,2666.367,2680.06,2610.467,2610.467,4979685400,-1.4983533169117713
2024-10-18,2606.377,2722.646,2583.489,2681.912,7019820700,2.736866621949252
2024-10-21,2694.966,2701.358,2659.665,2681.057,7204222600,-0.03188024066412831
2024-10-22,2672.853,2704.346,2672.449,2692.661,5220816700,0.43281437134683465
2024-10-23,2691.126,2728.258,2682.942,2708.046,5607679700,0.5713678773525466
2024-10-24,2695.379,2699.0,2669.71,2680.704,4225333500,-1.0096578861658823
2024-10-25,2679.349,2705.331,2671.038,2683.325,4686145300,0.09777282385521335
2024-10-28,2681.508,2686.289,2656.325,2686.289,5347497200,0.11045997037260058
2024-10-29,2689.917,2712.283,2665.425,2667.939,5008428600,-0.6830985050380045
2024-10-30,2658.259,2674.37,2624.001,2634.738,4445068800,-1.2444437447782786
2024-10-31,2637.206,2654.646,2613.251,2633.117,5452962300,-0.061524143956614985
2024-11-01,2629.043,2674.251,2629.043,2651.535,6084439200,0.6994751847335223
2024-11-04,2657.314,2675.771,2636.576,2675.771,4301567100,0.9140365863547162
2024-11-05,2666.861,2727.667,2659.166,2727.667,5564248400,1.9394783783813985
2024-11-06,2730.455,2743.127,2691.728,2706.615,5994081800,-0.7717950908230464
2024-11-07,2684.813,2800.612,2683.317,2797.86,6701724400,3.3711850410937716
2024-11-08,2825.912,2833.07,2758.214,2765.539,6786175700,-1.1552043347415442
2024-11-11,2736.838,2754.974,2711.763,2753.745,6133865800,-0.4264629788262031
2024-11-12,2744.946,2778.886,2701.61,2712.265,6011485400,-1.5063123128684741
2024-11-13,2697.186,2737.504,2696.689,2728.229,6264407700,0.5885855548775742
2024-11-14,2719.455,2743.755,2700.204,2704.152,6046957100,-0.8825138945447675
2024-11-15,2696.961,2712.878,2671.452,2671.452,7004026200,-1.2092515509483093
2024-11-18,2683.493,2725.301,2668.059,2678.274,9104571000,0.25536674437720563
2024-11-19,2679.551,2683.368,2637.847,2671.189,6700301800,-0.2645360407486308
2024-11-20,2667.449,2686.375,2657.584,2676.207,4501762200,0.1878564189954357
2024-11-21,2674.434,2686.315,2666.568,2680.798,3720238400,0.1715487628572765
2024-11-22,2679.651,2683.745,2601.546,2601.557,4855176400,-2.955873586894653
2024-11-25,2610.961,2620.03,2568.955,2582.054,4559353000,-0.7496664497452787
2024-11-26,2576.809,2607.125,2573.966,2592.737,3993165300,0.4137403787837224
2024-11-27,2588.889,2626.326,2583.467,2625.761,4107905400,1.2737119113893858
2024-11-28,2625.507,2630.803,2598.748,2610.121,3430873900,-0.5956368458515438
2024-11-29,2612.234,2660.393,2610.715,2624.956,4300156100,0.5683644551344624
2024-12-02,2621.144,2643.867,2613.616,2639.041,4460883600,0.5365804226813653
2024-12-03,2638.806,2658.152,2626.208,2652.898,4737315600,0.525077101871485
2024-12-04,2651.785,2660.802,2638.113,2648.755,4808817100,-0.1561688387567095
2024-12-05,2637.627,2647.984,2629.631,2635.562,3367652100,-0.4980830616648224
2024-12-06,2636.607,2682.689,2636.607,2665.428,4389449100,1.1331928446380646
2024-12-09,2666.289,2686.515,2658.431,2667.592,4592635300,0.08118771169209893
2024-12-10,2741.751,2747.073,2684.717,2689.329,5944389900,0.8148547454033483
2024-12-11,2684.591,2696.007,2671.522,2676.552,4080238700,-0.47509992269447743
2024-12-12,2673.944,2704.029,2667.637,2702.268,4127383100,0.9607883575585285
2024-12-13,2684.293,2684.411,2636.973,2638.027,6159770500,-2.3772993648298435
2024-12-16,2637.74,2647.698,2635.247,2641.56,5409812000,0.13392584685447684
2024-12-17,2637.35,2672.955,2637.35,2652.346,4427923400,0.4083193264586171
2024-12-18,2662.032,2681.121,2661.898,2671.346,4425905600,0.7163469622741614
2024-12-19,2652.195,2672.581,2642.683,2661.722,4021414000,-0.36026782004277
2024-12-20,2654.849,2670.318,2644.836,2648.461,4249351000,-0.4982113083184636
2024-12-23,2648.919,2688.886,2648.919,2671.203,5662909900,0.8586873659834904
2024-12-24,2671.909,2704.578,2666.341,2702.282,4646919800,1.1634832695231356
2024-12-25,2706.567,2726.14,2700.681,2710.165,5101038100,0.2917164085761481
2024-12-26,2709.592,2709.592,2692.868,2702.595,4177073600,-0.27931878686353606
2024-12-27,2701.209,2713.841,2686.501,2701.703,4489485500,-0.033005315261802615
2024-12-30,2700.225,2724.726,2700.225,2718.749,4499476300,0.6309353766864811
2024-12-31,2715.207,2725.788,2684.771,2684.771,5074555400,-1.2497659769253988
2025-01-02,2682.416,2684.247,2595.399,2610.342,6116098400,-2.7722662379770946
2025-01-03,2615.351,2620.646,2579.439,2587.132,5080485800,-0.8891555206176016
2025-01-06,2589.335,2591.894,2555.928,2579.963,4448640200,-0.27710221202473795
2025-01-07,2576.677,2595.663,2566.679,2593.965,3921859800,0.5427209615021633
2025-01-08,2587.527,2611.153,2565.599,2597.446,4625746300,0.13419610519029845
2025-01-09,2595.692,2597.056,2574.603,2579.575,3435650600,-0.6880220031523332
2025-01-10,2585.2,2593.087,2560.25,2560.25,3616687800,-0.7491544149714535
2025-01-13,2545.379,2561.241,2533.313,2553.359,3969949500,-0.2691534029879872
2025-01-14,2556.422,2606.089,2549.169,2598.807,4268818400,1.7799298884332293
2025-01-15,2592.316,2606.066,2587.464,2591.503,4121351100,-0.28105203656907385
2025-01-16,2601.123,2614.601,2572.109,2580.118,3898711000,-0.43932034807601106
2025-01-17,2572.966,2595.164,2561.968,2582.486,3425023200,0.09177874810377684
2025-01-20,2595.325,2609.652,2585.127,2589.069,3626121600,0.2549094167403121
2025-01-21,2598.831,2599.887,2579.668,2584.889,3436658700,-0.16144799539911103
2025-01-22,2580.105,2580.186,2544.26,2551.354,3984615800,-1.297347777796276
2025-01-23,2571.828,2605.865,2564.751,2567.477,5132399500,0.6319389626057381
2025-01-24,2562.866,2594.581,2559.492,2579.096,3766363300,0.4525454366290482
2025-01-27,2582.839,2597.351,2582.087,2583.652,3919676400,0.17665104362147854
2025-02-05,2604.139,2604.316,2556.483,2561.942,4353546500,-0.8402834437455264
2025-02-06,2559.827,2585.289,2554.475,2580.426,3989533600,0.7214839367948089
2025-02-07,2578.683,2624.675,2570.181,2608.089,5833741100,1.0720322923424286
2025-02-10,2612.061,2628.391,2606.295,2621.04,5606320700,0.49657047746454186
2025-02-11,2625.183,2626.175,2607.244,2614.322,5171276900,-0.25631047217897773
2025-02-12,2611.962,2641.729,2607.268,2640.046,4430140900,0.9839644848645079
2025-02-13,2638.981,2663.785,2635.449,2641.131,4634408100,0.041097768751008346
2025-02-14,2638.208,2662.292,2633.707,2660.855,5637142600,0.7468012756656206
2025-02-17,2665.545,2672.03,2647.452,2664.475,6941059400,0.1360464963329422
2025-02-18,2659.088,2679.823,2644.295,2651.112,6509496300,-0.5015246906050819
2025-02-19,2648.356,2673.519,2643.956,2663.603,5621433000,0.4711607808346008
2025-02-20,2659.126,2659.6,2641.91,2648.167,4809942900,-0.5795157912046212
2025-02-21,2657.801,2686.334,2649.201,2682.239,6848862300,1.2866258056988045
2025-02-24,2674.691,2692.808,2661.321,2674.117,6852148100,-0.30280672229431316
2025-02-25,2654.134,2664.157,2636.903,2643.233,5332716800,-1.1549232886967964
2025-02-26,2649.901,2667.024,2645.991,2666.656,5192303900,0.8861496508253186
2025-02-27,2664.319,2681.507,2655.001,2679.077,5367300400,0.465789363157465
2025-02-28,2670.426,2691.294,2638.957,2638.957,5633522900,-1.4975306794093757
2025-03-03,2645.011,2655.311,2619.194,2628.524,4969281100,-0.39534558539604525
2025-03-04,2617.92,2629.667,2609.337,2621.217,4185128000,-0.27798871153543736
2025-03-05,2623.717,2644.754,2619.79,2641.446,4839750000,0.7717407601125714
2025-03-06,2655.538,2689.454,2655.538,2683.949,5771422600,1.6090807837828347
2025-03-07,2677.574,2695.377,2675.418,2682.016,4431739300,-0.07202074257000035
2025-03-10,2682.883,2683.605,2653.027,2668.806,5083862300,-0.49253994010476365
2025-03-11,2644.819,2682.223,2644.082,2682.223,4219446100,0.5027341815028841
2025-03-12,2684.72,2686.782,2666.488,2669.015,4344953300,-0.4924273634220655
2025-03-13,2670.993,2684.125,2655.333,2664.617,4249506800,-0.16477989070873278
2025-03-14,2674.495,2748.103,2674.026,2740.507,6548515200,2.8480640932636803
2025-03-17,2755.49,2755.944,2734.505,2737.923,4438073900,-0.09428912241422616
2025-03-18,2749.322,2751.726,2737.008,2739.745,3861119800,0.0665467947783771
2025-03-19,2737.313,2757.618,2733.566,2746.963,4632842300,0.2634551755729131
2025-03-20,2748.294,2749.221,2713.467,2718.186,3971076500,-1.0475932875688598
2025-03-21,2712.738,2722.49,2669.79,2675.358,4681078200,-1.5756096161189892
2025-03-24,2675.461,2696.344,2675.461,2693.331,4492393200,0.6717979425557186
2025-03-25,2695.297,2698.547,2685.287,2691.898,3709621400,-0.05320549163841948
2025-03-26,2692.417,2696.536,2675.703,2677.312,3783318900,-0.5418481680955267
2025-03-27,2673.935,2704.743,2673.774,2690.843,3647372300,0.5053949633064825
2025-03-28,2691.666,2692.703,2673.238,2679.74,3592005300,-0.4126216208080513
2025-03-31,2676.051,2692.444,2657.302,2665.634,4995136400,-0.5263943516908287
2025-04-01,2669.005,2674.113,2659.022,2662.711,4084747700,-0.10965496388477547
2025-04-02,2659.103,2669.357,2653.452,2658.621,3216863400,-0.1536028506285425
2025-04-03,2631.475,2671.712,2631.475,2662.252,4217357100,0.13657456252695876
2025-04-07,2555.71,2579.597,2457.08,2516.965,10270123100,-5.457297055275001
2025-04-08,2526.508,2574.353,2510.636,2574.353,9015352300,2.280047597006707
2025-04-09,2548.487,2597.102,2541.552,2597.102,7771869600,0.8836783455881791
2025-04-10,2628.522,2628.522,2590.763,2612.619,6111983100,0.5974736456250129
2025-04-11,2620.774,2621.163,2595.499,2619.576,4493927600,0.2662845213940557
2025-04-14,2623.568,2636.79,2615.393,2628.206,4512328300,0.3294426273565021
2025-04-15,2624.201,2637.75,2615.367,2634.593,4200538600,0.24301748036492654
2025-04-16,2639.202,2661.781,2616.87,2658.496,5122473200,0.9072748618097926
2025-04-17,2648.046,2661.804,2639.972,2659.896,3787998500,0.05266135438986019
2025-04-18,2648.66,2666.271,2645.869,2657.637,3035317200,-0.08492813252849452
2025-04-21,2655.545,2671.344,2652.654,2652.81,3441198200,-0.18162751346403327
2025-04-22,2651.491,2667.838,2650.331,2656.539,3722082200,0.14056792608594382
2025-04-23,2662.926,2664.467,2646.361,2648.83,3304635800,-0.2901896038417062
2025-04-24,2648.768,2665.729,2648.757,2655.364,3125267900,0.2466749470521057
2025-04-25,2660.159,2663.345,2643.398,2648.81,3238096000,-0.24682115145042705
2025-04-28,2643.136,2658.462,2636.409,2651.225,3290945100,0.09117301731720318
2025-04-29,2650.432,2655.341,2639.8,2645.512,2804263100,-0.21548529453364607
2025-04-30,2646.064,2651.299,2631.84,2633.16,4321765700,-0.46690394902765275
2025-05-06,2650.464,2650.464,2633.409,2647.717,4070526000,0.5528338574184666
2025-05-07,2685.558,2685.558,2656.2,2670.702,4705582500,0.8681063723955385
2025-05-08,2661.266,2695.777,2658.673,2679.509,3344907700,0.32976348540569855
2025-05-09,2676.124,2689.6,2676.124,2684.006,3277870600,0.1678292552852012
2025-05-12,2688.748,2710.611,2681.956,2702.617,3912399000,0.6934038150436361
2025-05-13,2713.11,2713.11,2702.057,2708.059,3996550700,0.2013603851378054
2025-05-14,2708.558,2766.253,2708.418,2753.785,4648515500,1.6885156490312747
2025-05-15,2748.535,2758.084,2735.904,2740.298,3787844800,-0.48976227265382644
2025-05-16,2734.745,2739.057,2706.466,2716.662,3700633600,-0.8625339287916867
2025-05-19,2710.322,2716.865,2701.252,2705.088,2695161100,-0.426037541659563
2025-05-20,2710.393,2729.761,2710.393,2716.629,2930979600,0.4266404641919186
2025-05-21,2716.838,2740.771,2716.838,2728.426,3142634100,0.4342514196822522
2025-05-22,2725.448,2738.238,2718.786,2733.632,2783507000,0.1908059811774221
2025-05-23,2731.183,2742.118,2711.852,2711.852,3366853600,-0.79674220963174
2025-05-26,2708.217,2719.701,2692.679,2699.423,3071338100,-0.4583214718207329
2025-05-27,2699.692,2709.288,2684.709,2685.281,2709668700,-0.5238897349544636
2025-05-28,2686.727,2691.483,2681.855,2683.063,2517173400,-0.08259843197042649
2025-05-29,2684.487,2703.993,2677.807,2690.893,2747183600,0.2918306428138173
2025-05-30,2688.957,2696.145,2669.166,2678.696,3215169200,-0.4532696023216154
2025-06-03,2674.768,2697.394,2671.336,2687.296,3360848400,0.3210517356206033
2025-06-04,2688.735,2699.67,2687.305,2690.824,2760383000,0.13128438400533682
2025-06-05,2692.54,2695.875,2682.537,2692.129,3077905600,0.04849815521192902
2025-06-06,2691.629,2700.813,2685.245,2688.85,2984988100,-0.1217995125790794
2025-06-09,2689.73,2698.363,2681.694,2686.828,3568689100,-0.0751994347025664
2025-06-10,2690.869,2700.177,2670.148,2676.401,4146051500,-0.3880784330072551
2025-06-11,2676.672,2704.447,2676.672,2692.137,3557342600,0.5879537483359343
2025-06-12,2689.678,2696.782,2674.312,2691.275,3448062500,-0.03201917287271039
2025-06-13,2684.882,2690.351,2669.113,2676.433,4799104800,-0.5514858199180739
2025-06-16,2666.822,2687.111,2664.429,2685.009,3993590500,0.32042647807735136
2025-06-17,2685.386,2688.614,2672.683,2683.953,3312160700,-0.03932947710789669
2025-06-18,2685.466,2690.903,2668.865,2679.922,3666720300,-0.15018891910550947
2025-06-19,2678.356,2680.867,2658.493,2665.52,3764503000,-0.537403700555461
2025-06-20,2661.21,2681.526,2661.21,2673.719,3631650600,0.3075947657492639
2025-06-23,2664.636,2692.91,2656.678,2684.776,4295954600,0.41354383164422526
2025-06-24,2685.853,2731.177,2685.853,2715.922,4902826300,1.1600967827483544
2025-06-25,2714.626,2750.389,2707.403,2747.728,5086489400,1.171094015218399
2025-06-26,2740.233,2747.606,2734.945,2738.466,4284062500,-0.3370784881181921
2025-06-27,2738.93,2749.547,2705.778,2707.569,5708183200,-1.1282593977796296
2025-06-30,2702.115,2716.298,2695.42,2711.985,3830502000,0.16309833655210326
2025-07-01,2714.967,2721.404,2708.186,2717.713,3303005700,0.21121060772828493
2025-07-02,2720.847,2729.71,2711.597,2722.552,3517749500,0.17805412124090036
2025-07-03,2726.112,2728.168,2713.966,2724.549,3226851000,0.0733502978088163
2025-07-04,2722.178,2761.922,2715.553,2740.444,3931112900,0.5833993075551103
2025-07-07,2736.012,2736.259,2723.959,2731.532,2931900300,-0.32520277736015624
2025-07-08,2732.054,2750.465,2730.19,2747.188,3408044900,0.5731582130467316
2025-07-09,2746.14,2759.059,2739.208,2739.92,4783811500,-0.2645614351839076
2025-07-10,2739.231,2777.415,2739.231,2756.935,5414201200,0.6210035329498709
2025-07-11,2754.663,2805.557,2754.663,2756.773,7645451800,-0.005876090658640809
2025-07-14,2761.479,2774.227,2757.808,2757.808,5149040200,0.03754389643253475
2025-07-15,2758.718,2765.496,2731.319,2747.227,4117244700,-0.3836742804430249
2025-07-16,2748.166,2754.058,2729.913,2740.901,3424593100,-0.23026855807692925
2025-07-17,2737.351,2744.744,2732.349,2744.26,3615109400,0.12255094219018048
2025-07-18,2746.328,2768.898,2746.328,2764.516,4213080300,0.7381224811060072
2025-07-21,2770.363,2777.048,2763.351,2772.239,4995433700,0.2793617399935444
2025-07-22,2773.405,2795.49,2760.309,2792.182,6831003000,0.7193824197697207
2025-07-23,2798.964,2824.858,2794.812,2801.2,6792983100,0.32297321592933415
2025-07-24,2797.263,2819.13,2791.784,2812.443,6028280000,0.40136370127090704
2025-07-25,2807.631,2810.108,2788.185,2795.513,5169255700,-0.6019677554354064
2025-07-28,2799.264,2811.245,2788.02,2802.767,4973726500,0.2594872569006146
2025-07-29,2802.775,2813.741,2795.6,2808.592,4705166400,0.20783033338127588
2025-07-30,2809.437,2842.474,2802.74,2819.351,5218519800,0.3830745085081855
2025-07-31,2807.305,2807.94,2766.929,2775.994,6151584700,-1.537836189960029
2025-08-01,2771.762,2780.156,2749.458,2754.13,4896253100,-0.7876097714908603
2025-08-04,2748.618,2769.393,2748.618,2769.393,4196796100,0.554185895364423
2025-08-05,2773.38,2794.603,2768.022,2790.729,4126476500,0.7704215328051989
2025-08-06,2789.268,2800.761,2787.541,2797.423,4118291700,0.23986564084150785
2025-08-07,2797.711,2808.918,2787.832,2798.311,4233829400,0.03174350107224555
2025-08-08,2795.782,2801.079,2784.378,2789.174,3892387800,-0.3265183891283052
2025-08-11,2791.352,2800.891,2783.645,2789.896,4348470300,0.025885799881986138
2025-08-12,2791.204,2816.594,2791.204,2807.012,4260326700,0.6134995713101832
2025-08-13,2809.046,2828.86,2806.661,2812.98,5472011400,0.21261041990556784
2025-08-14,2815.493,2858.009,2815.493,2829.47,5000877000,0.5862110644227814
2025-08-15,2821.975,2847.612,2813.091,2832.876,7111777700,0.12037590078708416
2025-08-18,2843.086,2861.984,2832.464,2838.873,7338546600,0.21169299326901925
2025-08-19,2843.285,2858.412,2812.304,2812.423,6284322200,-0.9317077586774802
2025-08-20,2808.437,2848.033,2799.403,2846.991,5859734300,1.2291180949665081
2025-08-21,2853.787,2872.958,2850.63,2862.176,6530949900,0.5333701441275984
2025-08-22,2868.591,2928.881,2868.591,2928.614,6774156300,2.3212409020269886
2025-08-25,2950.653,2989.855,2943.976,2989.855,8635896700,2.0911256997337313
2025-08-26,2975.697,2985.54,2964.209,2969.776,5456582300,-0.671571029364304
2025-08-27,2974.408,2983.023,2918.379,2918.379,7100535600,-1.730669249128547
2025-08-28,2918.528,2963.074,2906.65,2960.727,6599324800,1.451079520514642
2025-08-29,2954.931,2988.997,2954.931,2976.473,8476146600,0.5318288379847269
2025-09-01,2986.651,2988.547,2965.45,2981.202,7280016300,0.1588793179041259
2025-09-02,2983.72,3006.457,2967.519,2992.881,7744585600,0.3917547351705686
2025-09-03,2995.463,3002.18,2939.812,2960.993,6372357100,-1.0654616738854594
2025-09-04,2949.972,2949.972,2879.413,2910.47,9192054400,-1.7062856953731442
2025-09-05,2908.512,2949.824,2899.689,2942.216,6238038700,1.0907516655385585
2025-09-08,2940.981,2953.906,2926.386,2939.882,6734077200,-0.07932796232499317
2025-09-09,2928.532,2949.537,2915.043,2928.632,5572337800,-0.382668420025023
2025-09-10,2928.112,2954.438,2923.564,2939.591,5640489500,0.37420201650462115
2025-09-11,2925.658,2983.197,2917.808,2983.083,6832650200,1.479525553044625
2025-09-12,2986.023,2998.981,2964.585,2968.54,6170980400,-0.4875157680828912
2025-09-15,2976.345,2984.856,2957.716,2962.615,5255177800,-0.19959306595161985
2025-09-16,2969.234,2974.949,2942.297,2947.822,5763941600,-0.4993223891730625
2025-09-17,2942.88,2960.311,2935.784,2952.778,5666853700,0.1681241268977507
2025-09-18,2959.389,2971.558,2890.6,2912.826,7486002900,-1.3530309423871234
2025-09-19,2914.362,2930.473,2906.165,2909.744,5723655100,-0.10580789927032708
2025-09-22,2911.024,2929.516,2901.119,2922.18,4697987600,0.4273915505968784
2025-09-23,2917.991,2938.119,2891.783,2919.515,6289687500,-0.09119903633588722
2025-09-24,2908.072,2942.592,2908.072,2939.508,5146206500,0.6848055242052231
2025-09-25,2944.728,2962.181,2941.871,2952.735,5432226800,0.44997326083140443
2025-09-26,2941.169,2962.755,2938.315,2941.018,4814161200,-0.39681854280861906
2025-09-29,2940.037,3000.482,2922.009,2973.042,7063229900,1.0888746685671302
2025-09-30,2985.097,2992.539,2976.589,2988.939,5906526600,0.5347048578526525
2025-10-09,3004.453,3030.717,2984.835,3020.596,7636980900,1.059138376527602
2025-10-10,3000.557,3012.589,2966.578,2974.854,6728372200,-1.514336905696767
2025-10-13,2917.877,2972.194,2917.877,2967.206,7016346700,-0.25708824701984323
2025-10-14,2986.581,2996.683,2949.91,2961.101,8618339900,-0.20574911212770663
2025-10-15,2962.753,3003.004,2958.446,3001.349,6337699600,1.3592241534483351
2025-10-16,2994.221,3028.569,2992.549,3019.197,6341092100,0.5946659318859515
2025-10-17,3017.427,3022.813,2963.935,2967.775,6267805600,-1.7031680940329474
2025-10-20,2984.312,2995.022,2967.688,2974.865,5318097600,0.23889951226085948
2025-10-21,2983.277,3014.101,2979.118,3007.263,5530175200,1.0890578227919612
2025-10-22,2987.346,3015.174,2987.346,3010.095,5141756300,0.09417200956483018
2025-10-23,3001.995,3030.796,2985.435,3026.904,6020665400,0.5584209136256568
2025-10-24,3031.916,3052.819,3028.38,3045.816,5512038200,0.624796822099416
2025-10-27,3064.383,3078.784,3052.398,3069.529,7040503900,0.778543418249833
2025-10-28,3059.876,3075.249,3044.563,3050.416,5462624100,-0.6226688198743169
2025-10-29,3049.446,3064.556,3048.59,3063.021,6014458600,0.413222327708751
2025-10-30,3053.793,3076.872,3043.571,3046.611,6573610300,-0.5357455923416854
2025-10-31,3046.182,3046.236,3011.555,3011.555,6931892200,-1.1506555973178068
2025-11-03,3009.163,3017.452,2990.275,3016.351,5490037500,0.15925327613144358
2025-11-04,3014.832,3029.923,2999.25,3012.969,5598090000,-0.1121222298068103
2025-11-05,2985.76,3018.349,2981.819,3007.97,4687175400,-0.16591607812759257
2025-11-06,3015.349,3049.486,3012.437,3044.742,5062944700,1.2224855965983883
2025-11-07,3036.01,3050.012,3034.723,3038.346,4766934700,-0.21006705986912344
2025-11-10,3043.506,3054.553,3030.234,3053.857,4907964400,0.510508019823952
2025-11-11,3059.756,3060.284,3023.92,3034.633,4104255100,-0.6294990236936471
2025-11-12,3035.026,3059.954,3035.026,3044.301,5751723500,0.3185887716900204
2025-11-13,3044.924,3075.214,3044.924,3073.666,5412640800,0.9645892439676729
2025-11-14,3058.123,3073.71,3037.88,3038.426,4880275600,-1.1465136420157673
2025-11-17,3033.022,3037.225,3001.202,3012.071,4823390200,-0.8673898920032896
2025-11-18,3005.741,3023.027,2995.174,3003.018,4358732700,-0.30055732417993974
2025-11-19,3004.646,3033.224,3004.203,3020.349,4820035500,0.5771194178656236
2025-11-20,3030.037,3038.912,3004.241,3008.29,5404355400,-0.3992584962863588
2025-11-21,2989.872,2998.807,2953.46,2955.854,6039312600,-1.7430500383939118
2025-11-24,2967.164,2970.205,2942.288,2950.562,5080170600,-0.1790345531274551
2025-11-25,2963.689,2974.765,2952.349,2968.202,4240517700,0.5978522057831892
2025-11-26,2969.776,2979.981,2968.021,2971.799,4005797700,0.12118447464153359
2025-11-27,2976.078,2988.2,2965.546,2972.265,3928779700,0.015680737492673735
2025-11-28,2969.228,2973.316,2954.715,2969.617,3727431400,-0.08909030655072092
2025-12-01,2975.272,2994.453,2972.791,2993.676,4651946100,0.8101718167696337
2025-12-02,2992.384,2994.715,2970.951,2978.467,3348182800,-0.5080376099484307
2025-12-03,2976.113,2983.613,2957.794,2963.076,3851973200,-0.5167423375850744
2025-12-04,2968.556,2980.237,2958.607,2974.337,3628255600,0.3800442513118174
2025-12-05,2970.62,3010.717,2969.086,3002.009,4460349100,0.9303585975630968
2025-12-08,3006.633,3030.571,3005.382,3019.362,4489579200,0.5780462350379434
2025-12-09,3012.244,3015.448,2991.651,2997.96,4342592300,-0.7088252418888552
2025-12-10,2994.149,2996.21,2970.592,2988.638,4151158900,-0.31094477578086366
2025-12-11,2995.632,2998.981,2966.184,2977.032,3939902700,-0.38833742995972864
2025-12-12,2981.967,2994.865,2965.688,2994.645,5718891200,0.5916295155712126
2025-12-15,2979.764,3015.389,2978.128,2987.068,3849022700,-0.2530183043399026
2025-12-16,2980.937,2986.083,2946.602,2954.787,3830216500,-1.080691835606029
2025-12-17,2955.474,3005.873,2948.736,2991.678,3850074300,1.248516390521548
2025-12-18,2983.767,3002.022,2980.951,2998.517,3254568300,0.2286008053005606
2025-12-19,2993.929,3016.384,2987.71,3004.34,3660553300,0.19419599755479133
2025-12-22,3010.796,3025.548,3010.796,3020.229,3472819200,0.5288682372833753
2025-12-23,3023.911,3041.668,3019.61,3027.52,3588970900,0.2414055358054057
2025-12-24,3028.374,3032.01,3012.199,3025.184,3179944100,-0.07715886269950012
2025-12-25,3020.908,3039.539,3018.583,3032.841,2827064700,0.2531085712472292
2025-12-26,3032.467,3057.948,3031.26,3045.404,3410068900,0.41423206821591396
2025-12-29,3048.979,3057.364,3030.379,3034.635,4315341500,-0.3536148241743864
2025-12-30,3023.321,3049.323,3022.277,3036.552,3853828500,0.06317069433390277
2025-12-31,3038.602,3051.43,3026.487,3031.126,3735898000,-0.17868951363256835
2026-01-05,3052.129,3105.403,3052.129,3099.746,5350139800,2.2638451849246843
2026-01-06,3106.52,3158.763,3106.087,3158.763,5749427200,1.9039301929899999
2026-01-07,3162.022,3162.444,3132.232,3145.12,5213942200,-0.43190957979436506
2026-01-08,3137.81,3142.846,3107.018,3122.063,5342737400,-0.7331039833138209
2026-01-09,3121.159,3146.728,3112.458,3134.325,6014927700,0.3927531250970784
2026-01-12,3146.512,3148.111,3125.17,3143.737,6446191300,0.3002879407847159
2026-01-13,3150.733,3177.735,3123.172,3132.933,6316009600,-0.3436674251058536
2026-01-14,3136.845,3169.753,3106.134,3112.075,7195742600,-0.6657659132831784
2026-01-15,3104.328,3130.985,3097.105,3105.575,5441766500,-0.2088638609287985
2026-01-16,3117.933,3127.849,3066.091,3079.763,7245415400,-0.8311504310795859
2026-01-19,3077.806,3094.972,3065.94,3075.936,5586659900,-0.12426280853428118
2026-01-20,3077.939,3090.085,3058.611,3070.646,6000253300,-0.17198017123892795
2026-01-21,3073.769,3097.663,3060.647,3067.175,6566488000,-0.11303810338280096
2026-01-22,3080.205,3089.673,3046.428,3053.128,6291845400,-0.45797843292280094
2026-01-23,3055.686,3063.258,3019.762,3032.193,6902015100,-0.6856902167220014
2026-01-26,3042.368,3088.568,3039.644,3049.587,8910247200,0.5736442238340356
2026-01-27,3054.401,3080.818,3046.189,3052.393,7513591400,0.0920124593920546
2026-01-28,3066.425,3074.976,3047.785,3060.557,9636678000,0.2674622828711781
2026-01-29,3074.487,3122.142,3048.413,3110.914,10071015400,1.645354097309748
2026-01-30,3088.787,3106.331,3040.423,3066.496,7901468700,-1.4278118906533632
2026-02-02,3036.843,3076.022,2997.852,3003.137,8080331700,-2.0661693346412324
2026-02-03,3033.47,3036.997,2987.406,3034.58,6483034700,1.0470051815817838
2026-02-04,3033.548,3070.17,3030.338,3069.243,6104365900,1.1422668046319417
2026-02-05,3048.87,3066.509,3030.849,3059.012,5371600900,-0.333339523784848
2026-02-06,3027.173,3056.004,3015.626,3037.86,4678981800,-0.6914650874203843
2026-02-09,3066.318,3081.868,3059.029,3081.779,4192393000,1.4457216593259714
2026-02-10,3086.328,3091.346,3079.999,3087.405,3816233200,0.1825568932749544
2026-02-11,3082.699,3094.25,3076.552,3088.457,3684760900,0.03407392292231748
2026-02-12,3091.529,3094.335,3075.76,3079.727,4440099600,-0.282665421600492
