date,open,high,low,close,volume,pct_change
2020-01-02,2770.116,2793.483,2770.116,2781.714,2459788500,
2020-01-03,2785.871,2788.252,2767.875,2779.455,1734820500,-0.08120892370675481
2020-01-06,2771.599,2798.491,2765.062,2775.567,2437983300,-0.1398835383195629
2020-01-07,2777.414,2794.563,2774.842,2794.123,1943239300,0.6685480840491254
2020-01-08,2787.916,2791.488,2765.032,2772.291,1928838200,-0.7813542925633521
2020-01-09,2788.945,2798.742,2783.203,2798.617,1813883600,0.9496117110361135
2020-01-10,2801.833,2804.267,2772.437,2785.909,1360756600,-0.4540814266475235
2020-01-13,2785.984,2800.859,2774.753,2800.859,1605932900,0.5366291576645033
2020-01-14,2804.535,2814.066,2799.584,2801.588,1518725800,0.02602772935018649
2020-01-15,2804.864,2805.69,2782.637,2788.181,1268633500,-0.4785500223444705
2020-01-16,2803.055,2803.298,2779.664,2780.45,1565978100,-0.2772775512063341
2020-01-17,2798.976,2800.922,2775.329,2781.848,1288151800,0.050279630994998215
2020-01-20,2779.807,2785.987,2766.58,2782.943,1348020200,0.03936232317509614
2020-01-21,2773.287,2773.287,2727.17,2728.502,1756671000,-1.9562384137943312
2020-01-22,2718.466,2738.853,2689.465,2732.37,1603637000,0.14176276946105126
2020-01-23,2714.372,2717.323,2643.679,2657.882,2170093500,-2.7261315268429898
2020-02-03,2408.483,2446.098,2408.483,2429.552,3695529000,-8.590674830560573
2020-02-04,2375.552,2474.384,2375.552,2473.132,2961065600,1.7937463367732054
2020-02-05,2477.093,2525.836,2467.713,2500.793,2215558500,1.118460316715808
2020-02-06,2503.127,2525.054,2484.79,2520.013,2136598600,0.7685562139689184
2020-02-07,2513.715,2517.117,2486.881,2517.117,1811282300,-0.11492004207913631
2020-02-10,2504.1,2556.56,2494.977,2556.263,1895996900,1.5551919120167845
2020-02-11,2559.389,2582.096,2549.81,2566.589,2045736400,0.4039490459315065
2020-02-12,2560.657,2575.783,2552.972,2575.323,1459737500,0.3402960115546305
2020-02-13,2571.519,2581.916,2557.527,2559.276,1689368900,-0.6231063055003205
2020-02-14,2555.175,2576.377,2553.633,2576.281,1469790700,0.6644457260569059
2020-02-17,2573.696,2626.053,2572.736,2625.84,2083242100,1.9236643828837163
2020-02-18,2622.943,2636.83,2606.933,2621.546,1767431400,-0.1635286232215316
2020-02-19,2615.843,2635.269,2612.711,2621.766,1666930600,0.008391994647438672
2020-02-20,2625.722,2663.508,2615.899,2660.527,2136618800,1.4784309507408278
2020-02-21,2659.476,2687.036,2654.549,2676.004,1899683400,0.5817268533640174
2020-02-24,2664.447,2668.131,2636.841,2656.869,2058443100,-0.7150587218853088
2020-02-25,2618.756,2628.495,2576.261,2624.347,2235701900,-1.2240723949882293
2020-02-26,2596.83,2664.038,2593.96,2631.992,2703428000,0.29131056220843554
2020-02-27,2638.209,2650.668,2622.087,2627.938,1865888300,-0.15402782379277946
2020-02-28,2565.751,2593.201,2538.176,2549.531,2706806400,-2.983593981288757
2020-03-02,2562.255,2642.724,2562.255,2636.954,2471245700,3.4289836052199485
2020-03-03,2663.43,2669.888,2626.264,2640.207,2349293300,0.12336203058527229
2020-03-04,2629.02,2666.491,2625.458,2665.845,1922765900,0.9710602236870036
2020-03-05,2678.673,2695.216,2668.701,2690.052,2826309400,0.9080422905307861
2020-03-06,2663.735,2669.884,2650.003,2658.8,1987925700,-1.1617619287656922
2020-03-09,2621.457,2621.457,2588.433,2591.087,3065344000,-2.5467504137204777
2020-03-10,2572.621,2636.174,2567.675,2631.22,2474337600,1.5488866255745082
2020-03-11,2632.497,2644.843,2609.87,2609.997,1926987800,-0.8065840180600636
2020-03-12,2582.441,2593.319,2562.734,2574.509,2104562500,-1.3596950494579096
2020-03-13,2475.36,2546.544,2465.566,2528.107,2706947400,-1.8023630913700406
2020-03-16,2538.834,2539.147,2459.352,2464.535,2591209900,-2.514608756670511
2020-03-17,2465.579,2492.765,2409.633,2451.035,2276833300,-0.5477706747926026
2020-03-18,2464.23,2476.808,2411.666,2411.788,2033086500,-1.6012419243299214
2020-03-19,2404.905,2417.484,2341.245,2375.531,2609300500,-1.5033245044755228
2020-03-20,2397.714,2407.894,2369.312,2400.154,1940151200,1.0365261493114675
2020-03-23,2350.936,2355.599,2320.94,2321.85,1704772200,-3.262457325654944
2020-03-24,2354.305,2377.498,2335.703,2375.148,1799089200,2.2954971251373024
2020-03-25,2416.765,2437.182,2405.71,2433.14,1884098700,2.4416162698071675
2020-03-26,2417.239,2425.751,2406.809,2408.625,1523304400,-1.007545805009158
2020-03-27,2429.877,2448.82,2420.495,2423.227,1569754200,0.6062379988582611
2020-03-30,2401.415,2413.043,2382.111,2399.886,1686541100,-0.96321970661436
2020-03-31,2417.223,2419.921,2390.633,2396.44,1579227100,-0.1435901538656359
2020-04-01,2391.944,2412.726,2377.422,2379.588,1265475000,-0.7032097611456956
2020-04-02,2370.348,2413.143,2367.31,2413.143,1381244500,1.4101180540496916
2020-04-03,2406.721,2413.815,2391.969,2399.906,1207919100,-0.5485377368850575
2020-04-07,2427.431,2441.296,2421.763,2436.495,1717594000,1.5246013802207248
2020-04-08,2428.107,2438.773,2417.912,2432.931,1318380800,-0.14627569520970773
2020-04-09,2441.063,2448.435,2432.529,2439.161,1021470900,0.2560697364619058
2020-04-10,2440.82,2443.369,2410.342,2414.74,1162343900,-1.0012049225122999
2020-04-13,2406.778,2411.388,2397.504,2408.841,1048375600,-0.24429131086576295
2020-04-14,2413.248,2433.307,2413.224,2433.047,1209481400,1.004881600736618
2020-04-15,2433.278,2433.915,2417.202,2419.254,1065598800,-0.5669023245338134
2020-04-16,2412.241,2421.033,2405.979,2414.598,1062642300,-0.19245602156697794
2020-04-17,2424.616,2436.437,2419.314,2423.82,1521106200,0.3819269294516259
2020-04-20,2426.349,2427.524,2413.024,2426.449,1315087900,0.10846515005238366
2020-04-21,2418.938,2419.193,2392.028,2405.956,1260910800,-0.8445675140915765
2020-04-22,2397.541,2410.828,2389.138,2410.404,1073655200,0.18487453635893658
2020-04-23,2415.547,2416.075,2399.599,2400.781,1352307200,-0.3992276813347462
2020-04-24,2400.551,2401.9,2377.14,2382.591,1011313200,-0.7576701081856263
2020-04-27,2385.799,2403.734,2384.797,2392.838,1343095200,0.4300780117107994
2020-04-28,2393.384,2394.106,2341.698,2378.606,1470752500,-0.5947749074529884
2020-04-29,2376.272,2414.553,2375.856,2414.553,1636462300,1.511263319776357
2020-04-30,2417.825,2453.199,2417.825,2451.312,1652130500,1.5223935858935445
2020-05-06,2427.271,2450.784,2426.464,2447.708,1876726200,-0.14702330833447075
2020-05-07,2445.342,2456.64,2436.709,2453.724,1435509000,0.24578095099578867
2020-05-08,2457.908,2472.605,2454.563,2467.143,1361960100,0.5468830235185296
2020-05-11,2471.954,2480.511,2458.529,2465.509,1367826200,-0.0662304536056535
2020-05-12,2465.852,2467.048,2441.86,2451.203,1108440900,-0.5802452962045623
2020-05-13,2442.14,2453.748,2432.059,2452.453,1061073200,0.05099536839665575
2020-05-14,2446.814,2446.865,2425.099,2426.77,1058842000,-1.0472371947596981
2020-05-15,2433.471,2437.492,2418.39,2419.776,1059172400,-0.28820201337580453
2020-05-18,2424.045,2432.932,2412.514,2418.382,1118559400,-0.05760863815492678
2020-05-19,2436.731,2441.644,2426.654,2430.701,1171990100,0.5093901625136121
2020-05-20,2428.479,2428.479,2408.223,2413.116,1001786600,-0.7234538513786748
2020-05-21,2419.865,2422.544,2400.128,2401.495,996337900,-0.4815765176643061
2020-05-22,2395.538,2395.94,2356.823,2357.258,1383286000,-1.8420608829083585
2020-05-25,2360.808,2367.189,2349.887,2367.028,1023185600,0.41446460251699513
2020-05-26,2371.477,2378.384,2368.166,2376.322,960722300,0.39264427797223167
2020-05-27,2378.128,2396.118,2373.546,2391.978,1338905800,0.6588332725952162
2020-05-28,2382.751,2393.627,2370.66,2387.627,1453714400,-0.1818996663012884
2020-05-29,2377.246,2377.246,2359.903,2364.233,1352762900,-0.9798012838688752
2020-06-01,2371.632,2412.002,2371.632,2409.328,1536143500,1.9073839168981976
2020-06-02,2408.897,2422.46,2405.407,2422.46,1493400400,0.545048245817914
2020-06-03,2425.813,2440.652,2424.5,2425.422,1712922500,0.12227240078268586
2020-06-04,2445.202,2445.409,2425.176,2432.784,1317282700,0.30353480755100914
2020-06-05,2433.477,2433.477,2403.2,2413.122,1320875200,-0.8082098534025306
2020-06-08,2417.673,2431.715,2417.673,2428.418,1598269400,0.6338676618919514
2020-06-09,2432.805,2434.604,2424.981,2433.759,1364384200,0.2199374242819685
2020-06-10,2428.971,2428.971,2413.437,2417.635,1393681000,-0.6625142423715702
2020-06-11,2417.211,2419.766,2393.207,2396.409,1672809900,-0.8779654497060196
2020-06-12,2366.452,2398.491,2362.675,2396.676,2111327800,0.011141670724823527
2020-06-15,2378.214,2389.411,2368.909,2368.909,1862422400,-1.1585629430093891
2020-06-16,2383.28,2405.429,2379.326,2405.417,1567250900,1.5411313815769212
2020-06-17,2406.72,2417.256,2400.982,2412.526,1792094200,0.2955412720538675
2020-06-18,2401.932,2431.278,2399.173,2428.048,2403193800,0.6433920297646445
2020-06-19,2420.455,2424.323,2409.183,2419.518,2272553200,-0.35131101197339865
2020-06-22,2419.398,2423.26,2403.526,2405.744,1753283500,-0.5692869406220491
2020-06-23,2405.931,2405.987,2390.204,2393.763,1549158900,-0.4980164140490517
2020-06-24,2391.301,2399.643,2387.454,2392.89,1684093300,-0.036469775829939266
2020-06-29,2389.11,2392.175,2373.058,2378.833,2068251200,-0.5874486499588327
2020-06-30,2377.582,2389.575,2376.118,2388.161,1683847200,0.3921250461886183
2020-07-01,2394.33,2428.206,2387.014,2427.705,2622922000,1.655834761559194
2020-07-02,2423.213,2477.355,2420.499,2477.355,3756400100,2.0451413989755807
2020-07-03,2481.978,2512.292,2481.978,2509.628,4012050300,1.3027200381051651
2020-07-06,2537.637,2662.813,2537.637,2659.042,6795803500,5.9536313748491665
2020-07-07,2686.874,2716.236,2636.743,2638.352,6145170600,-0.7780997818011115
2020-07-08,2631.025,2676.048,2607.188,2664.796,4864250900,1.0022923400668349
2020-07-09,2663.267,2693.211,2634.17,2689.493,4856266600,0.9267876415305354
2020-07-10,2656.731,2656.731,2599.672,2604.997,4449210400,-3.141707377561498
2020-07-13,2606.397,2673.917,2603.008,2667.562,4828133400,2.4017302131249973
2020-07-14,2669.553,2689.722,2607.653,2649.08,4242163200,-0.692842378171532
2020-07-15,2654.501,2658.681,2577.25,2594.814,3747819400,-2.0484847569722353
2020-07-16,2594.419,2616.238,2519.26,2520.16,3736500600,-2.877046293106178
2020-07-17,2519.794,2543.941,2494.927,2514.651,2640424400,-0.21859723192177993
2020-07-20,2529.258,2616.341,2529.258,2616.217,3446080000,4.038970020094257
2020-07-21,2619.404,2626.589,2593.837,2605.39,2323734400,-0.41384181816723764
2020-07-22,2611.504,2635.074,2599.27,2606.376,2840398100,0.03784462211033901
2020-07-23,2582.893,2593.045,2530.188,2571.426,2912694000,-1.3409423659518138
2020-07-24,2563.109,2571.294,2479.057,2488.362,3235630800,-3.230269896936555
2020-07-27,2497.246,2505.63,2466.352,2483.813,1994325800,-0.18281102186900045
2020-07-28,2494.374,2512.791,2489.328,2502.254,1745830700,0.7424471971118507
2020-07-29,2497.966,2535.964,2479.749,2535.312,2230379100,1.3211288702106083
2020-07-30,2542.339,2549.983,2528.687,2531.702,1925124500,-0.14238878686330114
2020-07-31,2525.169,2565.664,2523.682,2552.785,2520989600,0.8327599377809802
2020-08-03,2572.077,2609.738,2572.077,2609.518,2711355000,2.2223963240147526
2020-08-04,2620.929,2626.802,2590.265,2606.327,3719921600,-0.1222831189514606
2020-08-05,2596.674,2601.865,2567.457,2594.451,2397558300,-0.4556603987143637
2020-08-06,2599.58,2609.921,2571.892,2608.237,2362101900,0.5313648243886693
2020-08-07,2603.225,2605.573,2568.13,2600.192,2314144900,-0.3084458965960546
2020-08-10,2605.852,2638.833,2603.243,2631.319,2439271300,1.1971039061730915
2020-08-11,2644.222,2657.362,2607.456,2610.095,2918244200,-0.8065916751256785
2020-08-12,2607.599,2615.84,2562.518,2602.821,2650166500,-0.2786871742216257
2020-08-13,2610.411,2631.175,2610.187,2623.47,1943186200,0.7933315429681898
2020-08-14,2619.831,2640.294,2602.059,2638.521,2129834800,0.5737058171048526
2020-08-17,2647.364,2709.288,2647.177,2697.916,4536873200,2.251071717829789
2020-08-18,2701.812,2706.434,2687.158,2700.336,2692255800,0.08969886386380743
2020-08-19,2706.319,2717.715,2678.14,2685.204,2514043900,-0.5603747089250932
2020-08-20,2678.115,2692.921,2663.846,2668.405,2550871000,-0.6256135474250746
2020-08-21,2666.207,2681.599,2652.913,2666.43,1879182400,-0.07401425195951994
2020-08-24,2677.204,2683.482,2664.683,2669.799,1821502400,0.126348713448321
2020-08-25,2680.789,2692.316,2648.999,2660.286,1891836000,-0.3563189588429716
2020-08-26,2657.428,2658.729,2612.975,2616.616,1987603000,-1.6415528255232736
2020-08-27,2621.95,2626.081,2602.263,2624.908,1866794500,0.31689785585657937
2020-08-28,2625.945,2662.718,2620.442,2661.107,2204718500,1.379057856503918
2020-08-31,2665.435,2674.241,2642.766,2644.04,3103168200,-0.6413496338178115
2020-09-01,2639.244,2645.888,2622.288,2645.888,1962388400,0.0698930424653188
2020-09-02,2653.999,2656.476,2629.405,2645.43,2170694500,-0.017309878573845694
2020-09-03,2651.598,2663.211,2628.524,2633.801,2000273400,-0.43958827109391585
2020-09-04,2607.129,2619.69,2593.476,2615.978,1772328700,-0.6767026058536629
2020-09-07,2615.851,2641.627,2599.612,2604.531,1960736300,-0.437580132554638
2020-09-08,2609.481,2626.099,2596.74,2620.926,2047941600,0.6294799332394296
2020-09-09,2603.062,2617.451,2584.565,2598.918,2209744600,-0.8397032193964926
2020-09-10,2616.653,2620.534,2575.679,2580.596,2153321500,-0.7049856901987672
2020-09-11,2572.194,2581.998,2557.091,2578.026,1588879400,-0.09958939717802373
2020-09-14,2583.186,2587.838,2570.562,2585.458,1361191400,0.2882825852027926
2020-09-15,2585.042,2591.447,2574.22,2591.311,1269112900,0.22638155406122795
2020-09-16,2589.176,2608.08,2580.674,2596.388,1397137000,0.1959239936850432
2020-09-17,2593.851,2613.737,2583.027,2598.79,1360184500,0.09251313748177559
2020-09-18,2599.09,2635.864,2592.01,2635.47,2329111700,1.4114260867557515
2020-09-21,2637.562,2638.655,2614.975,2622.333,1572610000,-0.49846896379013295
2020-09-22,2602.275,2612.024,2579.537,2584.54,1439953300,-1.441197590084864
2020-09-23,2592.179,2596.5,2580.736,2588.119,1144599300,0.13847725320561555
2020-09-24,2576.511,2578.85,2546.298,2548.891,1580474500,-1.515695375676318
2020-09-25,2554.515,2559.898,2531.051,2539.56,1299892400,-0.3660807778755548
2020-09-28,2546.791,2554.862,2538.313,2547.257,1502749000,0.30308399880294434
2020-09-29,2556.679,2562.29,2542.573,2546.538,1181664000,-0.0282264412267752
2020-09-30,2553.582,2556.662,2528.011,2537.417,1528558800,-0.3581725464139929
2020-10-09,2567.727,2585.72,2563.98,2575.206,1494272500,1.4892703879575198
2020-10-12,2582.954,2621.96,2580.984,2621.157,2422365600,1.7843621054004943
2020-10-13,2620.65,2620.65,2602.564,2613.363,1919629200,-0.2973496055368008
2020-10-14,2610.688,2610.688,2598.052,2606.299,1671637900,-0.27030305395767673
2020-10-15,2603.437,2607.028,2590.803,2593.135,1837571400,-0.50508402911561
2020-10-16,2591.403,2608.992,2591.403,2599.035,2922752200,0.22752382733639553
2020-10-19,2606.179,2628.19,2583.755,2587.04,3006429600,-0.4615174478219797
2020-10-20,2581.638,2584.853,2566.821,2583.715,1884513000,-0.1285252643948187
2020-10-21,2584.442,2585.656,2567.841,2583.281,1984185200,-0.016797518302147374
2020-10-22,2577.371,2577.88,2562.977,2568.656,1720144500,-0.5661405011688658
2020-10-23,2567.21,2579.029,2554.79,2558.607,2074222800,-0.39121626251238384
2020-10-26,2556.392,2556.392,2537.03,2545.452,1823281700,-0.5141469557458311
2020-10-27,2538.39,2543.204,2527.518,2538.646,1494450100,-0.2673788388074083
2020-10-28,2540.226,2546.636,2519.97,2543.094,1746903000,0.17521151038781824
2020-10-29,2524.043,2572.907,2520.67,2562.338,1914259100,0.7567160317314414
2020-10-30,2568.889,2583.055,2542.896,2543.816,2267914100,-0.7228554546668042
2020-11-02,2549.514,2563.902,2544.509,2558.991,2007584900,0.5965447186431883
2020-11-03,2565.545,2582.913,2561.931,2580.848,1820653600,0.8541257081404297
2020-11-04,2587.827,2606.246,2579.48,2603.924,1728850500,0.8941247217968629
2020-11-05,2620.384,2648.15,2618.777,2647.872,2118287000,1.6877604722718376
2020-11-06,2649.862,2670.368,2637.975,2669.739,2080104800,0.825832970778051
2020-11-09,2685.336,2721.639,2685.336,2718.984,2587639400,1.8445623336213801
2020-11-10,2728.936,2729.458,2697.264,2703.948,2683457000,-0.5530006796656384
2020-11-11,2697.566,2733.474,2696.118,2716.248,2793748900,0.45489040469712805
2020-11-12,2717.046,2737.029,2709.03,2735.883,1798985600,0.7228721383319758
2020-11-13,2729.408,2730.966,2692.509,2714.047,2127386800,-0.7981335459155137
2020-11-16,2724.868,2769.232,2720.2,2767.196,2101386000,1.958293279372092
2020-11-17,2770.078,2790.889,2765.595,2778.794,2316179500,0.419124630131007
2020-11-18,2773.438,2794.95,2769.432,2792.308,2910796900,0.4863260824659932
2020-11-19,2785.822,2787.544,2760.197,2770.055,2174509800,-0.7969393061223906
2020-11-20,2767.215,2789.923,2757.709,2787.754,1890832600,0.6389403820501682
2020-11-23,2790.87,2843.105,2790.843,2828.444,3196869900,1.4595979415687355
2020-11-24,2829.922,2833.127,2807.803,2820.485,2185406100,-0.281391464706382
2020-11-25,2833.229,2837.606,2786.77,2786.77,2450772200,-1.1953617906140357
2020-11-26,2781.697,2788.91,2767.577,2784.937,2130102100,-0.06577507293390461
2020-11-27,2791.995,2807.117,2772.041,2807.005,4139240500,0.7924057168977372
2020-11-30,2809.748,2831.645,2768.179,2768.179,6181118100,-1.3831824310964858
2020-12-01,2769.807,2793.624,2755.527,2789.816,3467214100,0.7816329796591859
2020-12-02,2792.914,2800.303,2772.329,2785.907,2716095100,-0.14011676755741886
2020-12-03,2786.183,2786.183,2755.064,2761.448,2304387200,-0.8779546481630707
2020-12-04,2761.539,2761.539,2730.025,2748.289,2280734300,-0.47652535915938543
2020-12-07,2752.522,2757.555,2707.557,2707.557,2451866700,-1.4820857631784867
2020-12-08,2714.727,2721.126,2695.695,2701.236,1906072500,-0.23345768897939934
2020-12-09,2703.703,2704.926,2663.412,2663.574,2017907300,-1.394250631932925
2020-12-10,2664.241,2675.621,2655.021,2664.408,2269682300,0.031311313295590004
2020-12-11,2675.561,2677.639,2613.787,2669.436,2907543300,0.1887098372321372
2020-12-14,2657.49,2660.211,2627.767,2636.222,2565914400,-1.244232864170558
2020-12-15,2639.176,2639.176,2609.632,2627.436,2442934900,-0.3332799741448178
2020-12-16,2629.335,2635.154,2617.63,2624.039,1961035500,-0.12928954311350882
2020-12-17,2622.803,2652.697,2602.868,2650.728,2340601400,1.0170961635859843
2020-12-18,2660.841,2685.061,2660.841,2670.549,2212349100,0.747756842648517
2020-12-21,2677.763,2685.397,2653.817,2676.001,2267549300,0.20415277907277485
2020-12-22,2663.516,2663.58,2608.944,2612.213,2859550600,-2.383706134638963
2020-12-23,2611.488,2634.478,2608.242,2619.93,2174637900,0.29542001360531867
2020-12-24,2621.748,2623.744,2596.202,2605.441,1633831100,-0.5530300427874058
2020-12-25,2601.371,2632.056,2592.336,2615.92,1603350100,0.40219678741526543
2020-12-28,2618.265,2620.819,2595.702,2603.064,2137799700,-0.4914523379919933
2020-12-29,2604.102,2604.618,2576.888,2579.413,2073911800,-0.9085831158972546
2020-12-30,2579.229,2597.695,2572.445,2585.182,1988672600,0.2236555371318838
2020-12-31,2583.753,2599.538,2577.14,2594.989,2463133900,0.3793543355941731
2021-01-04,2589.207,2599.938,2576.344,2593.416,3055033400,-0.06061682727749318
2021-01-05,2589.602,2589.602,2554.536,2578.071,3040627100,-0.591690650477994
2021-01-06,2574.818,2589.272,2563.245,2580.549,2712117600,0.09611837687946156
2021-01-07,2579.795,2581.901,2552.241,2568.754,3054876800,-0.4570732816931655
2021-01-08,2565.434,2587.53,2551.393,2578.944,2885598900,0.39669037984952915
2021-01-11,2577.652,2577.869,2540.263,2545.109,3538113800,-1.3119711013500068
2021-01-12,2543.633,2567.527,2541.793,2567.397,2681988800,0.8757188788377945
2021-01-13,2568.322,2579.244,2555.067,2572.8,3174180700,0.21044661187967773
2021-01-14,2565.17,2580.484,2557.498,2569.399,3037584500,-0.13219060945274252
2021-01-15,2572.891,2596.617,2572.891,2584.913,4454002500,0.603798787187193
2021-01-18,2585.948,2608.886,2581.209,2601.751,3336246500,0.6513952307098947
2021-01-19,2597.061,2623.467,2583.726,2610.892,3566192000,0.35134030889196755
2021-01-20,2607.921,2613.276,2594.227,2602.862,2794919400,-0.3075577235672644
2021-01-21,2604.637,2622.643,2595.799,2610.669,2744133500,0.29993906707308504
2021-01-22,2606.945,2606.945,2574.058,2580.69,2736868500,-1.148326348533646
2021-01-25,2570.635,2570.635,2539.938,2544.145,2605769600,-1.4160941453642217
2021-01-26,2541.306,2558.639,2530.979,2536.195,2092220100,-0.31248218949784246
2021-01-27,2536.134,2554.902,2529.527,2533.348,2418549000,-0.11225477536230821
2021-01-28,2519.253,2519.253,2499.208,2505.337,2248386900,-1.1056909670522974
2021-01-29,2510.039,2515.175,2470.403,2483.5,2615902800,-0.871619267188406
2021-02-01,2483.613,2506.653,2471.301,2504.44,2552254700,0.8431648882625264
2021-02-02,2505.929,2514.293,2502.543,2510.206,2410854900,0.23023110954945025
2021-02-03,2508.81,2509.053,2481.069,2487.587,2264437900,-0.9010814251898092
2021-02-04,2480.874,2480.874,2457.673,2472.324,2338280100,-0.6135664802879193
2021-02-05,2468.925,2503.161,2463.519,2490.707,4153802900,0.7435514115463837
2021-02-08,2491.956,2513.181,2485.503,2505.166,3132828300,0.5805179011421302
2021-02-09,2505.003,2524.309,2493.407,2521.727,2712552500,0.661073956775704
2021-02-10,2525.435,2538.231,2521.46,2535.133,3647123900,0.5316197986538596
2021-02-18,2571.829,2613.071,2571.829,2608.957,4479999200,2.9120365677067106
2021-02-19,2605.894,2663.137,2601.366,2661.55,3318274800,2.0158630441207137
2021-02-22,2667.482,2736.492,2666.903,2701.366,5253479100,1.4959703931919366
2021-02-23,2695.371,2702.326,2670.566,2675.698,4110128300,-0.9501859429636772
2021-02-24,2678.722,2682.921,2628.339,2642.594,3512299100,-1.2372098794407926
2021-02-25,2663.064,2698.897,2663.064,2687.728,4154694000,1.7079430287058939
2021-02-26,2646.419,2660.754,2624.922,2629.757,3840195800,-2.1568774816499325
2021-03-01,2636.286,2674.666,2635.087,2673.586,2895748100,1.666655892540625
2021-03-02,2684.852,2690.785,2637.455,2652.716,3146928900,-0.7805995393452836
2021-03-03,2653.124,2725.251,2653.124,2723.645,4553023000,2.673825618724357
2021-03-04,2715.07,2745.115,2708.229,2717.566,4254405300,-0.2231935512888139
2021-03-05,2692.406,2703.739,2667.438,2691.796,3990139200,-0.9482750372943993
2021-03-08,2707.989,2729.312,2673.426,2674.673,3992812000,-0.636118041634659
2021-03-09,2674.215,2714.16,2630.492,2671.742,4121707600,-0.10958348927138095
2021-03-10,2672.232,2681.514,2646.303,2650.001,2880731700,-0.8137387517207828
2021-03-11,2651.883,2705.979,2649.412,2703.121,3313632100,2.0045275454612987
2021-03-12,2712.476,2735.725,2698.19,2729.955,3323290300,0.9927043591463347
2021-03-15,2731.429,2765.527,2729.858,2754.328,3678586900,0.8927985992443155
2021-03-16,2749.257,2764.812,2729.484,2761.05,2895240600,0.2440522697369385
2021-03-17,2753.216,2753.216,2723.865,2746.242,2582873800,-0.5363177052208346
2021-03-18,2742.288,2760.66,2739.123,2744.971,2292937100,-0.04628142749255604
2021-03-19,2723.322,2748.794,2709.934,2725.786,3248837900,-0.6989144876211828
2021-03-22,2725.528,2759.299,2725.528,2756.556,2554548900,1.128848706391472
2021-03-23,2755.493,2760.47,2715.45,2727.005,2394677000,-1.0720261079404825
2021-03-24,2713.909,2719.65,2670.297,2680.446,2439588900,-1.7073309363202505
2021-03-25,2683.909,2703.866,2679.199,2682.65,2148665800,0.08222512223712286
2021-03-26,2691.195,2719.557,2689.197,2718.142,2588190000,1.3230201479879966
2021-03-29,2733.36,2759.577,2718.101,2755.919,3511854500,1.3898096567434681
2021-03-30,2743.643,2752.384,2727.124,2752.05,2697194800,-0.14038874146879987
2021-03-31,2746.468,2747.207,2729.825,2744.561,3045438900,-0.27212441634417717
2021-04-01,2742.413,2770.932,2733.874,2764.803,2160225900,0.7375314303453173
2021-04-02,2763.899,2763.899,2730.204,2733.017,2318466000,-1.1496659979029267
2021-04-06,2738.096,2753.093,2735.69,2742.759,1713672000,0.35645588739476874
2021-04-07,2739.974,2770.67,2730.581,2769.295,2388857000,0.9674929514404962
2021-04-08,2770.086,2783.158,2756.488,2765.19,2136931400,-0.14823267293661013
2021-04-09,2764.872,2775.969,2750.718,2769.93,1948966800,0.17141679233614315
2021-04-12,2770.305,2787.921,2760.811,2773.078,2526666300,0.11364908138473684
2021-04-13,2764.659,2765.165,2738.35,2741.722,2067963200,-1.130729103184247
2021-04-14,2740.196,2758.575,2734.655,2754.223,1885116200,0.455954323596619
2021-04-15,2756.153,2763.577,2746.639,2760.169,1900554100,0.2158866584150987
2021-04-16,2766.467,2801.448,2762.703,2799.677,1830809000,1.4313616303929244
2021-04-19,2792.916,2812.826,2790.74,2807.354,2196694700,0.27421020353417536
2021-04-20,2801.008,2809.749,2795.616,2798.194,2085889800,-0.32628589055744284
2021-04-21,2789.475,2793.175,2775.124,2786.962,2009376300,-0.4014017612788856
2021-04-22,2795.697,2821.039,2789.876,2794.717,2295919100,0.27825998345152314
2021-04-23,2789.845,2794.664,2778.689,2793.076,2010808700,-0.058717931010543456
2021-04-26,2802.666,2812.815,2776.823,2777.408,2135765700,-0.5609585990499433
2021-04-27,2777.9,2780.95,2750.63,2771.462,1738227500,-0.21408449892849069
2021-04-28,2765.546,2778.15,2752.752,2777.788,1844075800,0.22825497878016243
2021-04-29,2781.758,2799.135,2763.147,2796.112,2427961100,0.6596615724454136
2021-04-30,2778.246,2778.93,2750.869,2761.128,3164429500,-1.2511659046561818
2021-05-06,2769.508,2818.014,2769.508,2810.706,2577929900,1.7955705059671256
2021-05-07,2822.161,2858.717,2808.563,2836.712,3067992300,0.9252479626115306
2021-05-10,2852.516,2879.703,2839.675,2878.264,2833271800,1.4647944521685607
2021-05-11,2852.599,2856.126,2805.164,2851.513,2297265500,-0.9294143970115409
2021-05-12,2845.671,2868.825,2843.385,2866.438,2323037800,0.5234063460345606
2021-05-13,2833.433,2849.092,2807.122,2813.192,2089765000,-1.8575667780011296
2021-05-14,2821.113,2829.949,2808.816,2820.723,2265476000,0.2677030220475496
2021-05-17,2824.383,2837.426,2808.636,2812.21,2269791200,-0.30180205571408436
2021-05-18,2816.17,2830.271,2806.236,2828.655,1678190500,0.5847714075406962
2021-05-19,2820.294,2820.294,2799.653,2805.418,2087503500,-0.8214858298378536
2021-05-20,2767.395,2776.217,2747.642,2767.73,2300772700,-1.3434005199938204
2021-05-21,2776.902,2793.165,2769.728,2779.154,1790750200,0.4127570247097756
2021-05-24,2785.395,2799.483,2777.867,2786.031,1710209300,0.2474494036674546
2021-05-25,2793.559,2829.653,2777.272,2827.71,3020074900,1.4959991471738876
2021-05-26,2835.506,2858.46,2822.007,2847.991,2576565300,0.7172234776550601
2021-05-27,2837.429,2856.431,2833.839,2851.621,2399297400,0.12745826795099724
2021-05-28,2856.632,2873.002,2843.667,2852.486,2414012300,0.030333624278955362
2021-05-31,2868.983,2871.469,2839.988,2869.963,2784815200,0.6126936293464835
2021-06-01,2870.265,2901.336,2856.011,2899.583,2764121000,1.0320690545487787
2021-06-02,2907.41,2907.41,2873.232,2879.497,2944610100,-0.6927202980566594
2021-06-03,2881.357,2924.027,2878.679,2901.867,2973162500,0.7768717939279135
2021-06-04,2878.664,2888.382,2857.683,2873.419,2554953000,-0.9803343847254342
2021-06-07,2883.123,2886.889,2864.392,2878.084,2411017400,0.1623501480292333
2021-06-08,2878.334,2878.334,2844.717,2851.005,2452016100,-0.9408689947895787
2021-06-09,2852.729,2885.888,2850.984,2872.302,2520246600,0.7469997421961638
2021-06-10,2869.588,2895.448,2863.871,2878.391,2633745000,0.21199024336577832
2021-06-11,2886.65,2895.674,2872.758,2880.577,3005002200,0.07594520688816164
2021-06-15,2892.731,2893.756,2849.369,2865.042,3048817500,-0.5393016746297774
2021-06-16,2863.227,2877.359,2834.685,2842.771,2459294900,-0.7773358994388135
2021-06-17,2834.205,2857.066,2818.184,2836.938,2411983200,-0.2051871220017376
2021-06-18,2840.975,2841.996,2810.138,2818.404,2393369600,-0.6533100124147984
2021-06-21,2822.849,2829.563,2804.624,2825.476,2497237700,0.25092215310509314
2021-06-22,2831.667,2870.495,2828.168,2866.198,2468125400,1.4412438824467078
2021-06-23,2873.811,2925.816,2861.045,2920.72,2465922300,1.902241226879653
2021-06-24,2924.55,2943.697,2904.062,2919.603,2218021500,-0.03824399463144834
2021-06-25,2916.108,2950.431,2913.561,2941.873,2264873100,0.7627749389214955
2021-06-28,2917.215,2919.386,2880.766,2885.439,2182798800,-1.9183017077895714
2021-06-29,2880.948,2882.728,2858.908,2862.639,2313747000,-0.7901743894083268
2021-06-30,2859.679,2878.395,2847.247,2874.424,2303540100,0.41168306587033854
2021-07-01,2880.293,2897.985,2860.633,2868.524,2364686500,-0.20525851440149623
2021-07-02,2868.484,2868.539,2835.473,2839.302,2504133100,-1.0187120623707413
2021-07-05,2839.8,2845.27,2817.664,2844.13,2245802100,0.17004179196153935
2021-07-06,2839.17,2844.184,2817.694,2839.009,2314849500,-0.1800550607742979
2021-07-07,2822.493,2835.519,2808.323,2833.175,1972673600,-0.20549424112427106
2021-07-08,2826.479,2827.383,2773.056,2774.093,2599647500,-2.0853635938479
2021-07-09,2767.806,2800.167,2762.069,2798.852,2520698300,0.892507929618791
2021-07-12,2806.996,2822.963,2792.871,2807.818,2994990000,0.3203456274215366
2021-07-13,2817.573,2835.329,2804.498,2833.491,2485957200,0.91433988955123
2021-07-14,2838.862,2846.754,2827.82,2833.209,2693452400,-0.009952387355394166
2021-07-15,2824.56,2873.96,2807.439,2870.087,2524917100,1.301633589332818
2021-07-16,2865.988,2889.042,2860.166,2869.721,2310486800,-0.012752226674661582
2021-07-19,2881.896,2883.422,2849.478,2852.253,2344324700,-0.6087002882858572
2021-07-20,2834.257,2837.456,2812.621,2835.619,1867364200,-0.5831880972690717
2021-07-21,2842.47,2852.832,2818.96,2827.869,2159454400,-0.27330893184168703
2021-07-22,2830.576,2854.593,2815.276,2852.243,2265515700,0.8619211144504924
2021-07-23,2849.647,2863.83,2814.205,2818.024,2392122500,-1.1997224640397097
2021-07-26,2821.535,2821.535,2741.141,2758.839,2795610000,-2.1002305161347046
2021-07-27,2761.428,2789.207,2697.717,2697.717,2918828100,-2.2154971710926175
2021-07-28,2682.425,2693.921,2639.932,2670.432,2847570000,-1.0114107595422417
2021-07-29,2692.982,2697.897,2664.856,2686.053,2256281700,0.584961534313555
2021-07-30,2693.578,2722.022,2681.557,2719.285,2478785100,1.2372056694339273
2021-08-02,2690.485,2694.893,2639.404,2691.411,3126508300,-1.0250488639476862
2021-08-03,2676.655,2693.231,2647.519,2652.134,2279652900,-1.459346045624399
2021-08-04,2660.303,2688.324,2658.749,2685.129,1988205900,1.244092493064075
2021-08-05,2677.386,2695.484,2653.581,2662.807,2114504300,-0.8313194636086374
2021-08-06,2660.089,2679.628,2640.466,2677.743,1868039700,0.5609118497885923
2021-08-09,2678.193,2719.573,2671.473,2715.029,2650506400,1.3924413209184028
2021-08-10,2709.466,2716.92,2693.919,2716.701,2170559800,0.06158313594439857
2021-08-11,2724.561,2773.57,2724.561,2770.81,3203277400,1.991717159893569
2021-08-12,2764.56,2810.921,2751.372,2804.13,2349096200,1.2025364424121499
2021-08-13,2795.048,2802.83,2781.909,2795.584,1946074900,-0.3047647576966961
2021-08-16,2799.834,2820.417,2788.915,2801.865,2262543200,0.22467577436413588
2021-08-17,2797.312,2817.759,2758.302,2763.265,2704340100,-1.3776538127283078
2021-08-18,2767.038,2787.065,2760.066,2780.044,2689344400,0.6072164631332866
2021-08-19,2766.088,2780.028,2755.531,2770.718,2543770600,-0.33546231642377355
2021-08-20,2766.146,2787.304,2752.117,2784.535,2663220500,0.4986794036780262
2021-08-23,2801.366,2816.142,2797.522,2801.773,2148804200,0.6190620696094884
2021-08-24,2813.87,2834.69,2807.52,2823.941,2239556500,0.791213278163494
2021-08-25,2826.191,2858.803,2819.508,2856.364,2012723300,1.1481472169567297
2021-08-26,2855.264,2912.014,2852.897,2895.877,2717921100,1.3833320963294593
2021-08-27,2881.663,2923.917,2875.982,2921.795,2392107100,0.89499657616674
2021-08-30,2930.194,2948.058,2914.372,2944.729,3160850200,0.7849284429605641
2021-08-31,2936.409,3017.62,2932.086,3017.016,3387159400,2.4547929537828583
2021-09-01,3032.813,3053.734,2979.247,3010.387,4153635600,-0.21972041248703444
2021-09-02,3010.517,3078.968,3010.517,3076.403,3097502700,2.1929406418510267
2021-09-03,3063.369,3089.623,3049.48,3067.445,3326551800,-0.29118421741233247
2021-09-06,3081.142,3108.553,3064.349,3095.19,3084642400,0.9044986951681322
2021-09-07,3108.81,3178.039,3098.885,3172.31,3802687800,2.4916079465234775
2021-09-08,3167.366,3225.325,3159.284,3215.802,3660796200,1.3709883334226625
2021-09-09,3222.778,3305.896,3199.773,3302.406,4305292500,2.6930762528289964
2021-09-10,3289.1,3314.98,3242.837,3244.181,4608683800,-1.7631084730345026
2021-09-13,3248.956,3333.205,3248.956,3319.769,3886375300,2.329956312548531
2021-09-14,3312.516,3315.519,3238.763,3244.094,4236061000,-2.2795260754588598
2021-09-15,3231.532,3264.505,3207.809,3226.989,3234321200,-0.5272658560448673
2021-09-16,3258.376,3301.084,3206.85,3206.85,3634594200,-0.6240802184327321
2021-09-17,3191.503,3244.237,3082.856,3130.405,3150916400,-2.383803420802333
2021-09-22,3098.743,3187.489,3079.672,3187.447,3439306800,1.8221923361354087
2021-09-23,3232.469,3248.434,3152.311,3168.886,3110814600,-0.5823155647764588
2021-09-24,3163.264,3164.661,3055.229,3059.125,2888723400,-3.4637093287672727
2021-09-27,3072.181,3078.897,2971.447,2977.753,3097206100,-2.659976300412692
2021-09-28,2984.918,3061.06,2980.022,3060.156,3204387500,2.7672879516870585
2021-09-29,3042.653,3058.491,2949.11,2962.265,3291189600,-3.1988892069554686
2021-09-30,2961.284,2982.722,2932.858,2982.224,2507044400,0.6737749661154702
2021-10-08,3014.518,3020.192,2943.18,2969.39,2905235300,-0.43034996700449524
2021-10-11,2972.4,3017.55,2961.594,3014.022,2968321000,1.5030696540366817
2021-10-12,3013.705,3050.1,2933.163,2972.967,2893100300,-1.3621333885419529
2021-10-13,2972.947,2972.947,2892.96,2930.966,2248984700,-1.4127637474617205
2021-10-14,2921.531,2938.5,2890.24,2913.781,1844207200,-0.5863254640279036
2021-10-15,2914.181,2942.876,2893.871,2933.653,2313974300,0.6820004660611056
2021-10-18,2928.568,2986.867,2922.574,2984.402,2469188900,1.7298910266483558
2021-10-19,2979.116,3009.912,2960.169,2993.897,2305715600,0.31815418968355047
2021-10-20,2926.825,2936.067,2912.566,2927.183,2113017500,-2.228333172450492
2021-10-21,2912.573,2989.588,2912.573,2958.743,2635163800,1.078169694207709
2021-10-22,2951.821,2975.374,2888.048,2892.177,2587406900,-2.249806759154138
2021-10-25,2891.843,2902.963,2861.625,2888.591,2177049000,-0.12398964517040811
2021-10-26,2890.275,2893.825,2857.441,2866.196,1956123200,-0.7752914829409874
2021-10-27,2851.869,2851.965,2799.9,2808.879,2273246200,-1.9997585650109118
2021-10-28,2781.477,2783.007,2724.223,2736.361,2399126100,-2.5817416841380503
2021-10-29,2739.347,2742.679,2715.84,2739.787,2293949300,0.1252027784345744
2021-11-01,2724.043,2757.532,2713.928,2749.336,2811008100,0.34853074344829427
2021-11-02,2749.523,2753.454,2665.321,2697.619,3280844400,-1.8810723752935132
2021-11-03,2701.633,2742.616,2698.665,2740.741,2015933900,1.5985207696120218
2021-11-04,2736.253,2736.548,2709.904,2729.08,1866453600,-0.4254688786718641
2021-11-05,2719.415,2720.861,2683.029,2683.029,1978641900,-1.6874184706934137
2021-11-08,2691.829,2704.024,2679.388,2687.184,1865694200,0.15486228438084115
2021-11-09,2693.506,2693.631,2662.875,2673.653,1681305300,-0.5035382765006147
2021-11-10,2662.895,2675.025,2627.507,2672.239,2246356100,-0.052886444127187016
2021-11-11,2674.157,2718.668,2672.487,2717.256,2763119400,1.6846172816129101
2021-11-12,2708.813,2711.344,2686.009,2699.44,2150286000,-0.6556614466947441
2021-11-15,2693.498,2708.023,2687.462,2706.799,1888762400,0.2726120973238766
2021-11-16,2710.794,2715.805,2682.289,2685.2,1911672400,-0.7979535975888963
2021-11-17,2684.552,2697.635,2675.788,2695.903,1678115400,0.39859228362877364
2021-11-18,2703.432,2712.771,2690.936,2691.696,1708483600,-0.15605160868176204
2021-11-19,2692.958,2734.355,2679.829,2730.814,2287174100,1.4532844719463034
2021-11-22,2733.13,2742.467,2721.015,2724.54,2199924400,-0.2297483460975358
2021-11-23,2728.327,2755.096,2723.574,2739.758,2176539400,0.5585530034427855
2021-11-24,2753.805,2775.318,2745.332,2774.704,2197699400,1.2755141147502869
2021-11-25,2776.199,2781.181,2744.404,2759.194,1823285500,-0.558978543296873
2021-11-26,2740.551,2744.684,2720.956,2724.085,1870318600,-1.2724368058208313
2021-11-29,2687.444,2695.383,2676.316,2695.383,2285651100,-1.0536381941092188
2021-11-30,2694.722,2718.607,2680.602,2685.54,1923292700,-0.36518001337843
2021-12-01,2687.899,2724.774,2684.837,2724.323,1902202600,1.4441415879115516
2021-12-02,2717.932,2743.821,2715.717,2735.793,2409612800,0.421022030060314
2021-12-03,2739.082,2779.875,2714.814,2769.037,2387210500,1.2151504152543513
2021-12-06,2768.13,2796.301,2753.039,2753.039,2893002900,-0.5777459817257635
2021-12-07,2776.784,2788.304,2746.022,2781.715,3256980300,1.0416125597930037
2021-12-08,2779.405,2779.695,2752.652,2772.479,2651259600,-0.3320253872161727
2021-12-09,2772.118,2790.267,2762.557,2780.904,3261277700,0.30387966870082384
2021-12-10,2773.509,2773.509,2744.096,2766.66,3553463600,-0.5122075411449045
2021-12-13,2771.887,2784.043,2767.447,2768.774,2697426600,0.07640982267427265
2021-12-14,2765.782,2766.502,2736.869,2738.076,2336597900,-1.1087217663846793
2021-12-15,2736.261,2755.843,2725.17,2743.237,1936710400,0.18849001999945436
2021-12-16,2753.515,2783.517,2751.567,2782.54,2387483000,1.4327234577252934
2021-12-17,2787.885,2793.905,2762.772,2766.713,2033123300,-0.5687968546723376
2021-12-20,2762.961,2782.388,2737.779,2742.421,2028026000,-0.878009392372836
2021-12-21,2738.886,2793.001,2738.33,2788.73,2454596400,1.6886174661002062
2021-12-22,2792.156,2792.81,2770.649,2783.134,1872685900,-0.2006648187526272
2021-12-23,2779.194,2792.347,2772.039,2787.752,1810923300,0.16592805089514773
2021-12-24,2785.8,2786.628,2765.024,2776.982,1658699300,-0.3863327871345801
2021-12-27,2781.314,2801.149,2780.138,2789.166,1819474600,0.4387496930120527
2021-12-28,2789.31,2789.6,2759.153,2769.865,2050734500,-0.6919989703015328
2021-12-29,2766.827,2773.894,2757.503,2757.503,1543787500,-0.4463033396934324
2021-12-30,2755.808,2765.16,2755.446,2759.847,1677405600,0.08500444061168011
2021-12-31,2761.118,2796.543,2760.326,2792.703,1571531000,1.190500777760506
2022-01-04,2811.452,2840.448,2807.908,2837.425,2512183300,1.6013876162270124
2022-01-05,2827.015,2833.685,2805.996,2824.318,3396229800,-0.4619329145263751
2022-01-06,2815.973,2844.595,2813.665,2841.966,2372785900,0.624858815473317
2022-01-07,2838.513,2867.969,2835.079,2842.119,3239368900,0.005383597129604567
2022-01-10,2841.623,2869.344,2840.745,2867.123,2681934300,0.8797661181674687
2022-01-11,2862.312,2900.612,2861.134,2890.193,2866892700,0.8046393545027675
2022-01-12,2888.073,2888.42,2859.678,2878.122,2494910000,-0.4176537691427673
2022-01-13,2876.304,2894.883,2869.501,2870.612,2775714700,-0.2609340396272253
2022-01-14,2860.835,2860.835,2824.738,2826.07,2871774400,-1.551655187116896
2022-01-17,2830.719,2842.458,2822.999,2830.566,1942566900,0.1590901853103288
2022-01-18,2830.552,2865.41,2819.83,2858.579,2630199600,0.9896607250988065
2022-01-19,2863.098,2885.933,2859.101,2869.405,2348594200,0.3787196365746759
2022-01-20,2868.526,2887.96,2846.783,2853.796,3006206300,-0.5439803722374625
2022-01-21,2852.5,2859.651,2828.704,2842.096,2314260100,-0.4099802508658601
2022-01-24,2834.526,2844.511,2806.235,2829.285,2097983900,-0.4507588765474524
2022-01-25,2816.855,2817.915,2739.016,2739.724,2285021100,-3.1654994106284695
2022-01-26,2742.931,2759.41,2725.115,2750.961,1807396000,0.4101508035115886
2022-01-27,2754.433,2766.262,2727.178,2727.27,2048515100,-0.8611899623440555
2022-01-28,2738.585,2743.91,2702.471,2721.72,2413490500,-0.20350020350020648
2022-02-07,2749.127,2798.376,2749.127,2794.554,2907437100,2.676028393809804
2022-02-08,2805.487,2865.393,2804.358,2864.429,3874740700,2.5003989903218837
2022-02-09,2863.888,2884.827,2854.067,2871.956,3012398300,0.2627748846279587
2022-02-10,2862.256,2914.311,2850.128,2912.889,2756267900,1.4252655681354476
2022-02-11,2909.986,2938.73,2903.724,2910.34,2998458400,-0.0875076255909546
2022-02-14,2905.992,2906.142,2858.933,2866.633,2701182100,-1.5017832967969547
2022-02-15,2865.241,2868.745,2836.49,2852.27,2290880800,-0.50104076803692
2022-02-16,2857.898,2874.39,2852.363,2872.01,1786561700,0.6920803430250366
2022-02-17,2868.946,2874.614,2852.127,2858.595,1926068900,-0.46709447390504977
2022-02-18,2854.922,2916.494,2851.59,2915.953,2281733300,2.006510191195332
2022-02-21,2917.585,2936.952,2897.178,2931.602,1987570300,0.5366684579621195
2022-02-22,2915.64,2928.208,2892.892,2918.122,1969177600,-0.45981685099136804
2022-02-23,2915.384,2918.779,2885.2,2905.032,2227891500,-0.4485761733059701
2022-02-24,2896.347,2908.176,2843.416,2868.007,3119488800,-1.2745126387592287
2022-02-25,2870.366,2894.257,2837.531,2856.332,2631937800,-0.4070771096444381
2022-02-28,2856.142,2868.487,2830.246,2866.905,2185787500,0.37016005142260777
2022-03-01,2875.739,2901.098,2864.101,2896.666,2090327800,1.038088112441815
2022-03-02,2899.114,2932.58,2897.875,2928.572,2006608400,1.1014732109259295
2022-03-03,2934.35,2973.322,2933.229,2965.5,2706021600,1.2609558515207953
2022-03-04,2957.511,2979.008,2928.725,2957.925,2316845400,-0.2554375316135449
2022-03-07,2970.072,2977.054,2920.706,2931.749,2797997800,-0.8849446825054841
2022-03-08,2920.467,2921.696,2833.489,2834.672,2914520700,-3.311231623171007
2022-03-09,2843.624,2870.169,2730.789,2809.226,3748991600,-0.897669994976491
2022-03-10,2821.265,2861.6,2790.501,2835.13,2237575000,0.922104522740419
2022-03-11,2817.583,2867.541,2776.094,2865.479,2596817300,1.0704623773865718
2022-03-14,2846.454,2895.245,2818.0,2818.0,2568791000,-1.6569306562707276
2022-03-15,2797.442,2797.442,2650.584,2650.584,4157947500,-5.940951029098662
2022-03-16,2684.938,2725.318,2606.294,2715.935,3573888100,2.4655321242412986
2022-03-17,2747.226,2785.026,2730.522,2748.955,3109349500,1.215787564871773
2022-03-18,2746.235,2828.645,2740.211,2825.163,3173743000,2.7722534563134005
2022-03-21,2825.194,2853.199,2813.613,2841.4,2326293000,0.5747279006556472
2022-03-22,2837.758,2905.657,2834.173,2895.905,2763794800,1.9182445273456805
2022-03-23,2888.562,2901.991,2860.441,2890.213,2474356000,-0.19655340903793617
2022-03-24,2882.872,2903.292,2875.437,2896.437,1878909800,0.21534745017062207
2022-03-25,2890.018,2929.208,2885.669,2898.376,2192611200,0.06694431813984991
2022-03-28,2890.305,2945.337,2869.949,2937.912,2995094700,1.3640742263943517
2022-03-29,2929.9,2952.046,2914.822,2942.475,2401638900,0.1553143865439255
2022-03-30,2937.856,2964.594,2927.844,2963.615,3012238800,0.7184428075004856
2022-03-31,2962.869,3027.199,2958.524,3003.016,3517203100,1.329491178847464
2022-04-01,2986.905,3031.052,2981.811,3025.78,3284692700,0.7580379192118958
2022-04-06,3029.531,3077.089,3016.298,3076.427,4025074400,1.673849387595916
2022-04-07,3055.05,3072.295,3016.435,3016.823,3343222600,-1.93744236414517
2022-04-08,3019.528,3043.84,2979.941,3042.406,2754808700,0.8480113019557312
2022-04-11,3034.85,3043.578,2985.56,2992.926,3169661200,-1.626344412941605
2022-04-12,2998.339,3020.509,2964.364,2989.885,3051495300,-0.10160625421409275
2022-04-13,2980.255,3042.0,2970.185,3004.051,2954366600,0.47379748719431625
2022-04-14,3011.057,3072.718,3001.35,3061.918,2753290500,1.926298854446884
2022-04-15,3054.758,3096.617,3018.567,3027.929,3021411800,-1.110055853879821
2022-04-18,2992.625,3018.34,2954.765,2960.783,2713261800,-2.217555299348173
2022-04-19,2964.81,3016.831,2944.19,3012.395,2407725400,1.743187528434209
2022-04-20,2998.87,3004.022,2907.732,2914.571,2581134800,-3.2473828963333173
2022-04-21,2911.642,2933.004,2847.994,2856.305,2941532100,-1.9991278304765991
2022-04-22,2839.958,2906.593,2830.927,2896.109,2753169800,1.393548658144006
2022-04-25,2856.64,2857.594,2763.278,2763.278,3661410400,-4.586533172611951
2022-04-26,2766.665,2798.722,2721.883,2728.621,3152072200,-1.254198817491392
2022-04-27,2713.216,2769.369,2701.9,2768.585,3406237000,1.4646226060709866
2022-04-28,2758.581,2818.818,2757.261,2813.284,3188044300,1.6145070496300429
2022-04-29,2819.609,2853.953,2781.681,2852.278,3641734600,1.3860669594679909
2022-05-05,2845.503,2860.737,2816.409,2842.333,3290995200,-0.3486686781582926
2022-05-06,2788.331,2806.284,2750.847,2757.434,2428629800,-2.9869476940245887
2022-05-09,2741.602,2760.898,2730.526,2756.06,1889195800,-0.04982893516218834
2022-05-10,2715.031,2749.788,2685.461,2748.563,2900196500,-0.2720187514059891
2022-05-11,2746.062,2769.95,2742.01,2747.325,2924316000,-0.045041718163285616
2022-05-12,2741.379,2760.439,2711.215,2733.763,1999022000,-0.4936438171675994
2022-05-13,2743.732,2796.182,2742.861,2795.762,2149351300,2.2678995948075986
2022-05-16,2821.465,2841.508,2793.252,2833.523,2404439200,1.350651450302287
2022-05-17,2837.829,2845.29,2802.946,2831.38,2456186000,-0.07563023134098401
2022-05-18,2820.002,2821.56,2791.925,2797.61,2023168700,-1.192704617536322
2022-05-19,2762.933,2803.436,2759.325,2803.436,2028844500,0.20824918412503113
2022-05-20,2802.01,2841.442,2800.972,2840.103,2475905000,1.3079306964739024
2022-05-23,2844.261,2857.048,2831.372,2840.495,2218259400,0.013802316324440511
2022-05-24,2837.937,2846.104,2788.269,2788.269,2490597700,-1.838623197717304
2022-05-25,2787.497,2825.615,2778.354,2823.746,1940207900,1.2723664754010544
2022-05-26,2828.535,2867.503,2817.466,2863.845,2209240200,1.4200639859250686
2022-05-27,2864.992,2870.708,2845.997,2860.156,2094796600,-0.12881283728692905
2022-05-30,2860.535,2863.072,2826.653,2840.705,2327025100,-0.6800678004975969
2022-05-31,2838.25,2847.001,2822.944,2842.805,2467045500,0.07392531079433162
2022-06-01,2837.993,2854.26,2824.992,2852.692,1977041300,0.3477902986662951
2022-06-02,2845.828,2845.828,2815.096,2828.972,1993857000,-0.8314953033836003
2022-06-06,2829.641,2836.372,2806.157,2834.179,3027821000,0.18405979274449535
2022-06-07,2825.212,2855.41,2816.443,2843.457,2466211100,0.3273611158645773
2022-06-08,2847.197,2880.53,2828.447,2879.114,2818135200,1.2540017309915497
2022-06-09,2878.092,2910.285,2868.148,2885.316,3100852800,0.21541349178948455
2022-06-10,2861.115,2907.218,2852.743,2902.273,3263676900,0.5876999261086313
2022-06-13,2881.952,2889.956,2833.705,2855.522,2904626700,-1.6108408823015674
2022-06-14,2830.65,2895.219,2825.435,2894.291,2822232200,1.3576852148223795
2022-06-15,2884.808,2932.097,2873.475,2887.529,3888038000,-0.23363234726571092
2022-06-16,2880.237,2898.658,2824.776,2831.129,2930539400,-1.9532271364201104
2022-06-17,2817.053,2832.537,2802.246,2827.087,2380197900,-0.14276989851045307
2022-06-20,2813.107,2816.516,2789.994,2803.16,2702359900,-0.8463482022307844
2022-06-21,2801.807,2825.601,2792.627,2810.299,2718303600,0.25467686468130246
2022-06-22,2814.674,2814.864,2766.36,2768.936,2167053700,-1.4718362708024957
2022-06-23,2768.845,2802.807,2757.863,2802.661,2141521900,1.2179768690933956
2022-06-24,2803.471,2812.522,2788.525,2801.336,2392047800,-0.04727649901291597
2022-06-27,2803.065,2836.603,2802.034,2830.279,2759369200,1.033185594302144
2022-06-28,2833.248,2857.421,2829.975,2856.327,2337586500,0.9203332957634203
2022-06-29,2851.581,2887.862,2849.007,2862.983,2813381300,0.233026540728698
2022-06-30,2863.76,2888.474,2853.424,2878.924,2692610700,0.5567968793387834
2022-07-01,2879.435,2892.394,2851.769,2886.239,2129952300,0.25408798565018653
2022-07-04,2885.656,2896.399,2872.342,2892.28,2324264600,0.20930352614596526
2022-07-05,2898.006,2921.027,2887.727,2907.151,2501825000,0.5141618377197066
2022-07-06,2888.644,2888.644,2819.272,2835.111,2578516700,-2.4780274571221117
2022-07-07,2827.905,2848.869,2817.261,2839.321,1909043200,0.14849506774161636
2022-07-08,2843.846,2846.703,2823.914,2825.783,1870189200,-0.4768041373272025
2022-07-11,2809.031,2809.031,2781.819,2790.575,2595693200,-1.2459555457726257
2022-07-12,2791.101,2821.62,2791.101,2806.944,2744632200,0.5865816184836614
2022-07-13,2798.45,2810.362,2788.275,2802.443,2762945000,-0.1603523262309392
2022-07-14,2781.888,2785.519,2750.681,2760.272,3161427300,-1.5047942099090106
2022-07-15,2737.781,2750.122,2691.362,2691.362,3059149000,-2.49649309923079
2022-07-18,2703.139,2758.082,2703.139,2756.5,2190523700,2.420261562732917
2022-07-19,2762.148,2768.434,2745.568,2762.164,1944817600,0.20547796118266515
2022-07-20,2766.523,2777.578,2760.23,2767.659,1719722500,0.1989382237984394
2022-07-21,2761.112,2761.112,2710.918,2710.918,1994765200,-2.050144183224889
2022-07-22,2712.124,2715.429,2683.841,2698.043,1797746100,-0.47493137011153097
2022-07-25,2700.793,2720.867,2699.097,2704.207,1470851600,0.22846188885794483
2022-07-26,2700.362,2752.372,2695.708,2743.245,1731016900,1.4436025052815937
2022-07-27,2740.08,2753.673,2724.441,2744.008,1480428800,0.027813775291662957
2022-07-28,2750.377,2757.822,2738.586,2751.613,1602176800,0.2771493377570433
2022-07-29,2753.617,2758.554,2723.13,2724.93,1789535000,-0.969722122987493
2022-08-01,2724.113,2740.786,2702.955,2734.558,1749700300,0.35333017728895744
2022-08-02,2713.264,2713.264,2650.926,2671.405,2297811200,-2.309440867591761
2022-08-03,2675.46,2695.945,2637.452,2638.112,1968955300,-1.246273028612288
2022-08-04,2646.297,2651.392,2619.768,2644.864,1812395700,0.25594061207407925
2022-08-05,2647.645,2653.801,2620.433,2651.212,1448723900,0.24001234089918722
2022-08-08,2648.537,2686.349,2645.432,2682.641,1523937600,1.1854578208004618
2022-08-09,2683.359,2706.411,2672.463,2701.437,1250478800,0.7006528268225232
2022-08-10,2698.032,2704.02,2676.652,2685.131,1136370500,-0.6036046741049295
2022-08-11,2695.439,2715.422,2688.322,2714.221,1463849500,1.0833735858697402
2022-08-12,2715.948,2743.057,2715.846,2737.348,1563330200,0.8520676835084506
2022-08-15,2739.569,2767.243,2734.161,2749.981,1535424400,0.4615050771769047
2022-08-16,2754.554,2768.132,2745.069,2759.636,1494355900,0.3510933348266576
2022-08-17,2763.802,2773.098,2749.594,2767.766,1746060200,0.2946040709716824
2022-08-18,2764.365,2775.241,2739.574,2742.994,1349690600,-0.895017859168723
2022-08-19,2745.659,2785.25,2744.977,2769.099,1625031700,0.9516973059365164
2022-08-22,2769.555,2795.532,2764.311,2791.927,1570821500,0.824383671367479
2022-08-23,2787.99,2813.635,2770.541,2804.535,1525511100,0.45158773850462186
2022-08-24,2805.07,2810.34,2758.545,2759.691,1784340000,-1.5989816493643394
2022-08-25,2770.522,2825.183,2770.522,2822.099,1773610400,2.2614126001788026
2022-08-26,2818.946,2827.224,2797.136,2801.694,1506910900,-0.7230433801223901
2022-08-29,2782.451,2827.978,2759.226,2822.903,1732457800,0.7570062969046498
2022-08-30,2819.714,2828.668,2780.155,2796.701,1705060100,-0.9281934235784828
2022-08-31,2793.549,2800.014,2768.954,2777.337,2380537000,-0.6923872090724092
2022-09-01,2776.386,2838.222,2771.024,2805.593,1779766700,1.0173774374517608
2022-09-02,2803.742,2812.08,2788.678,2800.153,1528603600,-0.19389840222726606
2022-09-05,2811.311,2855.912,2800.258,2855.733,1817221500,1.9848915398551492
2022-09-06,2859.403,2904.365,2852.794,2902.962,2009573700,1.6538310829478764
2022-09-07,2891.121,2904.998,2876.882,2894.247,1591108900,-0.3002106124709969
2022-09-08,2886.776,2902.405,2862.422,2886.172,1590713400,-0.27900175762468615
2022-09-09,2889.843,2930.424,2888.595,2926.168,2157276200,1.3857801960520666
2022-09-13,2930.868,2930.868,2895.095,2905.137,2062500300,-0.7187215498221544
2022-09-14,2876.819,2908.402,2875.353,2881.671,1641565000,-0.8077415970400126
2022-09-15,2900.14,2925.129,2855.461,2887.39,2600139200,0.19846124002358412
2022-09-16,2873.219,2887.179,2797.169,2797.169,2697123000,-3.1246558310446426
2022-09-19,2794.518,2816.285,2775.283,2802.787,2051115900,0.20084592672091617
2022-09-20,2817.372,2820.777,2791.043,2796.466,1750600000,-0.22552552156120953
2022-09-21,2791.266,2830.015,2780.296,2821.901,1636918200,0.9095408276016848
2022-09-22,2810.457,2839.333,2808.488,2832.639,1843982200,0.3805236257402367
2022-09-23,2825.131,2853.945,2802.563,2811.061,2229824100,-0.7617631473689324
2022-09-26,2793.754,2815.442,2756.219,2759.759,2288767600,-1.8250048647112327
2022-09-27,2764.66,2782.406,2724.791,2782.301,1728710600,0.8168104533765375
2022-09-28,2782.019,2785.411,2754.984,2755.386,1589804600,-0.9673647818837727
2022-09-29,2775.398,2793.712,2739.555,2753.104,1736569300,-0.08281961220678591
2022-09-30,2759.344,2797.707,2752.095,2774.358,1691027000,0.7720013482963362
2022-10-10,2786.308,2832.77,2777.771,2782.283,2520223700,0.2856516714857982
2022-10-11,2781.255,2788.287,2746.66,2773.853,1772059900,-0.30298858886748103
2022-10-12,2768.989,2806.652,2742.419,2806.544,1806800200,1.1785411844102756
2022-10-13,2791.809,2794.29,2737.981,2763.449,1950487100,-1.535518416956938
2022-10-14,2768.243,2805.059,2768.243,2788.752,2155454500,0.9156311551253404
2022-10-17,2776.91,2783.966,2735.441,2780.611,1778840800,-0.291922695169744
2022-10-18,2785.146,2797.586,2763.626,2775.063,1596531000,-0.19952449299811548
2022-10-19,2771.465,2797.827,2767.477,2769.973,1458143900,-0.18341925931051328
2022-10-20,2762.969,2769.376,2739.734,2744.383,1818203100,-0.9238357196983515
2022-10-21,2744.067,2780.187,2744.067,2763.975,1943628400,0.7138945256547791
2022-10-24,2762.107,2770.896,2694.274,2704.584,2678113400,-2.148753154424332
2022-10-25,2701.19,2709.0,2666.524,2685.388,1988129200,-0.7097579516849861
2022-10-26,2685.209,2699.02,2656.5,2666.764,2593714300,-0.6935310651570603
2022-10-27,2668.465,2699.011,2668.321,2678.786,2374503900,0.4508085454880906
2022-10-28,2667.47,2671.128,2621.083,2625.757,2304685400,-1.9795907549165936
2022-10-31,2609.222,2618.129,2560.224,2563.786,2928952800,-2.3601193865235848
2022-11-01,2567.111,2588.481,2545.561,2588.457,3578527800,0.9622878040522753
2022-11-02,2580.102,2630.204,2575.468,2619.891,2440750400,1.2143914308794912
2022-11-03,2600.744,2618.482,2595.212,2604.924,1633384800,-0.5712833091147673
2022-11-04,2605.455,2669.76,2605.455,2654.984,2275489200,1.9217451257695028
2022-11-07,2649.455,2687.089,2646.491,2676.36,1955875800,0.8051272625371864
2022-11-08,2676.422,2685.012,2665.688,2675.478,1615020600,-0.03295520781957384
2022-11-09,2679.015,2703.046,2673.226,2674.335,1579461300,-0.042721338018847366
2022-11-10,2659.952,2690.875,2635.028,2682.534,1766103300,0.3065808883329968
2022-11-11,2719.627,2758.869,2710.385,2743.885,2857129700,2.2870539571912207
2022-11-14,2774.31,2790.2,2723.915,2730.769,3014932800,-0.47800837134210905
2022-11-15,2724.123,2744.542,2710.743,2742.495,2119706900,0.429402853188976
2022-11-16,2738.911,2743.936,2728.198,2731.632,1839900000,-0.3960991724688556
2022-11-17,2725.712,2725.712,2693.279,2709.052,1787207000,-0.8266120765901053
2022-11-18,2708.61,2714.733,2691.431,2692.357,1744498200,-0.6162672403482894
2022-11-21,2680.293,2691.69,2659.789,2690.024,1569273000,-0.08665269873200376
2022-11-22,2694.942,2727.24,2687.403,2706.807,2362344800,0.6238977793506573
2022-11-23,2707.044,2738.171,2704.818,2723.84,2519868600,0.6292654038503764
2022-11-24,2734.886,2741.929,2718.709,2737.607,1658382000,0.5054261630639045
2022-11-25,2736.138,2791.387,2736.138,2789.504,3232496600,1.8957067248878356
2022-11-28,2756.627,2775.804,2737.418,2772.63,2370445100,-0.6049104070114164
2022-11-29,2807.12,2851.302,2798.462,2847.582,3558813500,2.7032817216866123
2022-11-30,2844.927,2880.607,2825.769,2836.767,3023735600,-0.37979591105716803
2022-12-01,2849.821,2855.931,2808.178,2810.983,2799344500,-0.9089220228520545
2022-12-02,2805.298,2808.168,2778.55,2794.745,2216046100,-0.5776626895289017
2022-12-05,2812.764,2854.253,2812.764,2845.471,3242781000,1.8150493157694125
2022-12-06,2837.311,2843.859,2820.248,2832.28,2604460200,-0.4635787888894294
2022-12-07,2830.107,2831.391,2795.221,2807.857,2498056000,-0.8623088112757249
2022-12-08,2808.191,2831.527,2799.193,2823.656,2270989900,0.5626711046894384
2022-12-09,2823.786,2859.912,2818.026,2852.267,3033046700,1.0132608221397943
2022-12-12,2853.095,2866.433,2810.305,2812.949,2573427400,-1.3784824492237169
2022-12-13,2810.735,2841.039,2810.735,2831.644,1855708700,0.664605010613406
2022-12-14,2830.981,2833.079,2815.448,2822.806,1623788000,-0.31211550604524074
2022-12-15,2820.604,2823.85,2784.754,2788.59,1566292800,-1.2121272237624492
2022-12-16,2779.93,2829.395,2779.93,2820.117,2072109400,1.130571364022681
2022-12-19,2816.085,2822.842,2755.056,2766.034,1820981800,-1.91775731290581
2022-12-20,2757.433,2767.787,2727.983,2737.546,1567031300,-1.029922264151495
2022-12-21,2738.889,2759.144,2733.082,2738.909,1079758500,0.04978911769886185
2022-12-22,2755.917,2766.818,2710.779,2718.29,1280269500,-0.752818001620359
2022-12-23,2709.951,2729.537,2701.687,2712.97,1071145700,-0.19571127436734947
2022-12-26,2712.828,2715.66,2700.64,2704.204,1299428500,-0.32311452024901266
2022-12-27,2714.127,2739.51,2713.292,2733.073,1508881100,1.0675599917757461
2022-12-28,2727.337,2745.63,2716.516,2738.659,1558908400,0.2043853201140422
2022-12-29,2731.631,2731.631,2702.116,2707.518,1487413300,-1.1370893565062379
2022-12-30,2716.216,2730.395,2706.614,2725.066,1654258700,0.6481212682611703
2023-01-03,2727.032,2744.921,2717.461,2737.678,1948197600,0.46281447862179803
2023-01-04,2738.094,2768.366,2731.907,2758.437,2370468800,0.7582703298196547
2023-01-05,2761.788,2767.829,2754.378,2763.528,1840139000,0.18456103945820868
2023-01-06,2765.237,2768.48,2752.382,2758.463,1815666500,-0.18328021282938423
2023-01-09,2767.576,2770.135,2751.255,2758.206,1917091000,-0.009316782570589766
2023-01-10,2756.659,2756.92,2737.496,2741.365,1773438300,-0.61057803514315
2023-01-11,2743.376,2774.803,2741.138,2764.674,1743148100,0.850269847320595
2023-01-12,2761.075,2761.075,2741.855,2752.241,1501654100,-0.44970944133014834
2023-01-13,2753.843,2774.12,2753.098,2774.12,1613661500,0.7949521862365971
2023-01-16,2781.426,2796.609,2775.679,2785.297,2435610500,0.40290254206740705
2023-01-17,2787.909,2788.674,2772.196,2779.526,1472513600,-0.20719513933343814
2023-01-18,2782.494,2790.266,2778.869,2782.341,1399673000,0.10127626077252039
2023-01-19,2783.928,2790.846,2770.501,2790.846,1298514300,0.3056778446639097
2023-01-20,2794.032,2816.34,2791.593,2816.34,1672899700,0.9134864481952887
2023-01-30,2835.808,2838.077,2799.004,2800.614,2346152600,-0.5583842859882004
2023-01-31,2797.883,2811.366,2794.094,2809.615,1616969900,0.32139380864337763
2023-02-01,2812.773,2815.408,2793.514,2813.444,1834803900,0.13628201728708156
2023-02-02,2815.75,2826.066,2800.591,2819.784,1836119300,0.22534658589259404
2023-02-03,2814.606,2814.606,2783.269,2794.872,1758115400,-0.8834719255091938
2023-02-06,2783.66,2788.501,2773.825,2783.744,1552035400,-0.39815776894254196
2023-02-07,2785.312,2804.007,2785.312,2797.287,1280250900,0.48650306924773457
2023-02-08,2801.657,2803.614,2783.796,2784.356,1305498800,-0.4622693345373463
2023-02-09,2783.724,2803.866,2781.52,2801.376,1259898500,0.6112724091315913
2023-02-10,2801.069,2808.981,2790.11,2799.192,1432094500,-0.07796168739934162
2023-02-13,2799.707,2809.937,2785.307,2807.202,1968151100,0.2861540044412969
2023-02-14,2813.813,2827.754,2810.667,2825.445,1578933400,0.6498641708006847
2023-02-15,2825.377,2826.211,2803.741,2808.27,1604276800,-0.6078688489777773
2023-02-16,2809.088,2831.436,2776.823,2788.308,1981872600,-0.7108290869467626
2023-02-17,2787.584,2816.173,2787.584,2797.943,1738266000,0.3455500611840634
2023-02-20,2806.418,2848.936,2805.891,2848.936,2324333900,1.822517470870566
2023-02-21,2858.424,2890.095,2852.289,2884.325,2206959500,1.2421830465829897
2023-02-22,2876.405,2894.358,2867.097,2886.924,1495459600,0.0901077375122572
2023-02-23,2902.43,2916.467,2886.823,2898.181,1800152700,0.38993059741094793
2023-02-24,2899.8,2902.251,2874.038,2890.047,1601227900,-0.2806587994331644
2023-02-27,2889.576,2913.417,2888.37,2895.507,1563272100,0.18892426316943212
2023-02-28,2895.375,2905.389,2879.533,2903.153,1659556700,0.2640642899498946
2023-03-01,2907.586,2922.221,2903.284,2920.715,2070307700,0.6049285035959251
2023-03-02,2921.803,2946.293,2916.066,2936.17,2142810600,0.5291512523474484
2023-03-03,2937.59,2952.976,2926.635,2950.448,2752712000,0.48627974538257845
2023-03-06,2952.448,2956.623,2932.352,2935.63,2837509100,-0.5022288140648423
2023-03-07,2937.484,2977.102,2925.617,2927.417,4482631300,-0.2797695894918739
2023-03-08,2919.229,2928.235,2906.618,2926.09,2246047200,-0.0453300640120502
2023-03-09,2931.165,2945.483,2918.98,2923.749,2214983700,-0.08000437443825836
2023-03-10,2913.418,2914.114,2874.846,2876.765,2112077500,-1.6069778903729404
2023-03-13,2873.35,2916.141,2873.35,2916.141,2210000300,1.3687597005664465
2023-03-14,2910.396,2926.887,2884.628,2895.364,2153714200,-0.7124826954526542
2023-03-15,2905.043,2931.59,2894.384,2926.025,2375719900,1.0589687514246826
2023-03-16,2909.9,2926.048,2895.454,2898.046,3628733300,-0.9562119257354396
2023-03-17,2910.863,2938.569,2910.789,2917.601,3071324000,0.6747649968289027
2023-03-20,2923.03,2946.073,2904.094,2905.874,3383422900,-0.40193981288052516
2023-03-21,2911.115,2919.238,2890.026,2897.644,2580109000,-0.28321943759433976
2023-03-22,2903.79,2928.097,2898.661,2916.666,2054916200,0.656464355179609
2023-03-23,2913.956,2923.012,2901.672,2921.835,2002957800,0.17722289765094157
2023-03-24,2922.596,2922.596,2892.582,2894.376,2116980300,-0.9397861275533992
2023-03-27,2891.457,2891.457,2860.074,2878.672,2921700100,-0.5425694519302304
2023-03-28,2885.47,2891.018,2869.625,2879.856,2100485900,0.04113007664645618
2023-03-29,2890.612,2893.278,2874.072,2875.466,2307728000,-0.15243817746444233
2023-03-30,2876.176,2895.585,2859.63,2893.675,2342080700,0.6332538795450926
2023-03-31,2897.59,2911.89,2890.626,2899.689,2089593100,0.20783260041294938
2023-04-03,2904.704,2925.325,2904.517,2918.469,2470849400,0.6476556623831176
2023-04-04,2919.519,2941.512,2912.929,2935.092,2555316900,0.5695794610119265
2023-04-06,2931.781,2931.781,2911.307,2912.628,1838751500,-0.7653593141203063
2023-04-07,2915.226,2927.361,2911.102,2916.918,1783546300,0.1472896641795618
2023-04-10,2916.557,2920.098,2905.133,2916.896,2150913800,-0.000754220722010146
2023-04-11,2916.071,2939.921,2908.092,2939.083,2224889400,0.7606373350301121
2023-04-12,2943.383,2974.798,2942.195,2973.833,2789330700,1.1823415670806137
2023-04-13,2973.374,2991.068,2968.057,2976.207,2399951200,0.0798296340110527
2023-04-14,2982.008,2984.461,2959.209,2971.066,1799182900,-0.1727366409661757
2023-04-17,2966.823,3008.143,2959.856,3007.942,3111865800,1.2411706774605458
2023-04-18,3005.945,3022.633,2998.311,3020.67,2971702500,0.4231464569463217
2023-04-19,3019.731,3032.121,3013.366,3020.218,2604893400,-0.014963567685322143
2023-04-20,3016.672,3027.947,2989.861,3018.493,2623244500,-0.05711508242119967
2023-04-21,3022.05,3045.542,2994.171,2994.738,2824402200,-0.7869821132598376
2023-04-24,3001.515,3012.354,2980.744,2990.494,3029306000,-0.14171523518917706
2023-04-25,2998.525,3019.786,2976.115,3011.923,3535606400,0.7165705732898875
2023-04-26,2998.179,3037.659,2973.515,3021.581,3276689800,0.3206589278677008
2023-04-27,3019.885,3037.35,3000.071,3028.348,2593495600,0.22395560469832265
2023-04-28,3018.275,3058.472,3015.397,3056.715,2747190800,0.936715331263116
2023-05-04,3049.8,3136.566,3043.048,3133.275,5223712500,2.504649599324771
2023-05-05,3146.783,3178.933,3121.963,3160.775,4939719100,0.8776759141792434
2023-05-08,3150.273,3256.541,3150.273,3246.348,7339182700,2.7073423448363165
2023-05-09,3254.758,3283.442,3212.414,3218.773,7433179600,-0.8494160207100365
2023-05-10,3204.824,3211.846,3130.146,3143.237,6059542500,-2.346732745676694
2023-05-11,3144.514,3159.055,3122.74,3132.558,3637179800,-0.339745300783878
2023-05-12,3127.993,3156.441,3110.833,3115.156,3212317000,-0.5555204404834702
2023-05-15,3109.857,3113.504,3044.592,3113.375,4423203000,-0.05717209667830403
2023-05-16,3109.959,3132.339,3086.619,3094.785,3332543200,-0.5971012165254752
2023-05-17,3086.586,3102.752,3067.932,3079.682,2398557000,-0.4880145147401205
2023-05-18,3084.758,3124.739,3083.467,3102.906,3208017800,0.7541038327983252
2023-05-19,3096.347,3096.347,3057.57,3059.538,2522340200,-1.3976575506960187
2023-05-22,3048.205,3065.705,3036.298,3048.777,2339662200,-0.3517197694553831
2023-05-23,3048.398,3057.086,3011.537,3011.537,2911719500,-1.221473397365569
2023-05-24,3004.414,3004.414,2961.803,2967.569,3602459700,-1.4599853828792364
2023-05-25,2957.492,2966.988,2920.763,2950.128,2635807400,-0.5877201170385482
2023-05-26,2944.775,2984.856,2933.715,2977.616,2078073400,0.9317561814266906
2023-05-29,2968.52,3024.882,2965.935,3005.921,2755600600,0.9505926889162186
2023-05-30,2993.61,3006.483,2964.76,2997.49,2410034100,-0.2804797597807829
2023-05-31,2985.037,2994.856,2957.089,2967.168,2291657300,-1.011579688339237
2023-06-01,2962.249,2987.534,2947.084,2958.427,2521758900,-0.2945906669254983
2023-06-02,2957.926,2972.926,2949.682,2960.28,2284690400,0.06263463658220392
2023-06-05,2956.045,2981.122,2947.135,2977.674,2344012000,0.5875795532854999
2023-06-06,2970.666,3007.937,2952.561,2960.547,2424540500,-0.5751804932306204
2023-06-07,2960.262,2997.295,2960.262,2991.078,2118705100,1.0312621282486
2023-06-08,2983.886,3022.573,2968.145,3016.857,2823751600,0.8618631811005972
2023-06-09,3012.477,3019.648,2993.078,2998.984,2449816300,-0.5924377588994112
2023-06-12,2993.064,2993.279,2966.431,2971.888,2800810600,-0.9035059873610529
2023-06-13,2968.395,2980.969,2958.779,2967.524,1959722300,-0.14684268047786553
2023-06-14,2966.557,2980.531,2944.085,2945.225,2613430500,-0.7514345292573887
2023-06-15,2944.229,2950.244,2930.664,2945.68,1973034200,0.015448734816514431
2023-06-16,2944.597,2952.732,2935.067,2935.911,2072261400,-0.3316381955948966
2023-06-19,2938.427,2938.427,2897.98,2899.402,2450151500,-1.243532246038792
2023-06-20,2896.632,2896.926,2870.508,2870.907,1890851600,-0.9827888647383154
2023-06-21,2861.066,2875.673,2843.083,2843.66,2104570000,-0.9490728888118083
2023-06-26,2831.766,2831.766,2797.322,2802.577,2317050700,-1.4447226461672513
2023-06-27,2807.555,2860.398,2801.12,2852.184,2094553800,1.7700494937338052
2023-06-28,2847.407,2870.366,2838.397,2870.366,1789671500,0.637476404046855
2023-06-29,2866.277,2877.054,2851.715,2865.433,1685940400,-0.1718596165088404
2023-06-30,2859.356,2874.167,2855.198,2862.217,1726598100,-0.11223434643210517
2023-07-03,2869.314,2897.381,2867.352,2895.225,2155177300,1.15323191777561
2023-07-04,2892.923,2892.923,2861.544,2871.609,2000930500,-0.8156878999041495
2023-07-05,2863.476,2874.479,2852.978,2869.121,1492323200,-0.08664132199055485
2023-07-06,2854.027,2865.827,2843.418,2847.832,1841734600,-0.7420042584471043
2023-07-07,2842.75,2870.662,2839.784,2860.258,1594685000,0.43633191845586783
2023-07-10,2870.163,2880.887,2861.287,2875.257,1437816300,0.524393254035127
2023-07-11,2879.454,2881.33,2857.767,2874.231,1534033000,-0.03568376670328721
2023-07-12,2864.007,2866.226,2839.615,2841.869,1678875100,-1.1259359459973806
2023-07-13,2840.061,2874.102,2839.679,2869.989,2001519800,0.989489663316645
2023-07-14,2868.592,2890.702,2867.043,2877.818,2019600600,0.27278850197685056
2023-07-17,2850.342,2850.342,2826.368,2841.242,1841592300,-1.2709629309428205
2023-07-18,2839.323,2844.804,2825.054,2834.483,1832617600,-0.23788892322441635
2023-07-19,2829.383,2846.387,2826.949,2845.312,1508753900,0.3820449796311909
2023-07-20,2846.2,2852.622,2826.498,2830.101,1605463200,-0.5345986661568158
2023-07-21,2827.922,2840.555,2822.135,2833.394,1272853100,0.11635627138393279
2023-07-24,2830.894,2845.592,2819.784,2831.285,1234232300,-0.07443370036076535
2023-07-25,2854.169,2875.704,2854.169,2874.981,2591429400,1.5433274997042057
2023-07-26,2873.517,2883.72,2866.452,2877.89,1887718300,0.10118327738513067
2023-07-27,2876.098,2909.468,2869.95,2884.501,2589910800,0.22971691065329924
2023-07-28,2881.316,2940.194,2879.544,2937.863,3152368900,1.8499560235895052
2023-07-31,2948.373,2977.438,2941.023,2952.252,3392946800,0.48977777384446863
2023-08-01,2950.963,2968.549,2944.582,2957.344,2439724300,0.17247850115775787
2023-08-02,2950.774,2953.39,2913.972,2920.246,2932223800,-1.2544364132140218
2023-08-03,2915.749,2935.477,2901.147,2932.819,2256700900,0.4305459197615491
2023-08-04,2945.054,2958.583,2922.165,2923.227,2573331100,-0.32705734653246665
2023-08-07,2915.379,2915.542,2888.248,2898.819,2122045300,-0.8349676573184306
2023-08-08,2895.439,2904.459,2882.622,2893.472,1601163700,-0.1844544278204241
2023-08-09,2890.349,2891.593,2877.045,2881.693,1440130500,-0.40708878468497245
2023-08-10,2876.143,2900.424,2872.834,2893.986,1481670600,0.4265895083202631
2023-08-11,2893.271,2900.996,2850.533,2850.586,2010714100,-1.4996617122543077
2023-08-14,2831.856,2855.306,2814.444,2849.209,1817471900,-0.04830585711148583
2023-08-15,2849.861,2875.678,2843.337,2872.326,1919672000,0.8113479916706856
2023-08-16,2865.686,2885.412,2848.062,2869.505,1660870300,-0.09821308584053723
2023-08-17,2859.325,2872.444,2843.509,2868.768,1793306200,-0.025683872305504174
2023-08-18,2866.767,2901.283,2864.221,2864.221,1928426800,-0.1585000948142179
2023-08-21,2863.998,2875.358,2839.334,2839.334,1866928600,-0.868892449290759
2023-08-22,2843.79,2870.597,2836.41,2867.565,2027636500,0.9942824620139845
2023-08-23,2866.198,2898.51,2862.171,2869.263,2020969100,0.05921400212374195
2023-08-24,2871.722,2880.772,2850.136,2850.973,1908570700,-0.637445922524349
2023-08-25,2849.797,2878.056,2842.574,2859.511,1950201900,0.2994767049705471
2023-08-28,2975.203,2976.108,2886.189,2894.341,3594576700,1.2180404271919132
2023-08-29,2891.437,2904.77,2874.132,2893.886,3028778000,-0.015720331502055984
2023-08-30,2893.747,2898.663,2861.378,2864.031,2408830400,-1.0316577778115676
2023-08-31,2863.132,2876.584,2829.386,2834.354,2354600600,-1.0361968847404257
2023-09-01,2841.161,2871.756,2840.697,2863.108,2463718100,1.0144816067435558
2023-09-04,2876.874,2916.424,2876.874,2908.818,3012024900,1.5965167922411538
2023-09-05,2907.513,2907.513,2878.527,2884.036,1822228800,-0.851961174607696
2023-09-06,2879.362,2890.714,2866.741,2884.088,1616215000,0.001803028811009355
2023-09-07,2880.391,2898.776,2875.094,2876.882,1902611100,-0.24985367991545715
2023-09-08,2870.328,2870.328,2846.941,2853.314,1289821800,-0.8192202530378445
2023-09-11,2857.427,2881.131,2857.427,2876.512,1921619700,0.8130195274687724
2023-09-12,2876.229,2880.168,2867.25,2870.744,1259497100,-0.2005206305414342
2023-09-13,2877.143,2899.734,2874.512,2886.415,1769698800,0.5458863625596555
2023-09-14,2886.749,2925.235,2882.004,2924.054,2866978000,1.3040051413258258
2023-09-15,2926.007,2946.762,2908.701,2916.449,2633460200,-0.26008411609361737
2023-09-18,2914.732,2925.79,2888.856,2921.959,1996232300,0.18892838516977317
2023-09-19,2922.596,2950.417,2920.855,2946.454,2290531300,0.8383074505836863
2023-09-20,2944.012,2957.683,2931.457,2950.641,2156909600,0.1421030160321468
2023-09-21,2948.512,2959.004,2932.414,2934.187,2014068000,-0.5576415429732084
2023-09-22,2934.192,2947.625,2919.429,2945.599,2345181600,0.388932266416564
2023-09-25,2939.574,2959.917,2933.195,2942.094,2247195500,-0.11899107787584073
2023-09-26,2939.905,2945.488,2925.968,2928.702,1647264800,-0.45518600017537825
2023-09-27,2931.078,2935.779,2913.889,2914.075,1852596200,-0.49943626903660165
2023-09-28,2924.942,2929.822,2912.819,2915.852,1571631200,0.06097989928193215
2023-10-09,2902.029,2916.996,2881.506,2909.477,2051695900,-0.21863249575081456
2023-10-10,2908.535,2917.883,2880.266,2881.86,1742088000,-0.9492083972480136
2023-10-11,2885.216,2889.2,2867.551,2872.848,2138639000,-0.3127147050863033
2023-10-12,2883.876,2898.274,2880.206,2895.137,3206713700,0.775850306037773
2023-10-13,2883.928,2903.427,2877.484,2896.741,2729250300,0.05540325034703031
2023-10-16,2898.179,2911.026,2885.505,2906.605,2131799600,0.340520605742789
2023-10-17,2905.808,2912.782,2893.559,2907.554,1941416600,0.032649775253257296
2023-10-18,2902.404,2908.363,2882.877,2886.009,2256384500,-0.7410008550142178
2023-10-19,2876.522,2876.522,2839.417,2839.417,2711962100,-1.614409379873727
2023-10-20,2832.9,2839.518,2815.388,2820.057,2079976400,-0.6818301080820488
2023-10-23,2815.998,2823.102,2777.562,2788.636,2053224500,-1.1141973371460168
2023-10-24,2796.348,2814.48,2789.682,2809.057,2370962600,0.7322934940235948
2023-10-25,2832.226,2843.612,2821.302,2828.574,2680528700,0.694788322202089
2023-10-26,2819.826,2847.741,2815.457,2844.035,2162102600,0.546600513191442
2023-10-27,2842.754,2868.017,2839.93,2852.977,2315015800,0.3144124456977426
2023-10-30,2847.422,2850.206,2808.971,2812.516,3348105300,-1.4182028106080047
2023-10-31,2806.621,2826.857,2803.098,2822.903,2350641500,0.36931345457233977
2023-11-01,2823.875,2824.804,2804.171,2819.42,1947548900,-0.1233836231708918
2023-11-02,2819.371,2840.223,2819.0,2826.723,1824986200,0.25902490583169513
2023-11-03,2828.994,2837.927,2808.385,2809.731,1888861600,-0.6011200956018592
2023-11-06,2814.007,2819.612,2790.316,2795.693,2873870100,-0.4996207822029919
2023-11-07,2793.287,2804.228,2783.814,2797.854,1886368000,0.077297471503468
2023-11-08,2792.185,2807.431,2788.214,2798.004,1970873200,0.00536125187375891
2023-11-09,2797.594,2827.966,2797.449,2820.632,2358187400,0.8087193585141428
2023-11-10,2814.133,2821.673,2798.393,2814.09,2105906700,-0.231933836104814
2023-11-13,2820.494,2825.174,2796.648,2819.496,1869691200,0.19210473012589713
2023-11-14,2816.524,2823.538,2802.48,2809.365,1744781700,-0.35931953795999005
2023-11-15,2823.225,2825.497,2811.099,2821.588,1661069600,0.4350805253144463
2023-11-16,2816.194,2830.046,2811.211,2822.232,1769483200,0.02282402675373163
2023-11-17,2815.677,2819.821,2800.071,2812.702,1489136000,-0.3376759954532349
2023-11-20,2813.724,2822.992,2805.328,2817.384,1501739300,0.1664591556446382
2023-11-21,2821.326,2850.457,2820.781,2829.943,2037359300,0.44576813100380974
2023-11-22,2824.61,2843.889,2823.676,2823.676,1486910300,-0.2214532236161748
2023-11-23,2825.213,2848.677,2820.687,2846.411,1685655900,0.8051561156450004
2023-11-24,2845.435,2857.985,2841.523,2848.205,1722566700,0.0630267378814997
2023-11-27,2847.446,2848.412,2826.772,2839.874,2119764700,-0.292500013166197
2023-11-28,2837.625,2839.649,2818.598,2837.699,1619414100,-0.07658790495633783
2023-11-29,2837.849,2842.516,2820.119,2822.553,1944236200,-0.5337423031829713
2023-11-30,2822.276,2833.567,2818.127,2833.003,1975708800,0.3702321975885159
2023-12-01,2831.776,2847.516,2830.613,2844.396,2174891000,0.40215276863455607
2023-12-04,2844.258,2855.685,2838.526,2848.069,1787409000,0.1291311055141353
2023-12-05,2844.603,2846.012,2809.714,2811.72,1862909100,-1.276268236478828
2023-12-06,2810.723,2816.809,2783.432,2810.471,2484486900,-0.04442120837067076
2023-12-07,2807.313,2821.43,2796.388,2813.956,2305580700,0.12400056787635894
2023-12-08,2809.531,2826.311,2795.882,2819.976,3229607600,0.2139336933484337
2023-12-11,2813.064,2865.898,2777.882,2863.788,3271255300,1.5536302436616412
2023-12-12,2858.45,2877.838,2843.473,2877.288,2461295800,0.4714036094850549
2023-12-13,2871.305,2876.085,2853.427,2854.701,1860788700,-0.785010051131485
2023-12-14,2861.669,2871.786,2844.968,2857.958,1571318900,0.11409250916296632
2023-12-15,2861.208,2866.893,2835.639,2838.076,1908888000,-0.6956715249139434
2023-12-18,2831.796,2855.796,2825.781,2836.865,1976319300,-0.042669752325175114
2023-12-19,2838.739,2839.053,2818.728,2831.571,1504452500,-0.18661444940100136
2023-12-20,2833.136,2853.909,2824.673,2824.948,1740946200,-0.23389842599744748
2023-12-21,2817.593,2819.525,2794.273,2813.053,2070192700,-0.4210696975661121
2023-12-22,2813.554,2827.517,2798.144,2803.991,2193092200,-0.32214110434463095
2023-12-25,2798.133,2809.815,2783.696,2807.285,1422858000,0.11747541272422168
2023-12-26,2808.681,2825.668,2784.67,2787.09,1624440200,-0.7193783317333224
2023-12-27,2788.607,2804.519,2774.352,2802.323,1840351500,0.5465557265821985
2023-12-28,2802.18,2805.91,2774.166,2782.743,2991456000,-0.6987060378122023
2023-12-29,2777.15,2803.91,2776.377,2797.823,1984920100,0.5419113443102752
2024-01-02,2799.605,2850.635,2799.415,2838.869,2437997500,1.467069217745376
2024-01-03,2835.085,2878.081,2834.941,2877.617,2517281200,1.3649097580761937
2024-01-04,2877.354,2903.227,2868.655,2901.068,2607966000,0.8149451438464572
2024-01-05,2899.742,2947.705,2892.514,2909.14,3172335000,0.27824235764206673
2024-01-08,2902.636,2903.53,2879.048,2883.239,2573515600,-0.8903318506500169
2024-01-09,2879.703,2906.283,2859.25,2899.863,2266361800,0.5765737769223955
2024-01-10,2894.334,2907.988,2880.773,2883.679,1933010700,-0.5580953307104397
2024-01-11,2879.796,2882.403,2856.169,2858.26,2503138800,-0.8814781395571347
2024-01-12,2855.05,2880.916,2854.14,2867.714,1836364300,0.3307606725770018
2024-01-15,2857.913,2889.302,2854.667,2885.583,1937864900,0.623109556950241
2024-01-16,2881.36,2901.474,2872.243,2898.528,2262599000,0.44860951842313757
2024-01-17,2893.759,2908.191,2860.339,2860.842,2412290300,-1.3001771933891848
2024-01-18,2854.034,2854.034,2768.174,2841.114,3986550800,-0.6895871914632146
2024-01-19,2833.218,2842.654,2810.409,2821.066,2538679600,-0.7056387036915912
2024-01-22,2814.924,2814.924,2716.752,2732.679,3284007100,-3.133106421473286
2024-01-23,2727.876,2777.714,2708.81,2766.675,2565021500,1.2440539119303873
2024-01-24,2772.321,2834.434,2764.329,2833.18,2867979900,2.4037879403977502
2024-01-25,2840.598,2910.044,2838.561,2910.005,3248660400,2.7116173345851813
2024-01-26,2904.495,2957.74,2904.495,2949.52,3416552400,1.3579014469047301
2024-01-29,2957.353,2988.674,2953.6,2963.005,3606942100,0.4571930347988973
2024-01-30,2953.704,2977.748,2926.561,2928.159,2843356000,-1.1760358149918715
2024-01-31,2914.395,2960.921,2912.157,2932.606,3064234700,0.1518701682524881
2024-02-01,2918.668,2928.691,2893.52,2900.125,2772988900,-1.1075814480363322
2024-02-02,2900.236,2955.117,2852.562,2906.8,3744518100,0.2301624929959889
2024-02-05,2899.767,2944.224,2860.098,2917.708,4767542200,0.37525801568734085
2024-02-06,2895.733,2980.964,2887.97,2964.409,4544750700,1.6006056808974822
2024-02-07,2959.933,3012.364,2932.179,3012.086,5560470800,1.6083138325379442
2024-02-08,3004.053,3033.003,2987.7,3009.377,4377474800,-0.08993767110234696
2024-02-19,3019.061,3081.738,2983.516,3080.73,4298993000,2.3710223079394854
2024-02-20,3071.57,3128.412,3059.975,3125.846,3005889900,1.4644580992167366
2024-02-21,3111.66,3159.53,3103.475,3119.751,3390305000,-0.19498721306167033
2024-02-22,3112.678,3175.746,3111.351,3174.728,2525888400,1.7622239723618982
2024-02-23,3174.293,3191.941,3146.93,3156.487,2978487600,-0.5745689079505345
2024-02-26,3146.955,3150.287,3076.864,3089.344,3166963700,-2.1271432450062355
2024-02-27,3079.68,3111.018,3068.439,3105.208,2476372100,0.5135070746410841
2024-02-28,3100.925,3127.943,3078.346,3087.393,3072860200,-0.5737135805395366
2024-02-29,3075.114,3116.497,3074.171,3116.497,2510367100,0.9426723452440333
2024-03-01,3110.179,3130.949,3102.15,3115.681,2502251400,-0.026183243558386415
2024-03-04,3108.107,3139.191,3094.091,3137.487,2664896000,0.699879095452971
2024-03-05,3131.254,3162.795,3125.467,3156.506,2972545600,0.6061857786183511
2024-03-06,3155.225,3185.791,3150.811,3156.272,2656101300,-0.007413260104682795
2024-03-07,3155.968,3196.852,3155.968,3175.296,2418466400,0.6027363928077234
2024-03-08,3172.475,3196.659,3157.94,3196.574,2238814400,0.6701107550288299
2024-03-11,3190.224,3195.173,3134.557,3162.219,2682301700,-1.07474439822135
2024-03-12,3152.908,3153.17,3077.638,3085.797,3710556900,-2.4167206635593574
2024-03-13,3076.28,3081.594,3045.221,3071.738,2391955500,-0.45560352803506454
2024-03-14,3064.15,3085.386,3060.805,3077.939,2142902300,0.20187268575639905
2024-03-15,3075.647,3080.157,3049.168,3074.85,2528797600,-0.1003593638470357
2024-03-18,3067.269,3069.392,3042.189,3058.972,2386293900,-0.5163829129876119
2024-03-19,3056.984,3079.265,3048.448,3052.239,2340373500,-0.22010662405540504
2024-03-20,3045.502,3072.335,3033.531,3061.745,2200121000,0.31144350098402107
2024-03-21,3061.293,3076.026,3046.839,3066.731,2001090300,0.16284831035897618
2024-03-22,3061.895,3075.683,3042.601,3064.926,2295368500,-0.05885746092501032
2024-03-25,3053.815,3112.736,3051.91,3075.17,2608160400,0.3342331919269803
2024-03-26,3077.673,3083.559,3044.66,3066.304,2434796300,-0.2883092642032792
2024-03-27,3063.85,3088.327,3061.976,3062.514,2427956500,-0.12360157375133074
2024-03-28,3056.572,3068.656,3032.881,3053.368,3311823300,-0.2986435327316128
2024-03-29,3044.19,3081.951,3042.642,3081.066,2598333000,0.9071294387050566
2024-04-01,3071.848,3077.205,3059.847,3074.599,2553901900,-0.20989488702934933
2024-04-02,3071.912,3101.495,3070.138,3094.202,2641015100,0.6375790794181713
2024-04-03,3092.776,3135.448,3090.992,3134.351,2331683200,1.2975558803206777
2024-04-08,3124.694,3168.011,3110.429,3139.775,2809339800,0.17305017848989745
2024-04-09,3139.697,3153.458,3111.693,3126.338,2417877600,-0.42796060227244803
2024-04-10,3121.338,3158.442,3121.338,3140.474,2375028700,0.45215840385779416
2024-04-11,3127.899,3194.45,3125.138,3177.829,2210330200,1.189470124573555
2024-04-12,3171.996,3189.183,3157.513,3171.188,2183760700,-0.20897914897246572
2024-04-15,3171.531,3239.068,3160.959,3235.404,3326530700,2.024982435604561
2024-04-16,3235.255,3277.916,3212.777,3237.532,3632220400,0.06577231158768626
2024-04-17,3228.008,3294.141,3213.185,3293.853,3328926300,1.7396275928701188
2024-04-18,3291.682,3341.166,3290.629,3312.59,3628708800,0.568847486515045
2024-04-19,3287.523,3342.43,3285.358,3316.821,2774411600,0.12772483162721837
2024-04-22,3317.048,3336.75,3238.101,3238.787,3086140300,-2.3526744433902236
2024-04-23,3221.111,3231.545,3181.046,3189.848,2791455100,-1.511028665978953
2024-04-24,3189.835,3189.835,3154.825,3187.223,2175082500,-0.08229232239279627
2024-04-25,3180.893,3208.407,3175.873,3206.298,1985379700,0.5984833819284052
2024-04-26,3200.526,3221.866,3158.082,3177.024,3439072300,-0.9130155712288701
2024-04-29,3153.216,3153.487,3115.772,3147.139,3961239100,-0.9406601901653766
2024-04-30,3144.575,3177.271,3137.989,3155.842,3030035500,0.27653688000435217
2024-05-06,3169.731,3175.09,3142.542,3173.141,3567730100,0.5481579876305487
2024-05-07,3171.596,3180.534,3158.286,3176.194,2747333400,0.09621381463982281
2024-05-08,3173.328,3208.243,3170.473,3195.207,2652862300,0.5986095307780381
2024-05-09,3196.225,3215.005,3187.475,3206.687,2385790800,0.3592881462765929
2024-05-10,3204.543,3223.559,3193.191,3221.409,2421308100,0.4591031179532079
2024-05-13,3213.357,3234.857,3185.15,3229.434,2532476600,0.24911459550773785
2024-05-14,3224.862,3227.753,3195.691,3217.915,2360496300,-0.35668789019995817
2024-05-15,3209.73,3233.082,3196.966,3212.687,1733236200,-0.16246544734711543
2024-05-16,3213.768,3234.219,3209.497,3220.526,2668551600,0.24400136085462876
2024-05-17,3217.779,3241.93,3202.413,3240.699,2662324200,0.6263883601622888
2024-05-20,3242.415,3287.626,3239.173,3277.004,3065915500,1.1202830006736164
2024-05-21,3270.956,3298.004,3266.164,3290.39,2294090100,0.4084828703291077
2024-05-22,3291.52,3323.436,3290.34,3291.755,2537955000,0.041484444093264905
2024-05-23,3279.535,3281.332,3238.685,3246.39,2262283000,-1.3781402321861869
2024-05-24,3228.513,3267.944,3223.232,3225.083,2057345900,-0.6563290300918845
2024-05-27,3230.338,3283.972,3230.338,3282.315,2316933500,1.7745899872964488
2024-05-28,3281.444,3292.76,3262.041,3274.153,1917581000,-0.24866595680184123
2024-05-29,3266.72,3305.842,3263.344,3279.435,2021235000,0.16132416536429606
2024-05-30,3271.056,3296.117,3243.429,3251.094,2125659800,-0.864203742412939
2024-05-31,3257.12,3277.824,3251.836,3254.806,1999825300,0.11417695089714908
2024-06-03,3251.767,3255.813,3214.202,3233.445,2373799300,-0.6562910354718454
2024-06-04,3225.53,3247.942,3211.2,3242.691,1966724900,0.28594888733222135
2024-06-05,3240.425,3246.552,3200.946,3202.994,1969146000,-1.2241992838663784
2024-06-06,3197.331,3233.413,3197.08,3211.472,2301085400,0.26468984955951846
2024-06-07,3211.417,3234.57,3208.801,3232.389,2614199700,0.6513212632711651
2024-06-11,3227.991,3232.122,3164.266,3172.311,2873165300,-1.8586253077831905
2024-06-12,3168.906,3225.195,3158.382,3221.173,2607703300,1.540265125329765
2024-06-13,3209.948,3215.529,3172.889,3184.62,2121388100,-1.1347729538276896
2024-06-14,3175.605,3193.831,3164.71,3180.674,3226132800,-0.12390803298352182
2024-06-17,3176.368,3188.008,3133.647,3138.511,2779943200,-1.3255995427384315
2024-06-18,3136.283,3153.913,3117.526,3148.83,1964752100,0.3287864850561206
2024-06-19,3143.292,3155.836,3133.04,3137.629,2054788200,-0.355719425945511
2024-06-20,3136.047,3155.728,3132.522,3145.895,1864319200,0.2634473355517919
2024-06-21,3136.883,3151.754,3127.01,3139.728,2092874200,-0.19603324332184702
2024-06-24,3128.582,3129.306,3083.869,3100.631,2330670100,-1.245235256047661
2024-06-25,3095.222,3120.728,3092.316,3106.919,2186578400,0.2027974305875091
2024-06-26,3093.895,3110.241,3080.398,3108.318,1988279100,0.045028531480872935
2024-06-27,3103.812,3120.391,3091.68,3103.117,2429697900,-0.1673252221941257
2024-06-28,3090.43,3126.767,3087.283,3113.602,2274373400,0.3378860674605466
2024-07-01,3115.386,3189.278,3113.501,3182.735,2383410400,2.220354431940885
2024-07-02,3183.814,3196.38,3162.978,3189.826,2654352300,0.22279580298076862
2024-07-03,3184.33,3194.127,3157.33,3162.905,2206376900,-0.8439645297266929
2024-07-04,3161.296,3176.523,3140.911,3145.35,2107910400,-0.5550277355785393
2024-07-05,3145.186,3154.249,3109.238,3128.915,2586430900,-0.5225173669067051
2024-07-08,3113.61,3129.476,3103.075,3108.044,2315128100,-0.6670363368771581
2024-07-09,3105.278,3137.831,3083.058,3132.72,2264192400,0.7939398541333409
2024-07-10,3108.315,3110.275,3049.88,3052.455,2316483400,-2.562150463494983
2024-07-11,3058.205,3061.686,3032.678,3043.03,2450414400,-0.3087678606236488
2024-07-12,3036.08,3054.636,3023.599,3029.416,2563917700,-0.4473830359871589
2024-07-15,3025.524,3072.825,3011.935,3067.837,2503432600,1.268264246310169
2024-07-16,3059.028,3066.427,3034.594,3048.646,2526607800,-0.6255547475305878
2024-07-17,3041.462,3048.464,3022.182,3029.236,2171302800,-0.6366760850554765
2024-07-18,3021.454,3037.675,3001.682,3035.004,2041086100,0.1904110475380527
2024-07-19,3029.48,3030.742,2998.349,3014.74,2431449400,-0.6676762205255815
2024-07-22,3006.799,3007.339,2956.837,2986.849,2561045900,-0.9251544080086438
2024-07-23,2983.047,2986.118,2959.991,2960.09,2817377900,-0.8958939671874999
2024-07-24,2954.349,2972.574,2943.494,2961.195,2522298400,0.03732994604894735
2024-07-25,2955.201,2958.299,2926.676,2952.505,2693915100,-0.29346260546839753
2024-07-26,2945.547,2952.362,2915.091,2933.754,2629789600,-0.6350878321967346
2024-07-29,2930.881,2944.447,2917.274,2941.115,2271358700,0.25090719944480533
2024-07-30,2937.825,2937.825,2914.006,2928.502,1973737400,-0.4288509629851167
2024-07-31,2929.441,2957.369,2924.083,2954.715,3083764300,0.8950992691826754
2024-08-01,2957.616,2969.424,2948.977,2955.585,2606446200,0.02944446418688962
2024-08-02,2943.865,2963.43,2930.808,2950.28,1924857300,-0.1794906930438378
2024-08-05,2940.216,2953.047,2907.345,2910.392,2463152000,-1.3520072671068584
2024-08-06,2919.415,2931.843,2880.845,2901.727,2257679500,-0.29772621694946766
2024-08-07,2898.135,2928.165,2890.44,2910.697,1929901500,0.30912625481309686
2024-08-08,2912.741,2928.438,2902.865,2923.618,1465424600,0.44391429269345917
2024-08-09,2924.15,2929.892,2910.064,2910.064,1573031700,-0.46360365820705685
2024-08-12,2910.355,2940.183,2900.648,2931.44,1693726900,0.7345542915894621
2024-08-13,2932.771,2941.333,2916.321,2935.007,1761248900,0.12168081216057391
2024-08-14,2929.835,2937.847,2921.445,2925.741,1513288900,-0.31570623170574796
2024-08-15,2923.984,2961.493,2918.337,2954.101,1903909600,0.9693270867106918
2024-08-16,2953.279,2967.398,2947.752,2957.757,2031255700,0.12376015579698141
2024-08-19,2956.955,2989.536,2956.208,2987.478,2335068900,1.0048492827504196
2024-08-20,2990.817,2990.817,2936.986,2949.112,2452905200,-1.2842270302910963
2024-08-21,2946.487,2946.487,2902.868,2924.934,2221945300,-0.8198400060764
2024-08-22,2922.592,2938.507,2915.913,2924.148,2254611700,-0.02687240122341006
2024-08-23,2919.507,2934.385,2907.806,2923.457,1909812900,-0.023630814856168136
2024-08-26,2920.867,2924.19,2889.811,2909.183,1843686400,-0.48825756629907735
2024-08-27,2906.24,2919.429,2902.454,2916.106,2249259100,0.2379705917434638
2024-08-28,2910.75,2921.964,2891.653,2901.756,2170074700,-0.49209459464094607
2024-08-29,2897.956,2897.956,2843.152,2844.058,3464629300,-1.9883822071876445
2024-08-30,2845.154,2878.385,2822.302,2846.016,4821341000,0.06884529077817447
2024-09-02,2837.256,2888.716,2820.403,2870.604,3786933200,0.8639445456385175
2024-09-03,2868.501,2878.818,2824.801,2842.04,3486598300,-0.9950519124198198
2024-09-04,2829.679,2852.55,2818.202,2845.771,2404744500,0.1312789404793735
2024-09-05,2843.849,2853.97,2829.491,2845.074,2265448200,-0.024492483759241956
2024-09-06,2840.976,2857.223,2815.525,2817.652,1893948000,-0.9638413622984898
2024-09-09,2811.44,2811.44,2761.27,2770.71,2397944800,-1.6659970784184797
2024-09-10,2769.523,2780.771,2750.96,2775.722,2418331300,0.1808922622721365
2024-09-11,2766.684,2766.684,2703.539,2711.685,2723303400,-2.307039393714505
2024-09-12,2710.726,2735.045,2701.008,2722.674,2231492000,0.40524618456789785
2024-09-13,2722.862,2740.825,2710.037,2710.838,2006896600,-0.434719691009644
2024-09-18,2709.998,2750.075,2709.329,2746.764,1878007300,1.325272849207515
2024-09-19,2751.768,2754.513,2715.887,2740.017,2321856900,-0.24563449935998127
2024-09-20,2736.245,2748.714,2721.466,2738.693,2322628500,-0.04832086808219671
2024-09-23,2736.057,2779.079,2732.611,2771.738,1958500400,1.2065974536028534
2024-09-24,2786.666,2899.163,2786.666,2898.574,4104841000,4.576045787877514
2024-09-25,2937.58,2999.907,2936.125,2940.752,4595319900,1.4551293153115985
2024-09-26,2941.365,3040.205,2930.292,3039.672,4340212300,3.363765458630996
2024-09-27,3079.131,3102.478,3011.4,3063.2,4256735600,0.7740308822793862
2024-09-30,3139.121,3277.05,3090.248,3241.301,10383910500,5.814213893967102
2024-10-08,3519.563,3525.624,3172.494,3240.567,11452750700,-0.02264522795013546
2024-10-09,3189.538,3189.538,3005.722,3005.722,7315650000,-7.247034238144123
2024-10-10,3013.141,3179.601,3013.141,3115.677,7075344400,3.6581892803126737
2024-10-11,3119.888,3146.8,3049.443,3073.759,4498145000,-1.3453897820602134
2024-10-14,3099.383,3180.979,3099.383,3156.189,5519197500,2.681732692771299
2024-10-15,3139.662,3154.558,3084.556,3084.556,3953896400,-2.2696042600744093
2024-10-16,3068.377,3147.987,3066.885,3126.875,3689819800,1.371964068734699
2024-10-17,3131.108,3151.367,3076.189,3076.189,3042162000,-1.6209794123525967
2024-10-18,3074.56,3133.982,3036.182,3097.173,4097292600,0.6821427422047277
2024-10-21,3103.25,3103.883,3061.346,3079.681,4002919400,-0.5647731011473978
2024-10-22,3078.695,3106.404,3068.875,3096.129,2947689600,0.5340812895880953
2024-10-23,3095.243,3105.069,3085.835,3096.121,2649251100,-0.0002583871666739235
2024-10-24,3086.436,3091.166,3065.587,3076.09,2162867900,-0.6469708386720008
2024-10-25,3072.706,3082.712,3063.216,3073.794,2373915800,-0.07464020883655165
2024-10-28,3076.393,3095.281,3065.839,3095.281,3417818400,0.6990383870877581
2024-10-29,3096.271,3098.999,3044.688,3050.02,3173715600,-1.4622581923902866
2024-10-30,3037.469,3053.886,2999.316,3018.39,2897413000,-1.0370423800499684
2024-10-31,3008.459,3014.472,2970.74,2998.431,3265707400,-0.6612465585958072
2024-11-01,2994.988,3042.226,2988.713,3023.831,3585739400,0.8471097050424037
2024-11-04,3029.463,3041.556,2993.979,3041.556,2757900200,0.5861769391212635
2024-11-05,3036.479,3066.872,3027.632,3066.872,3013461400,0.8323371327044304
2024-11-06,3064.603,3065.149,3030.961,3043.679,3112563800,-0.7562428428705137
2024-11-07,3033.473,3104.763,3028.746,3104.763,3549688000,2.0069133440155706
2024-11-08,3116.359,3126.958,3058.229,3069.875,3708162300,-1.1236928551390246
2024-11-11,3053.624,3055.91,3019.014,3039.614,3358754700,-0.9857404617451881
2024-11-12,3037.195,3063.012,3010.891,3022.667,3305047500,-0.5575378979041479
2024-11-13,3016.209,3045.847,3013.992,3040.902,2660648500,0.6032751871112518
2024-11-14,3039.642,3049.081,3011.177,3012.933,3048772900,-0.9197599922654565
2024-11-15,3008.02,3043.248,3004.692,3016.622,3325980400,0.12243883285820711
2024-11-18,3037.29,3107.169,3037.29,3065.491,5396945600,1.6199908374334049
2024-11-19,3061.187,3076.781,3027.143,3060.037,3638507800,-0.1779160336794372
2024-11-20,3050.987,3065.291,3042.722,3064.722,2487398800,0.15310272392132784
2024-11-21,3058.651,3071.64,3052.495,3066.586,1926159900,0.0608211772552103
2024-11-22,3066.939,3078.64,2989.845,2989.845,2706656100,-2.5024897394040124
2024-11-25,2995.9,3024.546,2983.214,2998.904,2609564200,0.3029922955872344
2024-11-26,2992.273,3021.877,2988.232,3009.183,2651297200,0.3427585544585554
2024-11-27,3003.198,3042.744,2977.213,3042.739,2764458800,1.115119951162824
2024-11-28,3038.946,3050.821,3030.309,3035.123,2206105900,-0.25030079806385164
2024-11-29,3035.914,3064.579,3035.086,3047.435,2877096300,0.40565077593230914
2024-12-02,3057.516,3062.302,3032.281,3057.68,3279316300,0.336184364883918
2024-12-03,3053.257,3091.48,3043.497,3091.48,3651044300,1.1054132544936035
2024-12-04,3079.566,3124.205,3067.159,3112.83,3578480200,0.6906077348066253
2024-12-05,3107.774,3115.818,3098.773,3106.338,2545349100,-0.2085562012702158
2024-12-06,3108.597,3155.188,3108.597,3149.275,3287962900,1.3822385072068677
2024-12-09,3146.923,3172.603,3132.486,3153.928,2989474400,0.1477482912733752
2024-12-10,3202.457,3209.765,3145.938,3150.844,3880421800,-0.09778282827000995
2024-12-11,3142.683,3166.84,3141.374,3160.301,3550221800,0.3001418032755554
2024-12-12,3159.886,3170.182,3149.337,3168.822,3325258500,0.2696262159838536
2024-12-13,3158.628,3158.88,3123.521,3126.867,4496355500,-1.323993584997829
2024-12-16,3129.347,3186.0,3129.347,3168.989,4240431800,1.3470991890604855
2024-12-17,3168.193,3193.358,3155.934,3162.707,3515369900,-0.19823356912883616
2024-12-18,3168.62,3206.651,3168.62,3184.524,3828466400,0.6898204607635128
2024-12-19,3168.77,3179.268,3137.895,3150.551,3155527200,-1.0668156371250404
2024-12-20,3148.761,3157.106,3121.656,3123.947,3032007900,-0.8444237214379258
2024-12-23,3124.707,3162.831,3123.636,3136.272,4192877700,0.3945329418200805
2024-12-24,3135.153,3172.994,3132.526,3171.648,3345958000,1.1279633909303755
2024-12-25,3171.102,3190.321,3162.993,3188.002,3764253500,0.5156309905764989
2024-12-26,3185.924,3186.141,3161.186,3171.713,3056057100,-0.5109469818400325
2024-12-27,3167.389,3176.309,3140.175,3173.964,3404518000,0.07097111245562004
2024-12-30,3169.466,3221.975,3169.466,3218.545,3701176500,1.4045842990027646
2024-12-31,3219.879,3243.391,3201.875,3202.172,3904201400,-0.5087081274302574
2025-01-02,3203.93,3225.334,3114.161,3130.015,4600010300,-2.2533767705170127
2025-01-03,3139.103,3150.267,3098.717,3105.437,3852500900,-0.7852358535022974
2025-01-06,3105.374,3109.17,3072.408,3105.09,3633619900,-0.011173950719323145
2025-01-07,3097.227,3102.248,3063.447,3091.327,3071414400,-0.44323997050004227
2025-01-08,3083.477,3101.093,3052.471,3088.544,3389172500,-0.0900260632408112
2025-01-09,3076.746,3076.746,3039.025,3039.629,2850658000,-1.5837559704507953
2025-01-10,3037.758,3049.045,3003.379,3003.379,2769117700,-1.1925797523316128
2025-01-13,2993.358,3010.551,2968.237,2983.594,2951975400,-0.6587580188847197
2025-01-14,2989.976,3036.882,2983.695,3033.396,2964103000,1.6691949373808912
2025-01-15,3028.316,3068.26,3025.878,3037.233,3030373900,0.12649189225542035
2025-01-16,3047.221,3077.183,3045.672,3066.16,2656197100,0.9524129363799094
2025-01-17,3062.742,3069.96,3037.651,3050.533,2457699300,-0.5096602917003645
2025-01-20,3053.717,3059.123,3031.987,3036.331,2531788400,-0.4655579860961878
2025-01-21,3044.553,3046.5,3012.238,3020.225,2314462600,-0.5304428272148276
2025-01-22,3014.013,3014.013,2986.125,2996.785,2775927000,-0.7761011182941702
2025-01-23,3009.114,3049.494,3009.114,3034.962,3865381900,1.2739318970163005
2025-01-24,3029.822,3064.049,3017.678,3051.061,2952194100,0.5304514521104364
2025-01-27,3052.47,3101.059,3052.47,3090.187,3160882000,1.2823735743074272
2025-02-05,3098.772,3098.772,3020.219,3027.131,3043815700,-2.040523761183388
2025-02-06,3024.291,3034.836,3006.727,3024.358,2498662900,-0.09160488924990773
2025-02-07,3020.416,3048.783,3008.997,3039.419,3261967100,0.49798998663517224
2025-02-10,3035.629,3038.906,3025.007,3029.707,2623214800,-0.31953475318802216
2025-02-11,3032.413,3049.454,3032.413,3048.482,2980001500,0.6196968881809317
2025-02-12,3045.642,3051.918,3032.161,3048.55,2521680200,0.00223061838646732
2025-02-13,3046.323,3060.836,3045.59,3048.396,2520120400,-0.005051581899595536
2025-02-14,3049.653,3056.261,3037.987,3055.221,2419647200,0.22388823499308597
2025-02-17,3054.977,3055.632,3029.428,3043.258,2846846800,-0.39155923581306595
2025-02-18,3038.762,3059.425,3028.809,3037.287,3470289400,-0.19620419957822044
2025-02-19,3034.032,3034.2,3018.531,3023.272,2765436900,-0.4614315341289754
2025-02-20,3020.293,3020.871,3006.948,3011.8,2140244200,-0.3794564299871017
2025-02-21,3013.16,3014.438,2983.65,2988.661,3490185500,-0.7682781061159494
2025-02-24,2980.295,2990.092,2968.841,2980.885,3195457800,-0.2601834065489528
2025-02-25,2974.783,2986.423,2958.727,2963.456,2956411300,-0.5846921300217911
2025-02-26,2964.865,2997.294,2964.865,2989.426,2970754100,0.8763416767449739
2025-02-27,2996.76,3015.08,2984.598,3014.995,3278332700,0.8553146992098082
2025-02-28,3015.734,3026.402,2995.324,2995.324,3350640000,-0.6524388929334823
2025-03-03,2996.64,3006.08,2981.754,2986.706,3015512700,-0.28771511863157073
2025-03-04,2979.438,2990.283,2973.068,2982.061,2391197600,-0.15552250539557777
2025-03-05,2983.408,2993.123,2969.858,2992.389,3305728900,0.34633765036999886
2025-03-06,2992.46,2993.121,2972.401,2986.485,3070788500,-0.1973005514991577
2025-03-07,2985.26,2996.55,2982.27,2984.373,2622427800,-0.07071858723549651
2025-03-10,2982.193,2992.586,2972.212,2991.002,2721606600,0.22212370906720125
2025-03-11,2976.43,3014.699,2974.127,3014.699,2479336000,0.7922763007179645
2025-03-12,3013.929,3015.427,3000.611,3006.459,2398708700,-0.27332745325487906
2025-03-13,3005.916,3037.563,3003.99,3036.84,2953792800,1.0105243410936326
2025-03-14,3034.966,3065.656,3034.408,3058.092,3828532600,0.6998063776820551
2025-03-17,3061.246,3071.066,3053.204,3063.493,2927136200,0.17661339161803014
2025-03-18,3064.127,3066.073,3044.503,3052.899,2115960500,-0.3458144020567433
2025-03-19,3048.972,3060.901,3040.908,3057.097,2560516900,0.13750864342385594
2025-03-20,3055.803,3066.33,3048.721,3052.358,2398770100,-0.15501634393675356
2025-03-21,3048.656,3069.802,3031.551,3042.206,2864206200,-0.33259532466375363
2025-03-24,3047.532,3068.311,3047.532,3065.147,3092988400,0.7540909458465306
2025-03-25,3065.289,3091.424,3063.779,3090.562,2628746600,0.8291608852691201
2025-03-26,3086.294,3091.416,3073.716,3087.395,2290016500,-0.102473271851522
2025-03-27,3085.884,3094.81,3080.493,3087.705,2210438600,0.010040827299384603
2025-03-28,3086.821,3087.753,3062.832,3067.509,2147327300,-0.6540780288272319
2025-03-31,3063.0,3085.202,3054.12,3061.056,3468516100,-0.2103661309551197
2025-04-01,3064.517,3087.551,3060.216,3086.055,3080761200,0.8166789500094085
2025-04-02,3080.606,3105.652,3080.606,3101.515,2666704800,0.5009632038314393
2025-04-03,3080.988,3109.836,3077.32,3107.181,2692115300,0.18268491366315587
2025-04-07,3010.18,3030.836,2863.709,2911.836,6843057800,-6.286888340267282
2025-04-08,2919.274,2995.133,2919.274,2995.133,5421489900,2.860635008290302
2025-04-09,2978.79,3002.135,2933.491,3002.135,4349637500,0.2337792678989592
2025-04-10,3027.237,3037.566,2999.809,3028.361,3588324900,0.873578303440703
2025-04-11,3023.705,3023.705,3003.555,3008.395,2795077100,-0.6593005259280527
2025-04-14,3015.303,3044.997,3009.852,3042.597,3049205100,1.1368852826839637
2025-04-15,3041.555,3057.816,3033.96,3056.22,3128008800,0.4477425041830907
2025-04-16,3054.623,3076.315,3046.343,3076.163,3414421200,0.6525381026235122
2025-04-17,3066.131,3069.48,3050.356,3067.41,2438169800,-0.28454278918250697
2025-04-18,3060.308,3069.517,3054.275,3064.451,2262924100,-0.09646574797630425
2025-04-21,3060.518,3083.84,3054.787,3055.56,2687034900,-0.2901335345221745
2025-04-22,3055.372,3073.039,3054.588,3065.824,2587590100,0.3359122386731084
2025-04-23,3069.345,3070.502,3047.27,3047.431,2202674700,-0.5999365912720322
2025-04-24,3047.484,3071.697,3047.484,3065.046,2517885100,0.5780278536249073
2025-04-25,3062.762,3068.776,3050.592,3058.879,2475471800,-0.20120415811051284
2025-04-28,3057.234,3066.551,3047.068,3059.511,2853807700,0.020661163779278624
2025-04-29,3048.58,3064.718,3043.352,3047.802,2295906600,-0.3827082170974272
2025-04-30,3043.007,3044.058,3019.951,3021.294,4116015000,-0.8697415383282836
2025-05-06,3030.302,3030.362,3006.284,3018.49,3233385600,-0.09280791607834127
2025-05-07,3039.982,3045.078,3025.67,3039.527,3271937100,0.696937872909964
2025-05-08,3028.31,3042.718,3021.491,3033.746,2523723100,-0.19019406637940106
2025-05-09,3034.28,3055.012,3034.28,3052.195,2694461100,0.6081260593339133
2025-05-12,3057.768,3064.423,3046.576,3063.27,2723677100,0.36285361846146724
2025-05-13,3077.933,3088.281,3062.931,3087.077,2988185500,0.7771760243138859
2025-05-14,3086.723,3115.041,3074.933,3113.741,3233909800,0.8637296704941289
2025-05-15,3111.181,3122.139,3101.447,3101.715,2794302800,-0.3862235169848738
2025-05-16,3096.806,3100.963,3066.149,3082.007,2852585200,-0.6353904211057415
2025-05-19,3086.738,3099.987,3086.098,3093.039,2318154800,0.35794857052564577
2025-05-20,3097.727,3105.7,3089.546,3097.965,2113116000,0.1592608434617171
2025-05-21,3098.474,3134.433,3098.474,3126.657,2475486800,0.9261563639356707
2025-05-22,3125.936,3134.062,3114.725,3130.205,2442746500,0.1134758305755934
2025-05-23,3127.819,3141.126,3094.26,3094.26,2621803500,-1.148327345972544
2025-05-26,3090.981,3099.337,3074.022,3077.651,2413079800,-0.5367680802518371
2025-05-27,3079.762,3086.574,3059.786,3066.285,2146559600,-0.3693076310471888
2025-05-28,3065.637,3077.075,3057.631,3074.852,2125435000,0.27939346799139564
2025-05-29,3075.499,3083.815,3069.706,3077.544,2120382200,0.08754892918423351
2025-05-30,3074.784,3090.801,3074.743,3082.448,2747417700,0.15934784360516208
2025-06-03,3082.381,3106.655,3072.052,3101.802,3483874500,0.6278775830119487
2025-06-04,3098.213,3106.642,3087.468,3105.668,2482492200,0.12463722700546409
2025-06-05,3104.61,3112.715,3078.728,3084.437,2531886400,-0.6836210438462942
2025-06-06,3089.932,3099.746,3082.904,3084.888,2312814700,0.014621793215430223
2025-06-09,3081.389,3088.555,3067.815,3086.488,2590019400,0.05186574034454772
2025-06-10,3087.533,3106.576,3075.371,3089.159,3156852200,0.08653848646098528
2025-06-11,3089.387,3101.129,3088.308,3096.729,2512918600,0.24505051374823505
2025-06-12,3096.537,3099.548,3087.545,3093.55,2531730700,-0.10265670647963132
2025-06-13,3085.82,3089.052,3065.902,3068.896,4457471200,-0.7969484895993251
2025-06-16,3067.459,3078.422,3061.903,3077.665,3262748900,0.2857379331199228
2025-06-17,3075.889,3082.336,3069.756,3079.418,2511659100,0.05695876581759407
2025-06-18,3078.663,3081.548,3061.949,3080.013,2997201100,0.019321832891794344
2025-06-19,3077.37,3080.207,3056.306,3066.501,2785014600,-0.4386994470477745
2025-06-20,3063.55,3081.492,3060.863,3076.166,3037571200,0.3151800700537777
2025-06-23,3070.519,3090.877,3047.971,3083.852,3659043400,0.24985647718620552
2025-06-24,3076.832,3093.592,3070.453,3088.455,3751436800,0.1492613783022012
2025-06-25,3078.195,3096.045,3060.615,3091.868,3476047900,0.110508328597958
2025-06-26,3085.551,3099.748,3077.736,3094.072,2947822200,0.07128376761234012
2025-06-27,3092.088,3103.656,3055.122,3060.432,4356598700,-1.0872403744967896
2025-06-30,3053.898,3063.672,3046.39,3058.114,2792839400,-0.07574094114817242
2025-07-01,3062.156,3085.862,3060.673,3083.638,2604110600,0.8346320640760796
2025-07-02,3088.222,3109.204,3084.018,3107.75,2608872500,0.7819335473230105
2025-07-03,3104.992,3111.436,3092.953,3103.75,2520378100,-0.12871048185986167
2025-07-04,3102.316,3136.043,3101.304,3124.21,3154375600,0.6592025775271848
2025-07-07,3119.126,3133.567,3107.984,3132.941,2393519900,0.2794626481574358
2025-07-08,3132.603,3139.539,3115.287,3126.988,2420045400,-0.19001315377468186
2025-07-09,3124.407,3147.545,3124.122,3138.037,2809175900,0.35334321717896966
2025-07-10,3132.827,3165.535,3132.827,3154.416,3949471400,0.5219505060010565
2025-07-11,3158.559,3172.791,3131.439,3131.439,5483080600,-0.7284074136068353
2025-07-14,3132.091,3167.32,3132.091,3151.135,3619184800,0.6289760075160356
2025-07-15,3148.69,3154.466,3106.419,3115.036,2963305800,-1.1455872249205523
2025-07-16,3113.693,3117.99,3087.855,3101.6,2827797800,-0.43132727840063945
2025-07-17,3101.221,3108.523,3085.287,3090.804,2499551500,-0.34807841114262716
2025-07-18,3091.935,3104.071,3089.867,3099.529,2623832300,0.2822890095910191
2025-07-21,3102.403,3124.665,3102.403,3122.648,3286759300,0.7458875203297133
2025-07-22,3125.498,3176.109,3101.867,3172.807,5159366600,1.6062969633464874
2025-07-23,3192.852,3203.292,3170.264,3172.212,4887105700,-0.01875311041610317
2025-07-24,3171.098,3182.076,3149.099,3180.316,4305909400,0.2554684239262528
2025-07-25,3181.667,3198.049,3161.452,3165.368,3488376000,-0.4700161870707098
2025-07-28,3148.115,3155.55,3123.115,3125.497,3303414500,-1.2596007794354436
2025-07-29,3125.97,3133.22,3107.921,3120.105,3088242000,-0.17251656296581874
2025-07-30,3125.367,3157.756,3123.852,3134.035,3594226500,0.4464593339006173
2025-07-31,3122.807,3125.393,3073.564,3083.191,4024115600,-1.6223175554835878
2025-08-01,3082.357,3097.651,3073.038,3080.917,3483315100,-0.07375475603035309
2025-08-04,3068.539,3098.057,3068.539,3097.006,3255630700,0.5222146523259141
2025-08-05,3094.524,3128.756,3091.689,3128.65,3133884000,1.0217610169305447
2025-08-06,3129.23,3142.833,3124.132,3139.503,2860678100,0.34689083150880595
2025-08-07,3136.765,3153.84,3128.976,3148.898,2905550600,0.2992511872102144
2025-08-08,3149.016,3159.136,3141.946,3149.59,2428884800,0.021975942059726528
2025-08-11,3151.46,3154.465,3127.665,3130.524,3040495700,-0.6053486326791813
2025-08-12,3135.658,3162.852,3135.658,3149.809,2984906000,0.6160310542260738
2025-08-13,3151.297,3151.918,3123.722,3125.615,3648711600,-0.76811006635642
2025-08-14,3123.135,3135.118,3101.827,3101.827,3097787200,-0.7610662221674613
2025-08-15,3100.373,3101.047,3078.638,3096.589,4805274200,-0.16886821863373314
2025-08-18,3107.659,3108.309,3088.013,3092.753,4056191800,-0.12387824151024462
2025-08-19,3091.794,3096.893,3084.489,3090.848,3282100500,-0.061595607538011965
2025-08-20,3089.217,3115.62,3081.933,3113.507,3614668100,0.7330997836192621
2025-08-21,3114.312,3133.949,3106.351,3129.24,3545380600,0.5053144251803365
2025-08-22,3128.981,3128.981,3100.104,3124.594,3603758500,-0.14847055515075924
2025-08-25,3126.292,3145.924,3118.333,3145.924,4254003500,0.6826486897177686
2025-08-26,3143.798,3148.739,3133.775,3136.845,3335605000,-0.28859565583911895
2025-08-27,3133.412,3133.412,3078.346,3078.346,4486492100,-1.8648992857473012
2025-08-28,3073.948,3088.569,3050.928,3081.81,4070989300,0.11252796144423094
2025-08-29,3076.202,3103.241,3060.587,3060.587,5620163600,-0.6886537456884056
2025-09-01,3063.933,3074.104,3041.408,3045.799,5631991300,-0.4831752863094563
2025-09-02,3045.432,3062.297,3040.074,3061.672,5149776200,0.5211440413500634
2025-09-03,3064.97,3065.493,3023.253,3030.878,3539045300,-1.0057903002019808
2025-09-04,3025.481,3049.786,2998.932,3047.666,5561581500,0.5538989032221053
2025-09-05,3044.332,3044.471,3019.721,3039.455,3755503300,-0.2694192867591205
2025-09-08,3033.182,3049.333,3026.679,3043.867,3854189500,0.1451576022675205
2025-09-09,3042.679,3052.408,3032.591,3047.937,2823055900,0.13371149265062332
2025-09-10,3047.215,3050.589,3036.235,3042.658,2872220000,-0.17319911796077614
2025-09-11,3040.171,3051.512,3024.34,3050.696,3731114700,0.2641769137379235
2025-09-12,3047.503,3053.967,3026.963,3030.911,3809921800,-0.6485405297676272
2025-09-15,3029.559,3029.94,3010.231,3018.202,3824682400,-0.4193128732582374
2025-09-16,3024.65,3034.434,3005.206,3010.161,4276647200,-0.266416893236443
2025-09-17,3005.853,3026.978,3001.097,3020.547,3520840100,0.3450313787202841
2025-09-18,3018.57,3019.619,2956.297,2966.482,4501957900,-1.7899075895855932
2025-09-19,2966.828,2991.011,2954.744,2987.027,3919133800,0.6925712004994589
2025-09-22,2985.557,2989.432,2955.425,2962.031,3031127800,-0.8368186829245339
2025-09-23,2957.037,2983.456,2945.583,2983.042,4898555800,0.7093443654033305
2025-09-24,2973.289,2997.72,2969.37,2986.455,3603993400,0.11441340752158524
2025-09-25,2982.963,2983.423,2958.071,2967.074,3045079400,-0.6489634030983127
2025-09-26,2965.702,2977.075,2952.241,2969.729,3081012800,0.0894820958290854
2025-09-29,2961.407,2974.791,2940.838,2960.964,4004547500,-0.2951447758364423
2025-09-30,2959.446,2959.557,2942.784,2952.831,3139635900,-0.2746740588537966
2025-10-09,2949.936,2972.697,2936.882,2971.88,4362507300,0.6451097269027484
2025-10-10,2964.81,3010.651,2962.58,3005.756,5029759900,1.1398845175444317
2025-10-13,2966.388,3013.877,2963.764,3006.478,4952632300,0.02402057918209355
2025-10-14,3008.27,3072.146,2997.158,3070.458,6285844200,2.128071451046698
2025-10-15,3071.061,3081.782,3055.286,3073.746,4405315800,0.10708500165121926
2025-10-16,3068.102,3108.135,3068.102,3105.365,4806021800,1.028679663186205
2025-10-17,3104.107,3131.553,3089.28,3094.744,4519998600,-0.3420209862608603
2025-10-20,3096.961,3120.358,3064.125,3118.073,4512010300,0.7538264877482437
2025-10-21,3111.336,3117.006,3090.943,3111.682,3844240400,-0.2049663365803145
2025-10-22,3102.693,3120.059,3102.693,3116.249,3782846300,0.14676949636884817
2025-10-23,3116.607,3146.926,3116.607,3141.507,4560900600,0.8105257314162007
2025-10-24,3124.671,3128.365,3108.33,3116.772,4256880300,-0.7873609703877849
2025-10-27,3109.972,3142.75,3092.233,3128.605,4692307600,0.37965561805612946
2025-10-28,3127.585,3136.629,3111.322,3123.653,3606914600,-0.15828140656939382
2025-10-29,3119.665,3119.665,3086.046,3108.074,3895807400,-0.4987429781733055
2025-10-30,3104.03,3127.755,3098.108,3103.713,3910863000,-0.14031197455400823
2025-10-31,3100.751,3105.429,3082.907,3096.858,4577759300,-0.2208644935920323
2025-11-03,3101.389,3142.648,3101.389,3141.016,4180808300,1.4258968283337392
2025-11-04,3140.323,3183.93,3137.731,3167.205,4436141900,0.8337748040761372
2025-11-05,3159.555,3188.745,3150.725,3176.567,3502002200,0.29559185464786975
2025-11-06,3171.83,3191.608,3159.486,3183.007,3258331800,0.2027345873705899
2025-11-07,3183.249,3205.962,3180.656,3185.045,3116759800,0.06402750606580021
2025-11-10,3185.753,3210.576,3173.029,3209.296,3281394100,0.761402115197729
2025-11-11,3204.306,3205.62,3181.999,3200.851,2709230100,-0.2631418230041649
2025-11-12,3202.136,3228.038,3201.149,3209.361,3669105000,0.26586679604891916
2025-11-13,3208.378,3220.866,3188.969,3216.28,3278139800,0.21558808747288438
2025-11-14,3214.989,3234.834,3197.37,3197.584,3364738500,-0.5812926735234591
2025-11-17,3198.409,3201.558,3167.44,3185.682,3416140100,-0.3722185249863674
2025-11-18,3182.04,3183.319,3132.69,3140.629,2883899300,-1.4142340635380446
2025-11-19,3141.5,3164.294,3138.505,3155.224,3535198900,0.4647158260335793
2025-11-20,3153.347,3184.931,3147.6,3151.767,4430836900,-0.10956432887174739
2025-11-21,3149.63,3154.976,3101.463,3103.741,4624174100,-1.5237801525303074
2025-11-24,3109.261,3117.244,3078.985,3078.985,4024582500,-0.7976181002216309
2025-11-25,3085.721,3100.405,3072.407,3093.553,3330455900,0.4731429350906202
2025-11-26,3092.85,3105.863,3076.103,3077.604,3148001800,-0.5155560612667753
2025-11-27,3076.201,3092.791,3061.972,3082.997,2777244400,0.17523372077759003
2025-11-28,3080.703,3087.555,3069.388,3083.867,2746497700,0.028219294407372253
2025-12-01,3083.966,3099.808,3077.319,3098.894,3389013500,0.4872778235896602
2025-12-02,3097.011,3103.523,3091.487,3103.347,2667191600,0.14369642846772113
2025-12-03,3100.06,3119.366,3090.598,3095.461,2827168900,-0.2541127369901086
2025-12-04,3095.608,3103.479,3078.739,3082.606,2385350500,-0.4152854776719672
2025-12-05,3081.012,3084.844,3060.547,3079.625,2844234700,-0.09670389274529789
2025-12-08,3080.888,3080.888,3051.68,3062.836,3002599300,-0.5451637780574004
2025-12-09,3060.056,3060.056,3037.19,3039.202,2891618900,-0.7716377892906912
2025-12-10,3039.407,3048.92,3016.96,3027.927,3122741600,-0.3709855415994112
2025-12-11,3026.645,3027.186,2999.303,3006.035,2997270800,-0.7230028993433502
2025-12-12,3007.524,3008.118,2985.048,2998.524,4876964700,-0.24986402353931458
2025-12-15,2987.18,3030.593,2986.109,3020.974,3434873400,0.7487016945670666
2025-12-16,3016.306,3020.744,2990.758,2994.391,3085852100,-0.8799479902839358
2025-12-17,2992.272,3010.574,2982.068,2998.611,3025336400,0.1409301590874268
2025-12-18,3002.872,3037.851,2999.368,3033.868,3108565000,1.1757777184169704
2025-12-19,3028.28,3040.758,3016.036,3028.686,2896516300,-0.17080505809744517
2025-12-22,3029.694,3031.193,3012.492,3015.166,2640965400,-0.4463982070112227
2025-12-23,3015.888,3030.605,3011.825,3019.215,2676345500,0.13428779708977157
2025-12-24,3018.864,3026.391,3002.189,3021.629,2705359200,0.0799545577244265
2025-12-25,3025.693,3033.794,3019.133,3029.182,2556204600,0.2499645059006239
2025-12-26,3025.959,3042.698,3023.972,3040.809,2620001800,0.3838329951782571
2025-12-29,3038.835,3056.654,3028.832,3045.344,3632621100,0.1491379432249751
2025-12-30,3035.099,3052.104,3026.936,3043.154,3367419200,-0.07191305809787218
2025-12-31,3042.218,3049.992,3030.329,3037.618,2925608800,-0.1819165247634591
2026-01-05,3043.334,3047.684,3025.239,3036.401,4181047000,-0.04006428721452515
2026-01-06,3037.202,3071.851,3028.64,3071.851,4274066700,1.1675006035105406
2026-01-07,3077.722,3087.864,3057.598,3085.83,4281836300,0.45506764488250084
2026-01-08,3088.077,3088.077,3067.542,3079.522,3552496500,-0.20441826024116816
2026-01-09,3081.524,3090.194,3072.643,3090.035,3906236700,0.3413841498778103
2026-01-12,3082.397,3092.908,3069.986,3088.768,4157449400,-0.04100277181325884
2026-01-13,3087.55,3101.389,3077.154,3083.552,4413173800,-0.16886991836226883
2026-01-14,3087.035,3088.684,3050.63,3054.075,5484672700,-0.9559430163655569
2026-01-15,3047.924,3064.019,3038.293,3044.132,3736751400,-0.32556502377969476
2026-01-16,3048.359,3054.664,3010.004,3018.82,4452260700,-0.8315013935006776
2026-01-19,3009.386,3034.79,3008.626,3034.758,3591085000,0.52795463127977
2026-01-20,3035.479,3070.934,3029.461,3069.921,4178573900,1.15867558467595
2026-01-21,3064.865,3067.815,3048.645,3053.18,4550784000,-0.5453234790080863
2026-01-22,3053.62,3080.548,3052.96,3073.647,4643551100,0.6703502577640297
2026-01-23,3075.558,3075.558,3052.33,3060.681,4363539000,-0.4218441480104862
2026-01-26,3062.614,3107.409,3060.269,3098.912,6092885500,1.249101098742389
2026-01-27,3092.152,3108.691,3069.121,3071.475,5215085500,-0.8853752542827942
2026-01-28,3073.409,3147.439,3066.919,3128.683,7104986000,1.8625578915667518
2026-01-29,3136.422,3166.517,3115.41,3164.831,6993164700,1.1553743220390267
2026-01-30,3155.194,3194.609,3118.369,3138.422,5728556400,-0.8344521397825044
2026-02-02,3103.405,3112.761,3039.114,3040.154,6053583500,-3.1311276813634326
2026-02-03,3052.696,3059.843,3021.824,3047.272,4541712200,0.23413287616351752
2026-02-04,3059.631,3145.359,3058.993,3141.075,4766421900,3.078261474525412
2026-02-05,3129.101,3139.112,3105.026,3128.003,4729050000,-0.4161632562100448
2026-02-06,3103.678,3136.629,3093.21,3117.538,3807925200,-0.3345585026612863
2026-02-09,3123.569,3140.116,3118.79,3136.314,3026185700,0.6022701246945372
2026-02-10,3138.238,3154.233,3124.352,3149.876,3048498000,0.4324184376947038
2026-02-11,3145.752,3185.848,3134.146,3178.2,2852235800,0.8992100006476322
2026-02-12,3180.29,3190.186,3160.749,3172.238,3673637000,-0.18759046000881296
