date,open,high,low,close,volume,pct_change
2014-01-02,2323.433,2325.991,2310.653,2321.978,4519429200,
2014-01-03,2311.968,2314.836,2280.887,2290.779,5978264400,-1.3436389147528538
2014-01-06,2286.371,2286.371,2229.334,2238.637,6630040400,-2.2761689364185655
2014-01-07,2222.306,2246.791,2218.647,2238.001,4375310400,-0.028410144208279586
2014-01-08,2240.635,2262.584,2228.418,2241.911,5134885600,0.1747094840440111
2014-01-09,2236.967,2258.894,2220.802,2222.221,5598704000,-0.8782685842569138
2014-01-10,2216.521,2224.494,2200.215,2204.851,5416929200,-0.781650429907732
2014-01-13,2206.996,2222.072,2183.597,2193.679,5012277200,-0.5067009063197458
2014-01-14,2192.844,2214.124,2179.908,2212.846,5404994800,0.8737376799431429
2014-01-15,2210.024,2215.903,2193.802,2208.941,4896239600,-0.17646957809084318
2014-01-16,2209.448,2227.262,2201.56,2211.844,5229890400,0.13142044083569449
2014-01-17,2203.821,2205.972,2175.876,2178.488,5027315600,-1.5080629556153191
2014-01-20,2173.651,2182.463,2156.458,2165.993,4056015200,-0.5735629482466642
2014-01-21,2168.42,2197.923,2168.42,2187.41,4030624800,0.9887843589522216
2014-01-22,2190.432,2244.133,2187.534,2243.796,7064137600,2.5777517703585495
2014-01-23,2242.245,2248.924,2228.057,2231.889,5634595200,-0.5306632153725066
2014-01-24,2225.758,2257.355,2222.893,2245.678,6116767200,0.6178174631444433
2014-01-27,2233.015,2233.231,2211.799,2215.919,7034424800,-1.3251677221756686
2014-01-28,2220.785,2233.257,2205.972,2219.855,5326912800,0.17762382108732488
2014-01-29,2225.711,2233.057,2219.928,2227.781,5022271600,0.35705034788307
2014-01-30,2223.163,2223.163,2200.224,2202.45,4363230400,-1.1370507244652939
2014-02-07,2187.343,2212.498,2177.117,2212.483,5045931600,0.45553815069583337
2014-02-10,2221.54,2270.194,2221.54,2267.534,8306571200,2.4881999093326224
2014-02-11,2267.735,2296.516,2262.599,2285.562,9922983200,0.7950487181228594
2014-02-12,2286.187,2294.317,2276.444,2291.246,7659216000,0.24869156907578738
2014-02-13,2288.451,2307.474,2278.261,2279.554,9621779200,-0.5102900343306627
2014-02-14,2278.4,2295.852,2274.429,2295.575,6708299600,0.7028129186674059
2014-02-17,2308.791,2315.579,2293.552,2311.647,8783166400,0.7001295971597488
2014-02-18,2310.309,2310.309,2276.108,2282.442,8704974400,-1.2633849372330586
2014-02-19,2280.927,2317.42,2274.152,2308.656,9935256000,1.148506730948684
2014-02-20,2314.088,2331.698,2286.203,2287.436,10643953600,-0.9191494965035796
2014-02-21,2284.03,2287.869,2250.652,2264.294,7636899200,-1.0117004366461124
2014-02-24,2246.715,2246.715,2194.164,2214.509,8921593600,-2.1986985788947866
2014-02-25,2216.515,2225.209,2150.095,2157.909,9323755200,-2.555871301493917
2014-02-26,2147.737,2164.698,2137.079,2163.405,7799329600,0.254690999481455
2014-02-27,2170.81,2180.063,2150.135,2154.108,9010429600,-0.42973923051855545
2014-02-28,2149.446,2180.474,2133.548,2178.971,7666805600,1.1542132520746318
2014-03-03,2173.907,2194.224,2167.91,2190.37,8207231200,0.523136838443472
2014-03-04,2183.858,2188.601,2161.589,2184.273,7306924800,-0.2783547985043544
2014-03-05,2187.352,2189.093,2159.595,2163.976,6133201600,-0.9292336626419928
2014-03-06,2159.397,2181.427,2136.454,2173.634,6909376800,0.4463080921415008
2014-03-07,2170.043,2189.39,2161.436,2168.358,6426517600,-0.2427271564578004
2014-03-10,2149.676,2149.676,2095.067,2097.787,7141640800,-3.254582499753289
2014-03-11,2092.608,2118.79,2088.729,2108.661,5762124400,0.5183557720588539
2014-03-12,2102.801,2130.586,2090.757,2114.134,7006974400,0.25954859505630257
2014-03-13,2119.547,2149.436,2115.986,2140.333,6922603200,1.2392308150760645
2014-03-14,2129.87,2140.384,2109.575,2122.836,5861773600,-0.817489614933764
2014-03-17,2132.793,2143.196,2118.953,2143.038,5240944400,0.9516514700146583
2014-03-18,2146.124,2152.462,2134.923,2138.133,5535413200,-0.2288806824704115
2014-03-19,2131.283,2131.283,2101.285,2120.87,5930390400,-0.8073866312338862
2014-03-20,2116.185,2134.792,2086.497,2086.967,6763128800,-1.5985421077199358
2014-03-21,2079.871,2163.225,2077.759,2158.798,10402480800,3.4418848022033766
2014-03-24,2161.898,2186.731,2150.871,2176.554,10449198400,0.8224947401285432
2014-03-25,2170.78,2191.491,2164.669,2174.44,8687751200,-0.09712600744111732
2014-03-26,2181.231,2186.078,2165.217,2171.047,5827617600,-0.15604017586137164
2014-03-27,2168.344,2186.893,2146.916,2155.707,7127513600,-0.7065715297734254
2014-03-28,2154.515,2172.668,2144.584,2151.965,7008607200,-0.173585742403759
2014-03-31,2156.054,2165.254,2134.422,2146.305,5545748800,-0.26301543008367956
2014-04-01,2143.717,2170.095,2141.151,2163.115,4886640400,0.7832064874284006
2014-04-02,2166.067,2182.683,2164.008,2180.727,6503925600,0.8141961939148068
2014-04-03,2188.642,2196.138,2160.747,2165.008,7153603200,-0.7208146641005553
2014-04-04,2157.982,2186.154,2155.277,2185.472,4794588800,0.94521590682346
2014-04-08,2179.92,2243.97,2178.905,2237.316,9721912000,2.372210671195951
2014-04-09,2239.791,2246.793,2228.994,2238.62,6635726800,0.058284122582596964
2014-04-10,2241.452,2290.742,2229.515,2273.761,11454540800,1.5697617282075527
2014-04-11,2269.565,2281.105,2261.133,2270.666,9061589600,-0.13611808804881997
2014-04-14,2267.943,2275.83,2255.456,2268.613,6226500000,-0.09041400188316562
2014-04-15,2261.411,2261.474,2225.685,2229.463,6821812800,-1.7257240437218546
2014-04-16,2223.468,2245.315,2221.153,2232.526,5167800800,0.1373873439478368
2014-04-17,2238.779,2241.622,2221.954,2224.803,4833362800,-0.3459310216319955
2014-04-18,2215.879,2228.77,2203.047,2224.479,5075799600,-0.014563087158736554
2014-04-21,2209.942,2231.707,2186.755,2187.248,5627828000,-1.673695278759646
2014-04-22,2184.017,2196.849,2165.075,2196.795,5709469600,0.4364845687365948
2014-04-23,2191.231,2205.594,2187.388,2194.668,4776353200,-0.0968228715014341
2014-04-24,2192.769,2209.454,2186.763,2190.474,4505891200,-0.19109951938061087
2014-04-25,2195.815,2201.712,2167.64,2167.826,6024538400,-1.0339314687140888
2014-04-28,2165.773,2171.385,2132.695,2134.969,6048518800,-1.5156659252172466
2014-04-29,2134.413,2159.379,2131.783,2158.47,4820493200,1.1007653975303455
2014-04-30,2158.762,2164.175,2153.124,2158.659,4533462400,0.008756202309978534
2014-05-05,2152.59,2161.703,2131.232,2156.47,4934407200,-0.10140554853732553
2014-05-06,2151.388,2173.618,2150.112,2157.328,4808652000,0.03978724489559493
2014-05-07,2151.472,2153.723,2136.99,2137.316,4460747200,-0.9276289929023407
2014-05-08,2132.036,2168.206,2128.318,2135.496,4833245200,-0.08515352900552164
2014-05-09,2138.84,2141.559,2120.595,2133.911,4918113600,-0.07422163281972649
2014-05-12,2150.313,2184.332,2139.483,2180.054,8347256000,2.162367596399295
2014-05-13,2180.059,2185.046,2167.767,2174.852,6491252000,-0.23861794249134816
2014-05-14,2175.094,2184.221,2168.997,2172.372,4851420800,-0.11403074783938871
2014-05-15,2169.278,2171.453,2142.338,2144.084,4673403200,-1.30217108303734
2014-05-16,2143.926,2150.5,2132.186,2145.952,4225319600,0.08712345225281304
2014-05-19,2139.362,2139.362,2105.713,2115.143,4289360800,-1.435679828812586
2014-05-20,2124.708,2131.567,2110.72,2115.771,3729968400,0.02969066394094
2014-05-21,2106.762,2136.1,2096.514,2135.905,3894604000,0.9516152740537631
2014-05-22,2134.087,2160.909,2128.858,2130.868,4625273600,-0.23582509521725692
2014-05-23,2130.775,2148.583,2128.663,2148.414,3762310400,0.8234203151016528
2014-05-26,2161.892,2165.421,2147.445,2155.976,3955065600,0.35198057730028154
2014-05-27,2154.395,2160.027,2145.752,2147.28,3589717200,-0.403344007539963
2014-05-28,2147.467,2171.172,2142.007,2169.352,5005626000,1.0279050706009318
2014-05-29,2171.26,2178.092,2154.925,2155.164,4489155600,-0.6540201866732431
2014-05-30,2156.381,2166.907,2146.218,2156.464,4392386400,0.0603202354901855
2014-06-03,2157.64,2168.995,2149.291,2149.918,4198295200,-0.3035524822116109
2014-06-04,2149.407,2149.452,2117.313,2128.274,4181724800,-1.0067360708641115
2014-06-05,2126.607,2150.93,2123.524,2150.602,3647742400,1.0491130371371282
2014-06-06,2149.214,2149.783,2123.98,2134.716,3573805600,-0.7386768914006359
2014-06-09,2128.225,2153.903,2126.665,2134.281,3931106000,-0.020377417886030535
2014-06-10,2138.671,2161.526,2132.447,2161.268,5050790400,1.2644539308554137
2014-06-11,2156.151,2163.61,2152.08,2160.766,4256372000,-0.023227105569501028
2014-06-12,2156.761,2160.988,2148.413,2153.41,4302584400,-0.3404348272788571
2014-06-13,2150.987,2183.645,2150.569,2176.242,5925287600,1.0602718479063578
2014-06-16,2176.438,2196.343,2174.277,2191.855,6329687600,0.717429403531411
2014-06-17,2185.681,2185.681,2168.445,2169.674,4993366400,-1.0119738760091312
2014-06-18,2169.252,2172.549,2158.497,2160.239,4946389600,-0.434857955619139
2014-06-19,2161.426,2166.407,2119.498,2126.907,5316264400,-1.542977420553926
2014-06-20,2124.963,2137.034,2120.807,2136.729,4239372000,0.4617973423379329
2014-06-23,2137.926,2147.227,2132.454,2134.11,4117925600,-0.12257052719365502
2014-06-24,2131.686,2145.213,2130.292,2144.821,4016435600,0.5018954037045775
2014-06-25,2141.726,2141.726,2126.035,2133.371,3766610000,-0.533844083026036
2014-06-26,2135.156,2151.114,2134.891,2149.076,4435116800,0.7361588771948258
2014-06-27,2146.374,2159.526,2138.927,2150.258,5272289600,0.05500038155932252
2014-06-30,2152.306,2168.221,2152.306,2165.118,5430418800,0.6910798611143409
2014-07-01,2169.199,2171.15,2157.133,2164.559,5332310000,-0.025818454236659072
2014-07-02,2163.998,2171.51,2155.609,2170.867,5968550000,0.2914219478424851
2014-07-03,2169.003,2184.964,2164.843,2180.192,6369068800,0.42955187950250995
2014-07-04,2180.445,2183.798,2174.073,2178.695,5285110400,-0.06866367732749623
2014-07-07,2178.546,2186.202,2171.083,2176.289,5024233600,-0.11043308035314503
2014-07-08,2174.828,2180.778,2163.359,2180.473,5074360000,0.19225387804651106
2014-07-09,2178.135,2178.51,2148.26,2148.71,6202204800,-1.4567022843208766
2014-07-10,2146.601,2151.774,2139.522,2142.847,5573249600,-0.27286139125335396
2014-07-11,2136.317,2154.735,2134.795,2148.009,6137427200,0.24089447356716587
2014-07-14,2149.542,2171.902,2145.278,2171.758,6615886400,1.1056285145918832
2014-07-15,2170.089,2176.272,2165.206,2174.976,7181569600,0.14817488873071216
2014-07-16,2172.824,2183.248,2166.774,2170.868,8156023200,-0.1888756473634734
2014-07-17,2166.831,2166.932,2147.084,2157.068,5945356800,-0.6356904242911021
2014-07-18,2147.663,2176.325,2145.446,2164.144,6547329600,0.32803787363215875
2014-07-21,2164.223,2171.94,2158.955,2166.295,5417226000,0.09939264670004722
2014-07-22,2162.436,2197.592,2162.236,2192.698,7854258400,1.218809072633209
2014-07-23,2191.394,2210.282,2190.555,2197.833,8421387200,0.23418637678331855
2014-07-24,2199.833,2239.815,2199.833,2237.015,11943553600,1.782756014674436
2014-07-25,2243.067,2260.89,2239.066,2260.454,9897284000,1.047780189225378
2014-07-28,2272.383,2331.472,2272.383,2323.897,17986932800,2.806648575905535
2014-07-29,2326.038,2342.77,2316.217,2331.369,13426964800,0.3215288801526217
2014-07-30,2324.69,2339.038,2316.058,2322.011,12302283200,-0.4013950601556515
2014-07-31,2321.967,2350.551,2316.585,2350.251,11098776800,1.216187175685235
2014-08-01,2341.227,2371.5,2328.966,2329.402,12631739200,-0.8870967398801333
2014-08-04,2336.63,2375.62,2332.138,2375.62,11671375200,1.9841143778531967
2014-08-05,2376.797,2380.774,2353.795,2369.353,11186179200,-0.2638048172687424
2014-08-06,2358.206,2371.667,2334.334,2363.221,11634183200,-0.25880482984174114
2014-08-07,2363.608,2369.204,2326.268,2327.457,11672920800,-1.5133582513019328
2014-08-08,2329.184,2339.27,2319.288,2331.134,8673969600,0.1579835846591493
2014-08-11,2338.008,2367.004,2337.014,2365.349,9160116800,1.4677405932048693
2014-08-12,2361.17,2361.17,2344.716,2357.052,9182260800,-0.35077276122889023
2014-08-13,2358.459,2370.513,2335.694,2358.901,11044779200,0.07844544795785335
2014-08-14,2357.198,2363.18,2334.08,2335.945,9796949600,-0.9731650459260388
2014-08-15,2337.985,2366.902,2333.123,2360.635,9359254400,1.0569598171189742
2014-08-18,2366.272,2379.804,2361.197,2374.562,10450955200,0.5899683771527497
2014-08-19,2378.886,2379.474,2358.965,2374.768,11585001600,0.00867528411556684
2014-08-20,2371.649,2375.475,2360.837,2366.14,10128808800,-0.3633197011244982
2014-08-21,2365.731,2367.46,2333.299,2354.244,10069020800,-0.502759769075356
2014-08-22,2352.316,2368.457,2350.986,2365.364,8982393600,0.47233846619125774
2014-08-25,2367.019,2367.606,2338.455,2342.863,9737372000,-0.9512700793619988
2014-08-26,2339.6,2350.391,2317.184,2324.092,9384422400,-0.8011992165141479
2014-08-27,2323.79,2336.737,2322.885,2327.595,6767622400,0.1507255306588462
2014-08-28,2328.059,2336.363,2309.639,2311.278,7049065600,-0.7010240183537131
2014-08-29,2317.304,2338.774,2313.262,2338.287,6321142400,1.168574269300371
2014-09-01,2340.925,2355.552,2338.53,2355.317,7732087200,0.7283109387342224
2014-09-02,2359.862,2387.655,2349.949,2386.46,11443673600,1.3222423987938825
2014-09-03,2389.694,2414.26,2389.679,2408.838,12973420800,0.9377068964072421
2014-09-04,2411.934,2427.297,2404.082,2426.224,11127229600,0.7217587899227773
2014-09-05,2433.174,2450.634,2427.987,2449.259,13355176000,0.9494176959752965
2014-09-09,2452.227,2454.893,2437.078,2445.224,11819434400,-0.1647437041162214
2014-09-10,2435.593,2437.081,2422.646,2432.433,10917552000,-0.5231013600390022
2014-09-11,2430.678,2461.473,2417.269,2423.454,13298258400,-0.36913658053479015
2014-09-12,2418.752,2438.358,2412.622,2438.358,10916016800,0.6149900101260375
2014-09-15,2433.001,2439.254,2418.959,2437.189,12224716000,-0.04794209874022792
2014-09-16,2440.339,2442.924,2386.98,2388.765,18674278400,-1.986879146426479
2014-09-17,2395.361,2405.371,2379.091,2401.326,12526902400,0.5258365724548186
2014-09-18,2396.379,2414.946,2389.622,2408.664,11592637600,0.3055811664055774
2014-09-19,2409.313,2430.149,2402.313,2425.211,10181357600,0.6869783415204278
2014-09-22,2419.326,2419.326,2374.108,2378.92,10224087200,-1.9087411363382323
2014-09-23,2379.521,2402.482,2379.521,2399.462,8403334400,0.8635010845257529
2014-09-24,2391.419,2443.978,2387.07,2441.864,14271353600,1.767146135258657
2014-09-25,2453.423,2462.668,2429.587,2436.965,13866188800,-0.20062542385652637
2014-09-26,2430.808,2439.649,2420.499,2437.201,10029949600,0.009684176834712233
2014-09-29,2443.91,2453.665,2435.611,2447.799,12340172800,0.4348430843414297
2014-09-30,2452.166,2454.885,2444.204,2450.988,11580423200,0.13028030487796105
2014-10-08,2460.87,2478.383,2445.268,2478.383,12195360000,1.1177125306202962
2014-10-09,2480.197,2488.113,2461.112,2481.955,13792392000,0.14412623069155472
2014-10-10,2472.096,2482.136,2457.684,2466.789,14763430400,-0.6110505629634555
2014-10-13,2457.412,2460.389,2430.546,2454.946,13159336000,-0.4800978113653098
2014-10-14,2451.094,2467.904,2436.336,2446.562,12739370400,-0.3415146402405589
2014-10-15,2444.538,2465.498,2431.188,2463.874,13580188800,0.7076052027293667
2014-10-16,2448.968,2480.3,2441.822,2444.395,15816660800,-0.7905842587729639
2014-10-17,2443.222,2456.105,2410.401,2441.732,13275998400,-0.10894311271296697
2014-10-20,2448.453,2456.621,2441.896,2454.711,9143540000,0.5315489169163357
2014-10-21,2453.406,2459.255,2432.552,2433.391,9624191200,-0.8685340147984721
2014-10-22,2434.886,2447.467,2417.562,2418.641,8865619200,-0.606150018636542
2014-10-23,2415.44,2424.662,2392.532,2395.936,10349184000,-0.9387503147428644
2014-10-24,2397.848,2404.993,2385.725,2390.706,7497487200,-0.21828629813149814
2014-10-27,2377.542,2377.542,2361.68,2368.832,7386244800,-0.9149598486806965
2014-10-28,2373.155,2416.766,2373.155,2416.653,10152305600,2.018758611839089
2014-10-29,2423.813,2461.268,2415.703,2451.384,15858406400,1.4371529549339623
2014-10-30,2450.361,2474.376,2443.759,2468.925,18962635200,0.7155549681322926
2014-10-31,2473.501,2512.189,2466.504,2508.325,23917241600,1.5958362445193552
2014-11-03,2515.824,2524.172,2502.06,2512.548,20580123200,0.16835936332013635
2014-11-04,2511.036,2517.46,2498.605,2513.172,21824700800,0.02483534642920837
2014-11-05,2516.87,2519.399,2499.228,2503.448,19049185600,-0.3869213885878131
2014-11-06,2505.167,2510.985,2482.983,2506.067,14965112000,0.10461571400723901
2014-11-07,2508.765,2541.549,2489.419,2502.153,20876091200,-0.15618097999775538
2014-11-10,2529.83,2565.73,2514.71,2565.73,22659972800,2.5408917839956358
2014-11-11,2578.438,2602.373,2532.572,2558.612,32371164800,-0.27742591776999115
2014-11-12,2545.403,2594.318,2539.601,2594.318,18468625600,1.3955222597251904
2014-11-13,2597.389,2607.519,2567.463,2579.75,21981561600,-0.5615348619560256
2014-11-14,2569.211,2581.932,2557.666,2581.093,16504996800,0.052059308072482935
2014-11-17,2613.513,2614.086,2565.943,2567.101,15847809600,-0.5420959260282299
2014-11-18,2565.273,2570.211,2534.927,2541.416,14294136000,-1.0005449727143567
2014-11-19,2538.233,2550.5,2531.318,2537.223,12214697600,-0.1649867632847246
2014-11-20,2528.78,2545.473,2522.836,2537.099,10614986400,-0.0048872330102534
2014-11-21,2537.538,2585.362,2530.032,2583.455,15102814400,1.8271261783635362
2014-11-24,2614.16,2667.671,2602.944,2649.258,27983971200,2.547092943364593
2014-11-25,2650.085,2686.063,2643.843,2685.561,22261169600,1.3703082146019785
2014-11-26,2695.263,2723.36,2690.31,2723.018,24396248000,1.3947551368224342
2014-11-27,2737.03,2754.49,2718.704,2754.49,26546473600,1.1557764216027833
2014-11-28,2753.925,2809.543,2740.374,2808.819,37532364800,1.972379641966393
2014-12-01,2825.611,2855.332,2808.653,2819.812,36548742400,0.39137445310644114
2014-12-02,2807.338,2944.506,2804.293,2923.94,36146531200,3.692728451400318
2014-12-03,2936.124,3028.225,2912.246,2967.549,46615667200,1.491446472909841
2014-12-04,2975.403,3104.89,2968.876,3104.351,42681292800,4.609932304403408
2014-12-05,3143.968,3195.798,3011.936,3124.885,52488124800,0.6614587074721845
2014-12-08,3108.272,3270.881,3075.7,3252.881,48446233600,4.096022733636584
2014-12-09,3233.097,3387.827,3074.516,3106.913,63287456000,-4.487345217977534
2014-12-10,3120.212,3229.047,3058.191,3221.546,42501872000,3.689610877420768
2014-12-11,3185.161,3254.424,3158.443,3183.012,36709168000,-1.1961337817308682
2014-12-12,3182.923,3239.447,3167.928,3193.227,30106531200,0.3209224470407168
2014-12-15,3176.829,3226.221,3143.297,3217.228,29019382400,0.7516221051619532
2014-12-16,3221.358,3303.402,3207.688,3303.402,35812384000,2.678517033918637
2014-12-17,3325.82,3368.194,3275.736,3360.598,44814076800,1.7314271771948997
2014-12-18,3359.09,3393.711,3322.229,3345.927,35597020800,-0.43655920761721534
2014-12-19,3345.629,3397.183,3280.916,3383.167,41121158400,1.1129949936146133
2014-12-22,3396.251,3455.207,3357.661,3394.481,54980166400,0.33442038184932077
2014-12-23,3358.798,3431.779,3316.913,3324.924,36973609600,-2.049120322075748
2014-12-24,3332.146,3340.357,3188.495,3230.385,31744960000,-2.843343186190117
2014-12-25,3254.48,3335.779,3226.322,3335.419,30979955200,3.2514390699560414
2014-12-26,3343.64,3453.338,3335.012,3445.839,38461411200,3.310528602253582
2014-12-29,3502.183,3524.28,3405.836,3455.455,42501504000,0.2790612097663292
2014-12-30,3450.814,3491.826,3422.174,3457.554,32823388800,0.06074453291968762
2014-12-31,3462.389,3542.34,3452.498,3533.705,34593475200,2.2024529479510724
2015-01-05,3566.089,3669.042,3551.51,3641.541,45119811200,3.051641266036653
2015-01-06,3608.428,3683.226,3587.231,3641.059,42096217600,-0.013236154693851976
2015-01-07,3620.924,3671.19,3601.698,3643.79,32019123200,0.07500565082849686
2015-01-08,3650.073,3659.945,3552.1,3559.259,29500304000,-2.3198647562016506
2015-01-09,3547.574,3689.753,3536.395,3546.723,34998265600,-0.3522081422003831
2015-01-12,3531.515,3560.527,3461.322,3513.576,26656716800,-0.9345810202826654
2015-01-13,3506.451,3550.158,3494.768,3514.04,18715396800,0.01320591898397172
2015-01-14,3522.907,3547.242,3471.56,3502.423,19601251200,-0.33058815494416693
2015-01-15,3501.719,3604.121,3482.27,3604.121,23781233600,2.9036469895269645
2015-01-16,3616.248,3662.158,3601.258,3635.146,28268160000,0.860820155594122
2015-01-19,3414.013,3497.252,3330.981,3355.155,32950528000,-7.702331625744884
2015-01-20,3336.793,3419.204,3325.681,3396.222,29784323200,1.223997102965435
2015-01-21,3420.491,3557.794,3409.43,3548.885,33792822400,4.495083065830219
2015-01-22,3551.052,3576.756,3520.053,3567.613,26885360000,0.5277150428937505
2015-01-23,3582.088,3627.806,3548.626,3571.732,28017216000,0.11545534787547052
2015-01-26,3580.118,3611.617,3559.376,3607.985,23976620800,1.0149977657898157
2015-01-27,3614.038,3616.258,3510.017,3574.931,28766918400,-0.9161346291628125
2015-01-28,3547.239,3583.312,3512.393,3525.323,21622020800,-1.3876631465054912
2015-01-29,3474.915,3505.582,3453.901,3481.798,21161886400,-1.2346386416223432
2015-01-30,3496.885,3514.217,3431.936,3434.39,19647915200,-1.3615953596389008
2015-02-02,3360.193,3407.256,3347.085,3353.96,19518369600,-2.341900599524216
2015-02-03,3388.602,3441.709,3360.717,3437.445,19284609600,2.4891471573900814
2015-02-04,3446.144,3476.817,3399.565,3401.768,19130435200,-1.0378929699238815
2015-02-05,3487.951,3487.951,3366.862,3366.946,25043060800,-1.0236441756169223
2015-02-06,3352.33,3374.051,3285.935,3312.42,19266419200,-1.6194497921855566
2015-02-09,3305.734,3376.526,3298.597,3345.921,17235382400,1.0113753690655036
2015-02-10,3345.077,3407.18,3339.548,3406.943,15930908800,1.8237728864489045
2015-02-11,3415.977,3445.655,3412.136,3434.124,14461377600,0.7978119974416886
2015-02-12,3435.361,3453.582,3405.627,3442.874,15608169600,0.25479569171060756
2015-02-13,3458.827,3509.505,3452.079,3469.828,20108996800,0.782892432310911
2015-02-16,3473.289,3504.475,3466.607,3499.483,16564134400,0.8546533142276935
2015-02-17,3511.544,3536.82,3511.093,3522.322,16532832000,0.6526392612851595
2015-02-25,3529.55,3529.55,3463.955,3478.729,16553934400,-1.2376210919955777
2015-02-26,3473.713,3569.33,3456.871,3566.295,22932843200,2.5171837185362866
2015-02-27,3565.233,3594.813,3560.455,3572.843,22278643200,0.18360791802136678
2015-03-02,3603.452,3608.691,3566.527,3601.265,24817612800,0.7955009498038512
2015-03-03,3579.315,3579.315,3504.201,3507.9,26186649600,-2.5925612250139785
2015-03-04,3514.667,3540.912,3497.172,3530.822,19966398400,0.6534393796858495
2015-03-05,3513.249,3517.083,3467.676,3496.344,21750880000,-0.9764864952127361
2015-03-06,3501.184,3516.243,3472.392,3478.52,18151804800,-0.509789654564885
2015-03-09,3449.696,3546.705,3417.486,3537.75,23394041600,1.7027356461943643
2015-03-10,3523.64,3551.205,3511.985,3520.611,19426766400,-0.48446046215815386
2015-03-11,3524.575,3568.916,3512.218,3524.653,18894782400,0.1148096168534396
2015-03-12,3557.686,3603.341,3536.534,3592.844,26566462400,1.9346869039306824
2015-03-13,3604.671,3641.392,3594.742,3617.657,24686476800,0.6906228046639429
2015-03-16,3641.773,3705.739,3621.119,3705.671,27543830400,2.432900631541335
2015-03-17,3733.961,3762.575,3716.809,3757.122,37162566400,1.3884395025894003
2015-03-18,3769.086,3846.055,3763.848,3846.055,41519001600,2.367051163097722
2015-03-19,3851.249,3859.126,3809.706,3839.739,39154761600,-0.16422022045966544
2015-03-20,3852.492,3916.863,3832.416,3892.574,40181753600,1.3760049836720745
2015-03-23,3923.083,3972.296,3922.21,3972.061,39111993600,2.0420164138176933
2015-03-24,3980.066,3989.858,3883.782,3973.046,46858131200,0.024798209292353768
2015-03-25,3961.578,3980.716,3913.988,3940.412,37996886400,-0.8213849021632247
2015-03-26,3921.745,3991.997,3892.878,3949.999,34675632000,0.24329943163303724
2015-03-27,3957.542,3993.032,3932.87,3971.697,29875606400,0.5493165947636935
2015-03-30,3999.024,4101.651,3999.024,4088.178,42829702400,2.932776593984876
2015-03-31,4138.885,4166.018,4037.771,4051.204,43606563200,-0.9044126747905668
2015-04-01,4057.501,4139.499,4046.939,4123.895,32951286400,1.7943060877704475
2015-04-02,4149.946,4156.842,4068.649,4124.776,33907049600,0.021363298532084407
2015-04-03,4104.672,4170.558,4092.383,4170.538,32130377600,1.1094420642478564
2015-04-07,4213.894,4260.471,4197.019,4260.044,41536265600,2.146149969140687
2015-04-08,4277.45,4304.78,4204.826,4295.803,45867670400,0.8394044756345309
2015-04-09,4316.958,4332.166,4212.611,4262.138,43969990400,-0.783671876945935
2015-04-10,4249.383,4351.687,4231.196,4344.416,34819017600,1.9304396056627038
2015-04-13,4394.047,4432.024,4361.589,4421.073,43415302400,1.7644949286624412
2015-04-14,4432.126,4474.353,4385.908,4438.184,43443212800,0.3870327406944041
2015-04-15,4439.314,4475.997,4379.609,4380.513,47215414400,-1.2994278741034648
2015-04-16,4355.491,4513.765,4335.63,4513.546,42260374400,3.036927410100154
2015-04-17,4578.679,4630.27,4553.904,4596.136,55280268800,1.8298251529950127
2015-04-20,4615.034,4671.168,4492.6,4521.919,68643910400,-1.6147694498161225
2015-04-21,4520.461,4620.058,4504.558,4619.164,49031497600,2.150525031518691
2015-04-22,4637.055,4740.933,4632.589,4739.814,51621379200,2.6119444990478913
2015-04-23,4764.481,4782.044,4693.967,4740.892,49743094400,0.022743508500533416
2015-04-24,4682.626,4730.43,4618.318,4702.641,48015292800,-0.8068312882892115
2015-04-27,4753.871,4810.485,4735.31,4807.592,51307654400,2.231745948712649
2015-04-28,4811.319,4839.078,4703.567,4741.861,60863852800,-1.3672333259561076
2015-04-29,4722.903,4797.927,4695.793,4774.326,39505699200,0.6846468084998669
2015-04-30,4788.412,4818.725,4749.485,4749.886,39972745600,-0.5119047170218272
2015-05-04,4757.637,4795.915,4699.398,4787.741,37784384000,0.7969664956169353
2015-05-05,4785.192,4785.192,4572.983,4596.837,46041961600,-3.9873501929197808
2015-05-06,4626.231,4700.909,4511.761,4553.327,37607369600,-0.94652040087565
2015-05-07,4520.818,4546.338,4467.459,4470.089,29775920000,-1.8280698926301686
2015-05-08,4515.554,4559.058,4445.592,4558.404,30240796800,1.9756877323919175
2015-05-11,4582.091,4690.954,4535.149,4690.532,37383843200,2.8985583550733995
2015-05-12,4692.122,4748.004,4660.016,4747.421,37705388800,1.2128474978957637
2015-05-13,4746.713,4758.002,4678.845,4718.436,37073043200,-0.6105420184980503
2015-05-14,4717.955,4735.284,4670.168,4700.778,33772515200,-0.374234174205168
2015-05-15,4690.755,4690.755,4592.05,4617.47,32843116800,-1.7722172797779434
2015-05-18,4582.058,4623.383,4565.061,4575.14,26918048000,-0.9167357882130189
2015-05-19,4577.637,4740.005,4577.637,4731.222,31478595200,3.4115240189371177
2015-05-20,4751.572,4843.1,4745.21,4754.919,36318073600,0.5008642587475354
2015-05-21,4768.689,4841.615,4746.029,4840.976,30505452800,1.8098520710867927
2015-05-22,4895.925,4951.991,4870.598,4951.335,45584672000,2.279684923040315
2015-05-25,4949.11,5099.839,4949.11,5099.495,46573657600,2.9923242923373117
2015-05-26,5140.798,5199.295,5063.146,5198.918,48794934400,1.9496636431646674
2015-05-27,5216.17,5226.844,5126.861,5181.434,47079872000,-0.3363007456551381
2015-05-28,5174.101,5213.183,4831.329,4834.007,57182905600,-6.705228706956423
2015-05-29,4839.53,4924.303,4665.521,4840.829,42787884800,0.1411251576590722
2015-06-01,4862.756,5079.319,4835.774,5076.179,41750374400,4.861770576899138
2015-06-02,5091.272,5162.556,5047.081,5161.87,41297318400,1.688100439326501
2015-06-03,5176.597,5186.967,5059.495,5143.59,41425827200,-0.354135226187402
2015-06-04,5156.012,5194.233,4863.465,5181.416,48276726400,0.7354007609471136
2015-06-05,5254.905,5288.34,5104.178,5230.552,54596121600,0.9483121988274945
2015-06-08,5259.408,5370.609,5202.595,5353.751,63731321600,2.355372817247603
2015-06-09,5379.47,5380.426,5251.208,5317.461,57042726400,-0.6778425070572025
2015-06-10,5254.304,5374.83,5209.68,5309.112,44216566400,-0.15701102462246652
2015-06-11,5305.141,5329.295,5248.163,5306.59,39233875200,-0.047503235946044775
2015-06-12,5329.278,5351.648,5283.086,5335.115,43013139200,0.5375391729905532
2015-06-15,5354.014,5362.452,5207.308,5221.167,47574569600,-2.135811505468943
2015-06-16,5165.025,5204.303,5015.265,5064.821,41167564800,-2.9944646474629244
2015-06-17,5072.306,5158.367,4949.293,5138.831,39712419200,1.4612559851572282
2015-06-18,5107.695,5121.218,4926.429,4930.549,36439580800,-4.05310079276785
2015-06-19,4847.057,4910.45,4634.691,4637.052,35810473600,-5.952623125741175
2015-06-23,4641.425,4786.955,4455.33,4786.091,36508793600,3.2140894689125954
2015-06-24,4811.595,4883.732,4744.306,4880.126,43463872000,1.9647557892233936
2015-06-25,4906.242,4919.263,4667.224,4706.516,44613596800,-3.5574901139847737
2015-06-26,4573.872,4650.186,4278.675,4336.195,44663977600,-7.868261788550168
2015-06-29,4446.842,4451.166,4000.926,4191.549,52566249600,-3.3357817164587744
2015-06-30,4161.067,4475.767,4016.013,4472.998,52704528000,6.714677557151294
2015-07-01,4408.984,4526.127,4235.696,4253.021,43172140800,-4.917887287228828
2015-07-02,4287.734,4312.19,4000.061,4107.996,45706220800,-3.4099290833503937
2015-07-03,4017.202,4164.629,3785.902,3885.917,42930086400,-5.406017922120665
2015-07-06,4218.266,4218.266,3832.468,3998.537,64809452800,2.898157629203091
2015-07-07,3877.854,3960.636,3743.624,3928.003,67938502400,-1.763995181237532
2015-07-08,3651.06,3762.622,3612.254,3663.038,58146707200,-6.745539654628574
2015-07-09,3621.68,3930.264,3537.826,3897.626,50387062400,6.404192367100747
2015-07-10,3916.272,4179.111,3887.551,4106.556,50070179200,5.360442484732997
2015-07-13,4132.231,4278.161,4072.43,4211.812,50209219200,2.5631210191703335
2015-07-14,4178.63,4258.513,4062.5,4112.149,45442201600,-2.366273708323152
2015-07-15,4068.88,4114.243,3899.508,3966.759,42195635200,-3.535620912569082
2015-07-16,3949.639,4067.022,3856.321,3997.356,33053136000,0.7713349865721586
2015-07-17,4023.757,4190.186,4000.231,4151.496,33110713600,3.856048848288718
2015-07-20,4157.06,4221.693,4106.389,4160.612,35267347200,0.21958349472093186
2015-07-21,4109.761,4201.482,4081.704,4166.006,31837494400,0.12964438885434415
2015-07-22,4148.56,4187.431,4094.712,4157.16,31894598400,-0.212337668260687
2015-07-23,4158.932,4262.062,4148.824,4250.805,35447174400,2.252619576826498
2015-07-24,4255.198,4299.65,4154.617,4176.279,39204537600,-1.7532208605193556
2015-07-27,4097.796,4156.313,3817.169,3818.731,36505449600,-8.561401189910923
2015-07-28,3690.974,3883.446,3627.421,3811.093,38352723200,-0.20001408844980695
2015-07-29,3839.959,3934.003,3769.189,3930.379,27697283200,3.1299682269627205
2015-07-30,3915.78,3968.534,3802.882,3815.412,27154867200,-2.925086868212967
2015-07-31,3777.155,3863.624,3757.989,3816.699,22237676800,0.03373161273279024
2015-08-03,3766.072,3829.235,3742.578,3829.235,24580502400,0.3284513659578714
2015-08-04,3827.373,3948.449,3801.028,3948.155,22023656000,3.10558114088062
2015-08-05,3937.623,3962.277,3858.66,3866.9,20048427200,-2.058049899256742
2015-08-06,3802.928,3888.693,3793.237,3831.852,14727868800,-0.9063590990198933
2015-08-07,3866.43,3926.649,3857.908,3906.945,18334915200,1.9597051243106511
2015-08-10,3947.472,4101.731,3932.842,4084.365,30678054400,4.541144039652445
2015-08-11,4083.589,4110.133,4042.004,4066.669,32203417600,-0.4332619636100099
2015-08-12,4025.674,4078.03,4015.355,4016.126,25514619200,-1.2428599426213327
2015-08-13,4010.013,4075.7,3967.821,4075.463,24283697600,1.4774685853979674
2015-08-14,4097.918,4113.159,4056.727,4073.54,25339299200,-0.047184822926871206
2015-08-17,4058.113,4081.772,4009.99,4077.872,25693963200,0.10634484993397031
2015-08-18,4084.311,4103.054,3816.554,3825.412,31988105600,-6.190974115911441
2015-08-19,3748.266,3898.74,3668.192,3886.136,26904982400,1.5873845745242754
2015-08-20,3848.403,3880.824,3761.454,3761.454,21216796800,-3.2083797376108225
2015-08-21,3714.289,3757.779,3578.175,3589.536,21798640000,-4.570519804309714
2015-08-24,3454.598,3468.149,3266.55,3275.534,25543665600,-8.747704438679538
2015-08-25,3070.007,3200.108,3019.556,3042.927,27608131200,-7.1013459179480325
2015-08-26,3062.566,3192.932,2952.008,3025.692,30827062400,-0.5663954475411348
2015-08-27,3092.812,3206.724,3028.398,3205.638,26729492800,5.9472676002712666
2015-08-28,3246.236,3353.244,3223.622,3342.286,29949843200,4.262739585692454
2015-08-31,3307.396,3368.279,3205.537,3366.536,28025040000,0.7255513142801151
2015-09-01,3296.529,3370.504,3190.578,3362.083,35245852800,-0.13227246047569086
2015-09-02,3220.851,3387.02,3213.637,3365.832,34778940800,0.11150825247323581
2015-09-07,3347.293,3422.225,3240.243,3250.485,20422443200,-3.426998138944537
2015-09-08,3221.789,3340.219,3170.807,3334.023,15459963200,2.570016474464576
2015-09-09,3344.824,3426.651,3330.29,3399.305,22046742400,1.9580548784456475
2015-09-10,3349.281,3398.316,3337.311,3357.561,14488297600,-1.228015726744136
2015-09-11,3349.877,3383.134,3315.478,3347.188,10854750400,-0.3089444987001033
2015-09-14,3367.642,3373.921,3187.566,3281.132,20545724800,-1.9734774383751374
2015-09-15,3208.744,3240.079,3131.98,3152.232,14355564800,-3.9285222295232236
2015-09-16,3149.158,3345.918,3131.37,3309.248,15971000000,4.9811054516291975
2015-09-17,3287.657,3354.905,3236.999,3236.999,16940188800,-2.1832452569284677
2015-09-18,3254.443,3280.877,3227.834,3251.273,10690348000,0.44096399164783584
2015-09-21,3222.603,3312.55,3211.934,3308.247,12278867200,1.7523597680047187
2015-09-22,3312.366,3371.414,3303.184,3339.03,14622198400,0.930492795731408
2015-09-23,3290.071,3315.935,3253.333,3263.028,12317144000,-2.2761700254265604
2015-09-24,3278.896,3300.857,3255.902,3284.999,10201124000,0.6733316416530855
2015-09-25,3272.665,3290.858,3201.914,3231.951,12141928000,-1.614855894933298
2015-09-28,3226.607,3246.554,3186.507,3242.752,7421947200,0.33419442312090375
2015-09-29,3197.221,3208.417,3159.042,3178.854,8715063200,-1.970486796400095
2015-09-30,3195.901,3223.908,3186.767,3202.948,7855935200,0.7579461025891687
2015-10-08,3324.981,3337.331,3294.605,3296.482,13208176800,2.920247222246508
2015-10-09,3302.36,3352.379,3293.965,3340.116,12435249600,1.323653519115231
2015-10-12,3351.139,3486.631,3347.251,3447.693,22140046400,3.2207564048673865
2015-10-13,3422.477,3452.045,3413.967,3445.043,14543379200,-0.07686299215156067
2015-10-14,3431.135,3458.702,3403.231,3406.112,15217393600,-1.1300584637114808
2015-10-15,3403.389,3486.815,3402.316,3486.815,17115830400,2.3693583769412108
2015-10-16,3508.518,3537.539,3487.104,3534.065,20896470400,1.3551048736454296
2015-10-19,3548.953,3572.995,3502.505,3534.182,20760675200,0.0033106352033573927
2015-10-20,3527.875,3577.798,3510.437,3577.703,17902510400,1.231430639395481
2015-10-21,3580.838,3601.243,3417.412,3473.254,28207606400,-2.9194430057497778
2015-10-22,3453.201,3530.766,3442.307,3524.534,18430558400,1.4764252772760056
2015-10-23,3536.843,3581.836,3515.822,3571.241,19829448000,1.325196465688805
2015-10-26,3614.702,3620.756,3561.192,3589.261,20424886400,0.5045865008830308
2015-10-27,3569.449,3601.053,3486.102,3592.879,19205614400,0.10080069407045755
2015-10-28,3575.805,3598.172,3517.21,3524.92,17097710400,-1.8914914752208412
2015-10-29,3539.978,3561.814,3507.966,3533.307,12701044800,0.23793447794560052
2015-10-30,3530.223,3574.473,3497.568,3534.079,13914192000,0.02184921944230478
2015-11-02,3489.225,3543.45,3474.712,3475.962,13000256800,-1.644473708708838
2015-11-03,3484.722,3501.704,3452.62,3465.493,10140187200,-0.3011828092482016
2015-11-04,3477.159,3628.538,3477.159,3628.538,20542387200,4.7048140048183695
2015-11-05,3630.782,3781.409,3627.301,3705.97,39804656000,2.133972415336416
2015-11-06,3698.342,3801.705,3694.657,3793.374,29875308800,2.3584648553550025
2015-11-09,3796.379,3891.773,3796.379,3840.355,35680483200,1.2385016610542587
2015-11-10,3806.669,3876.49,3798.821,3833.238,28651961600,-0.18532140908849026
2015-11-11,3828.448,3843.112,3781.41,3833.646,23223430400,0.01064374296613213
2015-11-12,3841.738,3843.9,3771.274,3795.324,21753764800,-0.9996228133740126
2015-11-13,3756.204,3793.713,3727.585,3746.242,20348988800,-1.2932229237872628
2015-11-16,3682.735,3764.409,3680.073,3764.126,16169089600,0.47738507015830933
2015-11-17,3790.426,3852.774,3750.157,3758.387,24853307200,-0.1524656719780415
2015-11-18,3760.456,3771.847,3706.31,3715.58,18568948800,-1.138972649703185
2015-11-19,3725.622,3775.232,3714.675,3774.969,15463198400,1.5983776422523466
2015-11-20,3778.884,3793.545,3757.026,3774.383,18695169600,-0.015523306284115357
2015-11-23,3774.436,3802.851,3743.405,3753.335,17562681600,-0.5576540589547929
2015-11-24,3745.761,3754.169,3702.737,3753.889,14338328000,0.014760206589614633
2015-11-25,3747.759,3781.857,3735.716,3781.607,15194494400,0.7383809164309252
2015-11-26,3795.245,3805.844,3756.823,3759.429,17352547200,-0.5864702492881957
2015-11-27,3739.096,3742.742,3534.39,3556.992,20893936000,-5.384780507890952
2015-11-30,3554.89,3587.97,3455.068,3566.412,17320116800,0.26483050847456724
2015-12-01,3562.319,3617.305,3536.116,3591.696,13653656000,0.7089478164609142
2015-12-02,3587.758,3725.854,3573.403,3721.955,21353886400,3.6266710768394717
2015-12-03,3709.547,3758.446,3693.137,3749.299,19776212800,0.7346676679325759
2015-12-04,3719.734,3726.124,3667.291,3677.592,15119952000,-1.9125441849263014
2015-12-07,3681.582,3699.337,3658.578,3687.607,11388315200,0.2723249343592249
2015-12-08,3668.839,3668.839,3619.445,3623.02,12578108000,-1.751461042350766
2015-12-09,3613.42,3655.159,3611.49,3635.938,11332542200,0.35655337260076525
2015-12-10,3634.366,3678.318,3615.991,3623.084,12021562400,-0.35352638026281413
2015-12-11,3605.372,3630.744,3578.146,3608.059,11032248000,-0.4147019500513771
2015-12-14,3573.884,3712.503,3570.998,3711.322,15176912000,2.862009739862903
2015-12-15,3707.73,3717.357,3679.23,3694.389,12648171200,-0.45625251594983984
2015-12-16,3703.95,3713.09,3677.45,3685.44,11134272000,-0.24223220673297297
2015-12-17,3712.783,3768.844,3709.851,3755.888,17792408000,1.9115220977685032
2015-12-18,3754.96,3810.218,3750.925,3767.913,17346598400,0.32016396655065726
2015-12-21,3762.097,3877.82,3759.989,3865.965,21743528000,2.6022893840701666
2015-12-22,3872.098,3880.468,3841.593,3876.733,18030366100,0.27853330281055744
2015-12-23,3877.872,3926.686,3862.965,3866.381,20701715200,-0.2670289648526336
2015-12-24,3858.135,3867.679,3787.084,3829.402,14718139200,-0.9564241082293701
2015-12-25,3832.085,3848.025,3813.204,3838.201,11962401300,0.22977477945642644
2015-12-28,3847.532,3853.389,3727.632,3727.632,15398844000,-2.8807506433352503
2015-12-29,3723.05,3762.052,3710.48,3761.875,10188555500,0.9186260875537089
2015-12-30,3762.914,3765.657,3726.278,3765.175,10562995500,0.08772221299220284
2015-12-31,3760.904,3772.617,3727.325,3731.005,10187355600,-0.9075275385606263
2016-01-04,3725.856,3726.245,3468.949,3469.066,11537067400,-7.020601687749018
2016-01-05,3382.177,3518.217,3377.28,3478.78,16211698400,0.2800177338799559
2016-01-06,3482.406,3543.739,3468.467,3539.808,14596614400,1.7542931717441146
2016-01-07,3481.15,3481.15,3284.737,3294.384,4410264100,-6.933257397011361
2016-01-08,3371.871,3418.851,3237.931,3361.563,18595945100,2.0391976163070202
2016-01-11,3303.125,3342.481,3192.45,3192.45,17463838700,-5.030784786719755
2016-01-12,3214.823,3242.253,3174.55,3215.71,12822579600,0.7285940265313595
2016-01-13,3240.484,3257.295,3155.879,3155.879,12066649400,-1.860584443248925
2016-01-14,3076.645,3226.658,3072.039,3221.571,13453767100,2.0815753709188423
2016-01-15,3200.888,3216.798,3101.052,3118.73,12460177900,-3.1922624086198947
2016-01-18,3068.235,3165.616,3066.727,3130.729,10112838600,0.38473994222005814
2016-01-19,3132.705,3227.908,3119.216,3223.125,12765389300,2.9512615112965657
2016-01-20,3204.218,3225.95,3154.426,3174.378,13065050400,-1.5124141942990055
2016-01-21,3136.384,3202.538,3081.345,3081.345,11118973300,-2.9307473779115245
2016-01-22,3114.895,3132.171,3053.958,3113.463,8995108700,1.0423370313937808
2016-01-25,3129.028,3149.332,3105.1,3128.886,8154006100,0.4953648076113204
2016-01-26,3099.596,3106.53,2934.647,2940.509,12693392100,-6.020577291726193
2016-01-27,2953.183,2963.544,2839.29,2930.352,13222936600,-0.34541638879528325
2016-01-28,2909.334,2941.887,2841.844,2853.756,9922275600,-2.613883929302696
2016-01-29,2855.598,2965.309,2854.371,2946.09,11330425900,3.235525391799454
2016-02-01,2939.04,2944.517,2869.561,2901.048,8679534200,-1.528873863323943
2016-02-02,2901.528,2972.426,2901.512,2961.334,8860196300,2.078076612313895
2016-02-03,2931.288,2954.71,2909.898,2948.639,7738900000,-0.42869193410806083
2016-02-04,2960.334,2999.206,2960.207,2984.76,9177972400,1.2250058416781506
2016-02-05,2982.056,2988.36,2962.847,2963.789,7685080800,-0.7026025543092285
2016-02-15,2888.428,2961.493,2886.018,2946.707,7291943400,-0.5763568189233514
2016-02-16,2962.187,3042.089,2962.187,3037.035,11257964300,3.0653879058895273
2016-02-17,3034.09,3065.785,3027.046,3063.32,12829160700,0.8654822878235047
2016-02-18,3079.527,3093.513,3049.841,3053.699,12440146400,-0.31407100792604226
2016-02-19,3047.942,3065.968,3032.634,3051.585,8733801200,-0.06922751718489994
2016-02-22,3083.933,3128.207,3071.329,3118.868,14094696800,2.2048541987196746
2016-02-23,3117.203,3119.221,3061.429,3089.363,11256739100,-0.9460163110461939
2016-02-24,3077.606,3109.545,3055.251,3109.545,11178265000,0.6532738302362118
2016-02-25,3104.41,3104.436,2905.457,2918.75,15782975200,-6.135785138983363
2016-02-26,2942.095,2964.385,2902.948,2948.031,10694972900,1.0032034261241884
2016-02-29,2939.58,2939.875,2821.215,2877.467,12934102000,-2.3935976249910507
2016-03-01,2881.335,2950.436,2863.323,2930.694,11604591800,1.8497866352594095
2016-03-02,2933.921,3054.724,2933.116,3051.333,17597234700,4.116397003576622
2016-03-03,3050.389,3078.444,3040.246,3058.422,17310574400,0.23232469219189866
2016-03-04,3047.537,3101.656,3032.424,3093.89,21917253400,1.1596829999261038
2016-03-07,3108.999,3130.903,3083.584,3104.84,13246203700,0.3539233780128104
2016-03-08,3100.149,3109.25,3001.829,3107.673,13623574200,0.09124463740481925
2016-03-09,3045.924,3072.916,3020.134,3071.907,11146624500,-1.1508932889657153
2016-03-10,3056.21,3074.16,3012.691,3013.146,7607219700,-1.9128508773214814
2016-03-11,2990.214,3026.437,2982.172,3018.284,7333356400,0.1705194504348695
2016-03-14,3039.569,3106.8,3034.0,3065.69,11710865500,1.5706275486335963
2016-03-15,3061.343,3077.085,3028.578,3074.78,9831194100,0.29650747466312133
2016-03-16,3068.866,3100.352,3064.521,3090.033,12473644800,0.496068011369899
2016-03-17,3096.808,3147.841,3077.572,3124.204,12166177700,1.105845795174365
2016-03-18,3136.223,3197.668,3130.102,3171.963,19730256400,1.5286773847034363
2016-03-21,3203.293,3267.775,3198.361,3249.437,23326946400,2.4424622859724243
2016-03-22,3231.615,3249.677,3218.728,3225.79,16102089700,-0.7277260645459527
2016-03-23,3217.729,3242.247,3202.976,3236.092,12567928600,0.31936362875450985
2016-03-24,3211.496,3221.906,3181.813,3181.851,13313112200,-1.6761266366963623
2016-03-25,3176.81,3204.442,3174.318,3197.817,9739533000,0.5017833958912643
2016-03-28,3206.953,3229.624,3161.878,3169.728,10344193300,-0.8783804701769982
2016-03-29,3171.314,3178.075,3122.761,3135.41,9729474700,-1.0826796494841306
2016-03-30,3161.289,3216.676,3161.289,3216.275,11780251200,2.5790885402547037
2016-03-31,3229.2,3241.927,3208.665,3218.088,12155207400,0.05636955795136345
2016-04-01,3213.674,3222.612,3165.856,3221.895,11812213900,0.11830005891697581
2016-04-05,3211.305,3271.93,3205.207,3264.486,14604777200,1.3219238988235071
2016-04-06,3250.522,3267.64,3236.196,3257.528,12019630500,-0.21314228334874397
2016-04-07,3266.288,3270.82,3208.644,3209.29,11240946700,-1.480816128057838
2016-04-08,3189.846,3197.774,3163.305,3185.726,10100562500,-0.7342433996304409
2016-04-11,3213.507,3251.572,3213.507,3230.096,12521270900,1.392775147642955
2016-04-12,3227.367,3232.264,3198.903,3218.45,9286943700,-0.3605465596069002
2016-04-13,3237.858,3296.523,3237.858,3261.383,19561386600,1.3339651074274927
2016-04-14,3277.098,3286.072,3252.05,3275.832,11315732700,0.4430329096582586
2016-04-15,3279.857,3282.985,3261.73,3272.205,9980752900,-0.11071996366114334
2016-04-18,3252.671,3252.671,3221.662,3228.453,9709006900,-1.337080042356753
2016-04-19,3243.971,3250.725,3221.577,3238.303,8087144000,0.3050996870637368
2016-04-20,3244.142,3248.422,3107.369,3181.026,16220785800,-1.768735044250025
2016-04-21,3160.796,3198.557,3150.94,3160.603,10475265100,-0.642025560306636
2016-04-22,3142.561,3175.38,3137.993,3174.901,7707849200,0.4523820296316705
2016-04-25,3164.738,3172.269,3137.113,3162.033,6751935100,-0.4053039764074562
2016-04-26,3159.771,3181.095,3150.404,3179.161,5902073400,0.541676826269688
2016-04-27,3181.931,3188.826,3162.691,3165.916,6000414700,-0.4166193533451046
2016-04-28,3169.333,3174.766,3135.643,3160.581,6987066000,-0.16851363081016313
2016-04-29,3153.537,3171.289,3149.397,3156.745,5802977600,-0.12137008986640163
2016-05-03,3159.823,3218.485,3151.405,3213.54,9816483500,1.7991633787334704
2016-05-04,3203.465,3222.882,3198.292,3209.461,9086240800,-0.1269316703697565
2016-05-05,3204.169,3217.282,3196.566,3213.92,7473368100,0.1389329859437627
2016-05-06,3213.136,3216.893,3130.147,3130.354,10868024000,-2.6001269477771816
2016-05-09,3115.43,3115.43,3055.006,3065.615,9923047700,-2.068104757481104
2016-05-10,3055.212,3084.725,3055.183,3069.112,6884993500,0.11407172785886655
2016-05-11,3080.636,3102.877,3063.088,3082.809,8179425800,0.4462854402185412
2016-05-12,3059.383,3095.349,3035.023,3090.137,7876572600,0.2377052876126884
2016-05-13,3081.68,3103.096,3064.691,3074.935,6262975500,-0.49195229855505396
2016-05-16,3064.526,3095.555,3053.662,3095.309,5946185600,0.6625831115129266
2016-05-17,3095.523,3105.201,3073.459,3086.025,6527812500,-0.29993774450305377
2016-05-18,3071.529,3072.612,3039.462,3068.036,8271536900,-0.5829181552320595
2016-05-19,3060.343,3086.977,3058.145,3062.5,6044416600,-0.1804411682261864
2016-05-20,3047.778,3078.532,3041.517,3078.218,5608084200,0.5132408163265323
2016-05-23,3078.515,3098.478,3076.504,3087.223,5969721600,0.2925393847999169
2016-05-24,3083.244,3083.257,3052.591,3063.556,5873438500,-0.7666112878791043
2016-05-25,3079.749,3089.102,3054.87,3059.226,5665280300,-0.14133901910067248
2016-05-26,3056.6,3072.524,3027.444,3064.211,6039298100,0.16294971342423192
2016-05-27,3059.732,3073.756,3052.179,3062.499,6046875000,-0.055870826127835116
2016-05-30,3056.314,3075.261,3037.665,3066.71,6309857900,0.1375020857149689
2016-05-31,3068.596,3170.926,3068.596,3169.56,13886311100,3.353756957782106
2016-06-01,3172.962,3181.793,3159.818,3160.547,11314848200,-0.2843612362599224
2016-06-02,3158.026,3168.824,3151.065,3167.1,8600342700,0.20733752733308464
2016-06-03,3172.946,3201.749,3162.088,3189.326,10149178300,0.701777651479274
2016-06-06,3192.779,3197.22,3168.554,3178.788,7669375100,-0.3304146393313223
2016-06-07,3182.437,3186.617,3168.179,3177.054,6892831400,-0.054549092295552715
2016-06-08,3171.813,3174.972,3148.352,3163.986,7629177500,-0.4113244534087346
2016-06-13,3134.045,3145.606,3065.767,3066.341,9297594700,-3.086138813509287
2016-06-14,3058.443,3078.749,3055.655,3075.983,6627945700,0.31444643632265734
2016-06-15,3043.958,3128.673,3042.233,3116.368,8739325700,1.3129136279361742
2016-06-16,3104.362,3112.476,3089.478,3094.675,8297470300,-0.6960987919270023
2016-06-17,3096.09,3131.049,3096.09,3110.357,8540298500,0.50674141872733
2016-06-20,3114.906,3118.725,3089.713,3112.674,6358714100,0.07449305658482341
2016-06-21,3124.898,3155.493,3097.94,3106.318,8796534500,-0.20419741996752228
2016-06-22,3100.45,3134.061,3096.992,3133.961,6648711300,0.8898960119343657
2016-06-23,3129.721,3129.721,3102.481,3117.317,6775173800,-0.5310851028458852
2016-06-24,3110.647,3130.539,3033.965,3077.155,10479220800,-1.2883514894378667
2016-06-27,3065.128,3120.641,3064.966,3120.544,8326725900,1.4100362185200277
2016-06-28,3107.398,3139.43,3099.701,3136.401,9202463700,0.5081485792220786
2016-06-29,3142.484,3158.076,3139.133,3151.39,10372366800,0.47790445163102824
2016-06-30,3152.833,3163.721,3148.199,3153.921,7969261700,0.08031376630630582
2016-07-01,3156.932,3170.258,3148.295,3154.2,7174628300,0.008846131529605117
2016-07-04,3136.385,3210.602,3134.023,3204.696,13331052900,1.6009130682899109
2016-07-05,3199.157,3216.703,3197.996,3207.383,13022689500,0.08384570642581135
2016-07-06,3197.625,3217.516,3183.451,3216.804,12489745800,0.29372856313076845
2016-07-07,3206.551,3220.54,3190.124,3209.954,11859520200,-0.2129442763687206
2016-07-08,3199.754,3204.928,3183.959,3192.28,8973485500,-0.5505997905265958
2016-07-11,3199.038,3235.962,3197.626,3203.33,13852951100,0.3461475810392578
2016-07-12,3201.906,3273.474,3200.303,3273.182,17253421700,2.1806058070819923
2016-07-13,3274.02,3300.991,3271.775,3282.868,17519609000,0.29591999467184493
2016-07-14,3277.482,3281.95,3259.065,3276.764,10752579800,-0.18593498124200858
2016-07-15,3278.836,3285.026,3265.291,3276.278,10266502600,-0.014831705914752913
2016-07-18,3269.708,3281.638,3251.766,3262.022,11031251800,-0.43512791039099774
2016-07-19,3260.435,3264.73,3226.199,3248.234,8888686100,-0.42268261832691945
2016-07-20,3246.863,3254.508,3232.257,3237.605,7270125500,-0.3272239623130613
2016-07-21,3238.337,3271.374,3238.303,3252.523,8600482500,0.46077270080815413
2016-07-22,3251.242,3253.769,3220.894,3225.162,8602912800,-0.841223874512198
2016-07-25,3220.166,3243.79,3218.142,3230.885,7020318500,0.17744845065148507
2016-07-26,3228.234,3269.746,3228.008,3269.588,8105108900,1.1979070749964738
2016-07-27,3270.084,3276.511,3157.409,3218.243,16018866500,-1.5703813446831916
2016-07-28,3204.465,3235.782,3195.27,3221.137,11277996400,0.08992484408418822
2016-07-29,3217.192,3225.418,3198.684,3203.93,8804483700,-0.5341902564218848
2016-08-01,3196.425,3199.975,3156.749,3176.809,8700349700,-0.8464916524393407
2016-08-02,3173.758,3189.053,3165.542,3189.053,6216763900,0.38541819794641885
2016-08-03,3179.684,3197.157,3173.536,3193.507,7286410200,0.1396652862150738
2016-08-04,3190.546,3201.554,3170.419,3201.289,7350437300,0.24368194589834413
2016-08-05,3201.354,3224.873,3192.861,3205.11,7719636600,0.11935817103672086
2016-08-08,3199.572,3234.48,3187.252,3234.183,8667605100,0.9070827522300373
2016-08-09,3232.603,3257.334,3229.174,3256.981,9106525900,0.7049075454295561
2016-08-10,3255.182,3261.861,3242.751,3243.341,9043037200,-0.41879274088489904
2016-08-11,3239.558,3274.026,3232.613,3233.36,10104121300,-0.3077382242570148
2016-08-12,3231.807,3294.234,3231.137,3294.234,11625404400,1.8826855036247148
2016-08-15,3303.469,3417.915,3302.378,3393.424,22054342100,3.0110186465199584
2016-08-16,3403.384,3418.688,3372.021,3378.245,19638974000,-0.4473063195168048
2016-08-17,3377.771,3394.389,3356.924,3373.048,13884768800,-0.15383727349556064
2016-08-18,3369.947,3394.791,3349.688,3364.485,14238016900,-0.25386534671311134
2016-08-19,3358.555,3374.045,3341.192,3365.02,11996150800,0.01590139352678488
2016-08-22,3364.681,3372.833,3335.47,3336.795,10795100800,-0.838776589737944
2016-08-23,3332.621,3359.648,3324.96,3341.83,9292451600,0.15089329731072798
2016-08-24,3341.93,3348.129,3323.725,3329.863,8119142900,-0.35809721021117236
2016-08-25,3314.085,3315.081,3279.806,3308.972,10058915300,-0.6273831686168352
2016-08-26,3312.499,3328.945,3301.736,3307.09,8153069100,-0.05687567014770467
2016-08-29,3306.575,3315.079,3297.07,3307.781,7703633300,0.020894502417534433
2016-08-30,3310.319,3325.122,3304.597,3311.987,7572598700,0.12715473001387867
2016-08-31,3310.565,3333.973,3304.655,3327.794,7957080500,0.4772663660817411
2016-09-01,3326.739,3329.346,3301.213,3301.577,8494721900,-0.7878191979431293
2016-09-02,3298.722,3320.425,3295.755,3314.114,8279180300,0.37972762713089914
2016-09-05,3321.005,3338.42,3314.629,3319.68,7829247700,0.1679483566346729
2016-09-06,3322.018,3347.951,3300.126,3342.626,9828399800,0.6912112010796223
2016-09-07,3344.066,3357.357,3337.751,3340.817,10294010600,-0.05411912669859298
2016-09-08,3338.008,3343.395,3328.226,3339.564,7191615800,-0.037505795737990955
2016-09-09,3339.373,3344.951,3318.044,3318.044,8265703600,-0.6443954959389875
2016-09-12,3271.87,3276.716,3234.573,3262.604,12291768200,-1.6708639186219343
2016-09-13,3265.337,3269.222,3246.386,3260.333,6718028800,-0.06960697651322567
2016-09-14,3245.737,3254.995,3231.336,3238.73,7043269700,-0.6626010287906214
2016-09-19,3242.743,3264.9,3242.743,3263.124,5883108200,0.7531964689862836
2016-09-20,3264.665,3265.035,3252.389,3257.403,5278420600,-0.17532278883670704
2016-09-21,3257.71,3270.902,3254.321,3266.636,5914297900,0.2834466598084395
2016-09-22,3281.472,3303.199,3277.979,3291.121,7575354200,0.7495478528982247
2016-09-23,3292.279,3293.916,3275.025,3275.667,5799398600,-0.4695664486355944
2016-09-26,3267.691,3267.691,3220.284,3220.284,7045218600,-1.6907396264638552
2016-09-27,3214.87,3240.776,3214.441,3240.755,5846055000,0.6356892746105514
2016-09-28,3243.647,3243.647,3227.996,3230.89,4472749800,-0.3044043749064751
2016-09-29,3234.857,3257.767,3234.803,3244.387,5545255600,0.4177486698711652
2016-09-30,3240.178,3260.941,3239.036,3253.285,4497802200,0.2742582805318694
2016-10-10,3265.364,3294.641,3258.958,3293.869,8051926000,1.2474775496152501
2016-10-11,3296.867,3308.004,3292.878,3306.557,8771316300,0.385200504330907
2016-10-12,3299.139,3302.561,3289.753,3300.01,6866978100,-0.19800051836394994
2016-10-13,3299.156,3307.409,3292.397,3302.646,8122419800,0.07987854582258702
2016-10-14,3298.734,3306.686,3285.729,3305.848,8231627100,0.0969525647011471
2016-10-17,3305.964,3309.01,3271.541,3277.879,8611350900,-0.846046158202074
2016-10-18,3272.682,3321.332,3272.682,3321.332,10286071400,1.3256438080844424
2016-10-19,3323.304,3332.52,3309.831,3316.241,10116772500,-0.15328187606659105
2016-10-20,3317.179,3324.903,3312.174,3318.604,7923887100,0.07125537619250277
2016-10-21,3315.716,3341.56,3309.179,3327.74,10978517600,0.27529648008619567
2016-10-24,3332.513,3382.826,3330.967,3367.578,15301434500,1.1971488157127785
2016-10-25,3367.475,3373.914,3356.585,3367.455,11119169300,-0.003652476646420766
2016-10-26,3365.198,3367.831,3349.574,3354.8,9802478600,-0.37580309165229364
2016-10-27,3351.46,3352.355,3335.133,3345.695,7762985100,-0.27140217002503686
2016-10-28,3347.144,3370.749,3337.289,3340.126,9313330900,-0.16645271012449836
2016-10-31,3332.406,3340.47,3317.328,3336.278,7135286300,-0.11520523477259736
2016-11-01,3338.71,3359.394,3334.457,3359.052,7493819900,0.682616976163275
2016-11-02,3350.71,3356.397,3331.384,3333.352,9119710400,-0.7650968189834573
2016-11-03,3326.905,3379.989,3324.838,3365.085,12622350400,0.9519846688858635
2016-11-04,3362.206,3377.639,3348.426,3354.175,10406965500,-0.3242117212492346
2016-11-07,3353.444,3362.742,3342.312,3356.592,9987798800,0.07205944829951072
2016-11-08,3367.697,3383.917,3361.129,3371.118,10314828200,0.43276037123367583
2016-11-09,3370.6,3373.096,3322.08,3353.055,13911005900,-0.5358163078242884
2016-11-10,3374.906,3403.016,3374.906,3390.612,13470553500,1.1200830287603436
2016-11-11,3387.948,3422.672,3382.893,3417.221,19878149600,0.7847845757638972
2016-11-14,3409.224,3452.616,3408.139,3430.248,21324710500,0.38121619877673485
2016-11-15,3428.866,3434.922,3415.995,3429.87,13456632000,-0.011019611410023611
2016-11-16,3432.434,3435.637,3419.244,3429.592,12980851100,-0.008105263464786017
2016-11-17,3423.465,3437.669,3412.877,3436.535,12156173100,0.20244390586401373
2016-11-18,3437.49,3443.119,3413.27,3417.455,11595120500,-0.5552104081582132
2016-11-21,3412.652,3463.142,3412.08,3441.111,14643452900,0.6922110166776241
2016-11-22,3443.22,3469.219,3443.22,3468.364,16852344600,0.7919825893439647
2016-11-23,3473.895,3492.956,3465.764,3474.729,16238850400,0.18351591701446512
2016-11-24,3468.807,3508.165,3467.011,3488.74,14574630100,0.40322569040636136
2016-11-25,3490.04,3521.303,3463.948,3521.298,15362150600,0.9332309085801738
2016-11-28,3538.675,3553.36,3528.32,3535.081,20737548300,0.39141816455183776
2016-11-29,3525.901,3583.719,3521.379,3564.04,23691835600,0.8191891501213133
2016-11-30,3557.636,3567.069,3527.023,3538.001,17856017800,-0.7306034724638311
2016-12-01,3543.956,3575.97,3543.245,3565.036,18017076100,0.7641320621446956
2016-12-02,3559.771,3562.55,3516.788,3528.955,19635548000,-1.0120795414127692
2016-12-05,3473.688,3496.884,3457.343,3469.407,18085235500,-1.6874117125324606
2016-12-06,3466.242,3477.59,3456.807,3459.153,11552909000,-0.2955548311282086
2016-12-07,3458.369,3475.747,3445.756,3475.747,11434510300,0.479712808308852
2016-12-08,3481.807,3484.34,3466.512,3470.143,11738392200,-0.16123152807151486
2016-12-09,3464.873,3507.928,3461.761,3493.7,15030330800,0.6788481051068995
2016-12-12,3489.268,3495.802,3400.793,3409.179,18746775100,-2.4192403469101453
2016-12-13,3394.207,3416.215,3370.596,3405.036,12110509700,-0.12152485979762817
2016-12-14,3399.411,3412.28,3378.266,3378.945,12400774400,-0.7662474053137691
2016-12-15,3363.86,3378.037,3327.143,3340.434,11496066000,-1.1397344437390933
2016-12-16,3335.363,3356.292,3330.493,3346.031,9077542200,0.16755307843232536
2016-12-19,3342.345,3344.858,3324.999,3328.983,8164067800,-0.5094991648314062
2016-12-20,3328.299,3329.102,3289.268,3309.064,8756959200,-0.5983509077697402
2016-12-21,3313.745,3342.476,3313.745,3338.536,10825499500,0.8906446052418415
2016-12-22,3335.122,3340.363,3322.72,3335.672,9227724900,-0.08578610504724749
2016-12-23,3333.401,3334.894,3300.884,3307.599,9744471300,-0.8415995337671012
2016-12-26,3293.224,3322.421,3267.048,3322.401,8979398200,0.4475149496659059
2016-12-27,3319.206,3330.232,3315.832,3316.385,7548635900,-0.1810738679647539
2016-12-28,3315.753,3320.547,3293.174,3301.889,6900043700,-0.4371024473937779
2016-12-29,3297.036,3312.113,3288.096,3297.765,7008792300,-0.1248982022109213
2016-12-30,3302.599,3313.55,3295.751,3310.081,7174411600,0.3734650589111155
2017-01-03,3313.953,3345.263,3313.953,3342.227,8656789600,0.9711544823223228
2017-01-04,3340.558,3369.566,3338.153,3368.312,9005082700,0.7804676343049044
2017-01-05,3368.34,3373.412,3361.462,3367.789,8833635700,-0.015527065188725153
2017-01-06,3366.852,3368.871,3346.891,3347.667,8745911400,-0.5974839872688098
2017-01-09,3345.748,3366.222,3344.347,3363.901,8370794200,0.48493473215824867
2017-01-10,3361.639,3370.505,3354.088,3358.272,8381916000,-0.1673354834164198
2017-01-11,3355.801,3366.632,3334.298,3334.495,9107143800,-0.7080129304594784
2017-01-12,3332.686,3343.128,3315.963,3317.624,8123913500,-0.5059536751442106
2017-01-13,3317.963,3338.174,3309.374,3319.912,8418058900,0.06896501833841828
2017-01-16,3314.151,3322.782,3264.207,3319.446,15777913500,-0.014036516630555607
2017-01-17,3305.6,3327.377,3292.204,3326.356,6945332800,0.20816726646555317
2017-01-18,3323.339,3350.962,3320.406,3339.365,7062322700,0.3910886267134206
2017-01-19,3330.952,3346.496,3324.684,3329.289,6615980800,-0.30173401230472185
2017-01-20,3326.977,3358.412,3326.374,3354.889,6530046200,0.7689329463437922
2017-01-23,3359.054,3378.739,3355.848,3364.081,7555749800,0.27398820050379413
2017-01-24,3363.137,3371.32,3355.899,3364.451,6619422600,0.010998546111107288
2017-01-25,3361.656,3376.442,3357.218,3375.904,5837693100,0.34041215045188533
2017-01-26,3378.261,3395.885,3378.261,3387.961,6531664700,0.35714878148194185
2017-02-03,3390.932,3392.477,3362.565,3364.492,5518886100,-0.6927175371853389
2017-02-06,3368.108,3381.335,3358.752,3373.205,6852136000,0.25896925895498857
2017-02-07,3371.77,3376.71,3354.625,3365.685,6375446200,-0.22293338234705695
2017-02-08,3361.781,3383.686,3347.43,3383.288,7540287900,0.5230138887031943
2017-02-09,3381.899,3406.589,3379.787,3396.292,9755851500,0.3843598298459927
2017-02-10,3398.317,3422.326,3398.03,3413.487,12376872000,0.5062874452491206
2017-02-13,3416.917,3439.543,3416.875,3436.275,12014453800,0.6675871330402039
2017-02-14,3438.511,3440.675,3424.403,3435.804,9480946500,-0.013706702752258604
2017-02-15,3435.388,3448.032,3417.081,3421.713,12764333800,-0.4101223469091919
2017-02-16,3421.83,3440.933,3418.351,3440.933,10827696200,0.5617069578892186
2017-02-17,3443.617,3457.556,3419.614,3421.442,11460003600,-0.5664452054137681
2017-02-20,3421.643,3472.604,3421.643,3471.393,13262886200,1.4599399902146537
2017-02-21,3475.058,3490.086,3472.017,3482.823,11484200900,0.32926263318500126
2017-02-22,3483.201,3489.946,3473.524,3489.757,10281599400,0.19909136927143134
2017-02-23,3487.575,3492.962,3460.118,3473.324,9953633000,-0.47089238591684346
2017-02-24,3468.959,3473.852,3455.251,3473.852,9553513300,0.015201576357393165
2017-02-27,3471.132,3472.836,3441.394,3446.223,9867216000,-0.7953418856071037
2017-02-28,3445.027,3460.909,3441.359,3452.81,7521526000,0.1911367894648741
2017-03-01,3452.206,3472.696,3449.109,3458.438,10326035400,0.16299767435798973
2017-03-02,3463.483,3468.471,3434.001,3435.096,8989807700,-0.6749289708244066
2017-03-03,3424.663,3428.882,3412.831,3427.863,8099465200,-0.21056180089290555
2017-03-06,3427.253,3449.034,3425.904,3446.484,8307088200,0.543224743812698
2017-03-07,3446.163,3454.039,3440.057,3453.957,8033472000,0.21682967337146586
2017-03-08,3452.201,3457.035,3441.258,3448.731,7958769000,-0.15130472093310976
2017-03-09,3442.895,3443.046,3414.678,3426.944,8457038100,-0.6317396166879985
2017-03-10,3423.978,3436.239,3423.937,3427.892,7001619900,0.02766313076607574
2017-03-13,3425.672,3458.098,3412.688,3458.098,9168412400,0.8811829544221439
2017-03-14,3456.658,3465.392,3448.903,3456.693,7707796300,-0.04062927077254086
2017-03-15,3452.214,3463.919,3445.268,3463.644,7910495400,0.20108814985881907
2017-03-16,3472.269,3492.127,3472.269,3481.507,10633391300,0.5157285217533891
2017-03-17,3485.311,3488.497,3441.469,3445.805,10375556000,-1.02547546220646
2017-03-20,3449.052,3454.063,3429.825,3449.613,8873432200,0.11051118679088479
2017-03-21,3449.77,3466.703,3445.642,3466.347,8770785500,0.48509789358981426
2017-03-22,3450.754,3464.333,3433.499,3450.05,10493589400,-0.47014912240465057
2017-03-23,3452.406,3470.816,3435.691,3461.978,9431806200,0.34573411979537116
2017-03-24,3464.197,3499.318,3461.111,3489.6,12564583300,0.7978675774369393
2017-03-27,3488.765,3505.979,3474.521,3478.039,10701537700,-0.33129871618522433
2017-03-28,3480.249,3482.292,3461.468,3469.809,8419482000,-0.23662759388264343
2017-03-29,3472.967,3483.057,3455.553,3465.193,10485170600,-0.13303325917939368
2017-03-30,3461.616,3467.305,3422.366,3436.758,11637692200,-0.8205892139341309
2017-03-31,3434.822,3456.305,3430.82,3456.046,9157749100,0.5612265978576225
2017-04-05,3476.423,3504.538,3475.149,3503.893,14339901700,1.3844433783578136
2017-04-06,3507.988,3517.778,3495.725,3514.047,13676700400,0.28979195426344084
2017-04-07,3514.452,3526.815,3506.389,3517.463,14029320400,0.09720985518977265
2017-04-10,3519.46,3522.796,3502.083,3505.139,14188738000,-0.35036615879114885
2017-04-11,3503.829,3520.132,3466.139,3517.328,16594583200,0.34774655156328826
2017-04-12,3514.572,3523.098,3497.999,3509.439,18182453700,-0.22428957435871588
2017-04-13,3500.284,3518.439,3496.57,3514.566,12998181300,0.1460917257715577
2017-04-14,3516.81,3517.466,3476.947,3486.505,13547407800,-0.7984200609691072
2017-04-17,3475.738,3480.57,3453.676,3479.942,11716496100,-0.188240085701874
2017-04-18,3474.889,3489.085,3462.63,3462.743,11092782300,-0.49423237513729346
2017-04-19,3452.99,3459.352,3418.514,3445.876,12134926400,-0.4870993891259001
2017-04-20,3444.523,3465.609,3440.715,3461.548,11418420800,0.4548045257577238
2017-04-21,3461.389,3475.562,3449.542,3466.787,10441911000,0.15134847183977396
2017-04-24,3458.228,3458.228,3403.979,3431.259,11466079100,-1.0248105810942487
2017-04-25,3427.732,3449.672,3422.652,3440.974,9407214800,0.28313222639271274
2017-04-26,3440.253,3466.565,3439.151,3445.183,11194002900,0.12232001752991994
2017-04-27,3435.102,3449.272,3399.539,3446.72,12329842500,0.04461301475131574
2017-04-28,3439.574,3439.904,3417.238,3439.753,10163235100,-0.20213420295236428
2017-05-02,3427.917,3436.306,3418.665,3426.577,9279746200,-0.3830507597493149
2017-05-03,3421.759,3432.225,3403.078,3413.128,9166962400,-0.39249081517794826
2017-05-04,3404.938,3421.395,3391.277,3404.386,10348207500,-0.2561286889914527
2017-05-05,3393.483,3395.453,3366.557,3382.55,10989533300,-0.6414078779550803
2017-05-08,3369.108,3374.157,3339.574,3358.813,12374928700,-0.7017486807290418
2017-05-09,3342.598,3358.046,3327.59,3352.532,7677166800,-0.1870005862189994
2017-05-10,3350.65,3369.435,3336.003,3337.701,9208262800,-0.4423820563084879
2017-05-11,3322.946,3359.6,3312.892,3356.646,10925289000,0.567606265510312
2017-05-12,3350.937,3387.268,3349.167,3385.379,9338646600,0.8560032842307441
2017-05-15,3391.588,3406.581,3391.588,3399.194,8297761100,0.4080783864967463
2017-05-16,3390.925,3428.853,3373.552,3428.649,10524241600,0.8665289477446603
2017-05-17,3423.19,3433.97,3408.154,3409.966,9973683700,-0.5449085047784075
2017-05-18,3387.666,3409.932,3383.935,3398.113,8575958900,-0.34759877371211
2017-05-19,3395.232,3405.945,3392.378,3403.849,7147352500,0.1687995661121322
2017-05-22,3400.588,3424.178,3391.175,3411.239,9253955900,0.2171071630968413
2017-05-23,3405.025,3434.766,3401.534,3424.194,11691103300,0.37977403518194564
2017-05-24,3409.717,3424.167,3383.892,3424.167,8355316100,-0.0007885067259683076
2017-05-25,3414.399,3490.418,3413.225,3485.658,13072163100,1.795794422409891
2017-05-26,3479.621,3498.315,3473.04,3480.435,10324115300,-0.14984258352368496
2017-05-31,3495.073,3515.081,3474.922,3492.885,10482974400,0.35771390645136236
2017-06-01,3485.222,3499.814,3476.428,3497.738,10312772400,0.1389395871893795
2017-06-02,3491.589,3498.119,3470.202,3486.507,8266801000,-0.3210932322546656
2017-06-05,3480.169,3484.124,3462.314,3468.754,7973815200,-0.5091915777022726
2017-06-06,3464.377,3492.882,3460.453,3492.882,6408938800,0.6955811798703637
2017-06-07,3493.885,3537.095,3491.133,3533.872,10441996800,1.173529480812685
2017-06-08,3531.242,3562.272,3528.179,3560.979,9022490500,0.7670623044637725
2017-06-09,3561.241,3590.887,3560.634,3576.17,10118826500,0.4265961691995557
2017-06-12,3570.219,3603.69,3565.901,3574.389,9038116700,-0.04980188302010635
2017-06-13,3569.159,3584.409,3559.213,3582.267,7517713800,0.22040130495029064
2017-06-14,3571.248,3571.248,3530.274,3535.299,8381078300,-1.311125050142825
2017-06-15,3530.747,3542.28,3508.946,3528.793,8263253500,-0.18402969593236396
2017-06-16,3522.975,3536.14,3514.389,3518.761,7645270700,-0.28428984074725383
2017-06-19,3520.06,3554.91,3520.06,3553.665,7979714100,0.9919400607202311
2017-06-20,3560.787,3563.696,3539.515,3546.494,8050955900,-0.20179167141528564
2017-06-21,3567.126,3587.986,3545.567,3587.955,8785982400,1.1690700731482817
2017-06-22,3583.558,3635.527,3581.338,3590.343,13552698700,0.06655601867915362
2017-06-23,3583.436,3623.235,3569.323,3622.883,10512913400,0.9063200925371273
2017-06-26,3627.021,3671.944,3627.021,3668.092,13463799500,1.2478735857603063
2017-06-27,3665.578,3676.533,3648.764,3674.715,9755870200,0.18055708526394376
2017-06-28,3664.163,3672.189,3644.027,3646.167,9792085800,-0.7768765741016703
2017-06-29,3649.253,3669.135,3644.733,3668.828,8558949800,0.6215019772819019
2017-06-30,3654.735,3669.758,3646.227,3666.798,8151002800,-0.05533102124166689
2017-07-03,3667.232,3667.596,3633.783,3650.846,8882086000,-0.43503896314985857
2017-07-04,3646.828,3646.846,3611.691,3619.984,9507141300,-0.8453383133662729
2017-07-05,3611.898,3660.729,3610.459,3659.68,8823242500,1.0965794323952727
2017-07-06,3654.558,3666.775,3629.56,3660.097,10237924500,0.011394438858047806
2017-07-07,3647.642,3657.113,3631.87,3655.929,10373549700,-0.11387676337539787
2017-07-10,3647.938,3667.846,3641.528,3653.687,12059191000,-0.06132504214387824
2017-07-11,3646.878,3701.209,3645.995,3670.809,11876082600,0.4686225174734604
2017-07-12,3672.633,3691.581,3640.589,3658.824,12228779200,-0.3264947862991585
2017-07-13,3656.35,3690.483,3652.566,3686.921,12566954900,0.7679243385306345
2017-07-14,3682.615,3703.094,3672.743,3703.094,10551400500,0.43865870736043977
2017-07-17,3700.618,3716.47,3621.365,3663.558,17882160000,-1.0676477561736175
2017-07-18,3648.494,3667.541,3622.041,3667.181,12462205600,0.0988929341366962
2017-07-19,3660.867,3731.047,3658.204,3729.747,18247778700,1.7061061343849548
2017-07-20,3725.144,3750.194,3723.069,3747.884,14241003900,0.48627963237184435
2017-07-21,3738.185,3751.695,3722.066,3728.598,11794122600,-0.5145836957600625
2017-07-24,3724.378,3755.19,3719.849,3743.469,13486872200,0.39883623817853486
2017-07-25,3742.641,3752.156,3713.277,3719.559,12167205900,-0.638712381483586
2017-07-26,3722.876,3738.532,3684.182,3705.388,13632521000,-0.38098602549389016
2017-07-27,3700.856,3716.689,3672.497,3712.195,14500290400,0.18370545810588723
2017-07-28,3703.49,3725.538,3696.778,3721.891,11141139200,0.26119317546626775
2017-07-31,3722.428,3746.521,3713.655,3737.873,14842903900,0.429405374848435
2017-08-01,3738.736,3770.404,3737.095,3770.383,15254653900,0.8697459758530979
2017-08-02,3768.194,3784.351,3759.276,3760.853,17229338300,-0.25275946767211455
2017-08-03,3755.108,3766.345,3718.435,3727.826,14615394400,-0.8781784345200383
2017-08-04,3724.723,3738.731,3707.003,3707.58,15747006000,-0.5431047479147355
2017-08-07,3701.216,3730.777,3689.955,3726.795,12423153000,0.5182625863771051
2017-08-08,3724.329,3737.334,3718.812,3732.213,13724192800,0.14537960902061275
2017-08-09,3728.032,3738.999,3713.567,3731.044,12467998900,-0.03132189936642105
2017-08-10,3724.962,3746.861,3688.177,3715.921,13008512800,-0.405328910621261
2017-08-11,3687.931,3700.494,3645.095,3647.35,15038742100,-1.845329865731804
2017-08-14,3651.375,3698.366,3651.375,3694.683,11530845100,1.297736712955988
2017-08-15,3695.78,3719.293,3692.28,3706.057,10644485700,0.3078477910012811
2017-08-16,3701.134,3707.144,3679.734,3701.421,10413414100,-0.12509251746533057
2017-08-17,3707.067,3722.624,3704.413,3721.277,10865625100,0.5364426256834864
2017-08-18,3707.189,3733.491,3700.411,3724.675,9656170500,0.09131274022331493
2017-08-21,3731.84,3744.263,3728.616,3740.994,10031307300,0.43813218602966053
2017-08-22,3745.754,3758.292,3734.556,3752.298,10029285600,0.30216568109970865
2017-08-23,3747.611,3772.457,3741.72,3756.088,10496157300,0.10100477094303617
2017-08-24,3755.89,3765.708,3729.088,3734.646,8994737200,-0.5708598946563503
2017-08-25,3736.292,3795.969,3736.292,3795.754,12994090000,1.6362461127507055
2017-08-28,3805.657,3866.942,3805.657,3842.712,18557632500,1.2371191599877207
2017-08-29,3839.178,3847.93,3825.76,3834.538,12822707000,-0.21271435382094195
2017-08-30,3834.268,3854.706,3827.861,3834.301,14135285700,-0.006180666354071995
2017-08-31,3835.839,3840.199,3800.886,3822.093,13294493500,-0.31838919271074406
2017-09-01,3825.339,3843.618,3818.159,3830.538,15864551100,0.22095223742593095
2017-09-04,3828.545,3847.091,3813.554,3845.616,14956632000,0.39362616948324103
2017-09-05,3845.545,3865.294,3841.951,3857.046,12496415500,0.29722156346343453
2017-09-06,3846.747,3858.248,3831.384,3849.45,13139872300,-0.1969382786723317
2017-09-07,3851.688,3858.162,3828.835,3829.871,12388418100,-0.5086181142760604
2017-09-08,3830.071,3843.019,3813.983,3825.99,10603650400,-0.10133500580046251
2017-09-11,3828.342,3850.741,3817.511,3825.645,12388399700,-0.009017273960454375
2017-09-12,3832.242,3849.389,3822.004,3837.934,14419024200,0.3212268780820038
2017-09-13,3835.549,3847.784,3822.944,3842.606,9541078500,0.12173216110542562
2017-09-14,3843.572,3854.493,3820.088,3829.955,11535858300,-0.32922969463953233
2017-09-15,3826.145,3843.297,3818.523,3831.297,12242700600,0.035039576183004684
2017-09-18,3832.963,3862.359,3832.963,3843.143,11793440500,0.3091903342392843
2017-09-19,3849.879,3857.303,3820.289,3832.116,11243298700,-0.28692661189032576
2017-09-20,3830.155,3850.943,3827.886,3842.435,10112954200,0.2692768172988469
2017-09-21,3843.258,3860.798,3837.384,3837.818,11109819200,-0.1201581809451513
2017-09-22,3826.459,3842.252,3816.823,3837.73,10061980200,-0.002292969598871597
2017-09-25,3829.219,3835.389,3811.119,3817.792,10394897600,-0.5195258655507295
2017-09-26,3810.333,3821.693,3808.383,3820.782,8186940700,0.0783175196553465
2017-09-27,3818.965,3832.566,3818.815,3821.2,8565581100,0.010940168792661353
2017-09-28,3821.59,3827.331,3813.753,3822.539,9354406900,0.03504134826757266
2017-09-29,3825.202,3852.224,3825.202,3836.501,9330602800,0.36525461218315236
2017-10-09,3910.115,3918.839,3876.032,3882.208,13553585100,1.1913720340487322
2017-10-10,3883.004,3900.742,3855.467,3889.864,11253258600,0.1972073624082027
2017-10-11,3886.818,3913.07,3885.497,3902.687,10441815100,0.3296516279232442
2017-10-12,3902.016,3917.444,3897.547,3912.954,9434092100,0.26307515821792915
2017-10-13,3912.975,3927.174,3908.889,3921.002,9014206800,0.20567581423138748
2017-10-16,3926.275,3947.424,3913.322,3913.446,12135503300,-0.19270584406740898
2017-10-17,3910.789,3924.614,3900.476,3913.069,8224122700,-0.009633453483193222
2017-10-18,3914.815,3944.411,3914.815,3944.163,10096984100,0.7946192617610315
2017-10-19,3940.583,3944.035,3923.646,3931.25,10652725200,-0.3273951913244977
2017-10-20,3918.527,3928.961,3910.197,3926.852,7298018000,-0.11187281399046567
2017-10-23,3930.891,3936.273,3920.656,3930.798,8148498000,0.10048761705305775
2017-10-24,3926.23,3959.495,3922.029,3959.395,9305815400,0.727511309408424
2017-10-25,3958.167,3978.089,3954.001,3976.949,8820545800,0.44335056239652726
2017-10-26,3980.048,4013.599,3973.554,3993.575,12989546500,0.418059170484697
2017-10-27,3992.554,4024.465,3991.354,4021.968,12667284600,0.7109669907288563
2017-10-30,4022.164,4033.339,3960.27,4009.722,15738760300,-0.30447780787912215
2017-10-31,3995.394,4009.283,3983.257,4006.718,10917877900,-0.0749179120148602
2017-11-01,4007.912,4032.458,3991.324,3996.622,13041738000,-0.25197680495607777
2017-11-02,3994.095,3999.226,3971.376,3997.134,12610057900,0.01281081873643064
2017-11-03,3992.35,3999.337,3963.026,3992.698,12940443900,-0.11097951682380591
2017-11-06,3989.182,4021.638,3975.407,4020.89,12208115900,0.7060889654063596
2017-11-07,4022.402,4064.218,4021.364,4054.247,15211666300,0.8295924534120536
2017-11-08,4051.494,4089.146,4040.577,4048.006,15082771900,-0.15393734027552286
2017-11-09,4043.066,4076.61,4038.4,4075.9,12105633500,0.6890800063043434
2017-11-10,4070.276,4116.714,4067.657,4111.911,14181716500,0.8835103903432451
2017-11-13,4115.551,4137.646,4115.551,4128.073,15144630900,0.393053254314113
2017-11-14,4129.274,4133.546,4086.89,4099.351,14323693600,-0.6957725796031378
2017-11-15,4084.213,4102.807,4055.717,4073.67,12063569600,-0.6264650184870657
2017-11-16,4063.494,4107.617,4062.273,4105.012,12138441400,0.7693799448654337
2017-11-17,4094.079,4122.376,4081.372,4120.851,19178411900,0.3858454006955281
2017-11-20,4093.734,4144.514,4060.964,4143.833,13744725800,0.5577003390804469
2017-11-21,4131.848,4220.264,4129.978,4217.702,18035082100,1.7826249272111294
2017-11-22,4228.372,4260.64,4191.145,4227.567,18647700300,0.2338951400549405
2017-11-23,4213.378,4214.19,4086.902,4102.397,17814722800,-2.9608046424811296
2017-11-24,4089.472,4116.594,4057.489,4104.203,13085804000,0.04402304311359462
2017-11-27,4088.932,4088.932,4037.146,4049.948,14345526800,-1.3219375357408136
2017-11-28,4034.206,4056.475,4010.296,4055.824,10205809500,0.1450882826149913
2017-11-29,4061.355,4069.242,4004.687,4053.753,12455364200,-0.05106237351522047
2017-11-30,4034.009,4052.797,3988.002,4006.099,10798334500,-1.1755526298716235
2017-12-01,4003.56,4027.106,3984.378,3998.137,9738691300,-0.1987469605718717
2017-12-04,3989.047,4032.986,3982.318,4018.857,10264721900,0.518241370918493
2017-12-05,4007.936,4045.933,4006.543,4040.17,15408707600,0.5303249157658563
2017-12-06,4027.123,4031.753,3964.809,4015.821,10928620500,-0.6026726598138188
2017-12-07,4003.583,4017.947,3955.994,3971.057,9025404500,-1.1146911179557129
2017-12-08,3962.829,4014.139,3955.44,4003.379,8928286100,0.8139394624655294
2017-12-11,4006.878,4069.5,4005.269,4069.5,9714894600,1.6516297857384954
2017-12-12,4068.505,4070.15,4015.455,4016.016,8433871800,-1.3142646516771106
2017-12-13,4013.832,4052.688,4004.744,4050.093,7754613100,0.8485274959063815
2017-12-14,4050.903,4057.625,4013.855,4026.152,8076886200,-0.5911222285512885
2017-12-15,4018.731,4020.267,3974.928,3980.856,8904438900,-1.125044459324931
2017-12-18,3983.297,4008.069,3967.934,3985.291,7785337500,0.11140819964350346
2017-12-19,3985.823,4035.63,3985.823,4035.329,7752898500,1.2555670338753266
2017-12-20,4036.019,4044.849,4015.629,4030.49,9060450300,-0.1199158730304406
2017-12-21,4023.076,4080.781,4014.653,4067.849,9683608900,0.9269096313351488
2017-12-22,4064.913,4076.803,4048.491,4054.598,7347368400,-0.325749554617194
2017-12-25,4057.417,4086.934,4026.45,4041.54,9192696200,-0.3220541222582307
2017-12-26,4040.617,4056.855,4015.3,4053.622,9111879000,0.298945451486321
2017-12-27,4045.279,4047.737,3986.739,3991.208,10515357700,-1.5397094252991517
2017-12-28,3992.997,4036.698,3980.236,4018.897,11854288600,0.6937498621971017
2017-12-29,4022.883,4043.14,4012.875,4030.855,9048668300,0.29754432621686977
2018-01-02,4045.209,4087.779,4045.209,4087.401,14693543500,1.4028289283539053
2018-01-03,4091.461,4140.054,4088.73,4111.393,15185221800,0.5869744612774674
2018-01-04,4114.121,4137.642,4105.886,4128.812,13454379400,0.42367635494831024
2018-01-05,4133.344,4151.282,4123.282,4138.751,14900987200,0.24072299731738855
2018-01-08,4140.855,4166.318,4127.308,4160.16,17387766600,0.517281662994451
2018-01-09,4157.539,4191.284,4153.502,4189.298,13903429400,0.7004057536248665
2018-01-10,4187.204,4211.055,4175.136,4207.813,15112166600,0.44195948820064945
2018-01-11,4197.114,4211.799,4181.957,4205.586,12157853900,-0.052925355760813364
2018-01-12,4205.144,4227.392,4199.025,4225.001,11135479400,0.46164791303755504
2018-01-15,4229.836,4262.931,4216.359,4225.239,17090789700,0.005633134761362513
2018-01-16,4215.625,4260.212,4213.128,4258.473,16149496300,0.7865590561859426
2018-01-17,4261.783,4283.345,4230.537,4248.116,21431103200,-0.2432092442525735
2018-01-18,4259.375,4292.637,4246.684,4271.417,17203284600,0.548501971226778
2018-01-19,4281.937,4316.571,4269.617,4285.395,20949057000,0.3272450336738286
2018-01-22,4276.481,4338.483,4275.898,4336.597,17464319500,1.1948023461080926
2018-01-23,4346.889,4383.572,4346.793,4382.613,20186758500,1.0611085143489296
2018-01-24,4389.455,4397.82,4349.087,4389.885,21981888900,0.16592840846316737
2018-01-25,4381.977,4392.196,4336.239,4365.079,19537495000,-0.5650717501711422
2018-01-26,4352.221,4403.338,4351.487,4381.3,17722723700,0.37160839471634954
2018-01-29,4387.058,4395.905,4287.112,4302.018,19110035400,-1.8095542418916755
2018-01-30,4286.683,4308.512,4251.571,4256.102,13903473000,-1.0673130609867298
2018-01-31,4234.11,4287.858,4232.773,4275.899,14521016400,0.46514392747167843
2018-02-01,4276.343,4287.389,4214.291,4245.898,19000293400,-0.701630230274386
2018-02-02,4213.939,4271.765,4181.779,4271.233,14606682700,0.5966935616446678
2018-02-05,4204.458,4274.146,4200.141,4274.146,16134779900,0.06820044703716999
2018-02-06,4182.326,4211.523,4131.556,4148.886,21491045000,-2.930643922785958
2018-02-07,4205.737,4212.568,4048.423,4050.497,20312749300,-2.371455855861082
2018-02-08,4022.88,4071.665,3974.678,4012.047,15926998500,-0.9492662258483331
2018-02-09,3896.169,3911.292,3759.146,3840.653,20634982800,-4.271983852631845
2018-02-12,3846.267,3907.843,3828.07,3890.105,11618263700,1.287593542035692
2018-02-13,3925.596,3986.981,3925.596,3935.632,11256588500,1.1703283073336124
2018-02-14,3945.094,3971.404,3923.127,3966.961,7108133800,0.7960347918707811
2018-02-22,4020.973,4058.788,4009.92,4052.733,10581157100,2.162158891907451
2018-02-23,4061.755,4085.201,4035.232,4071.089,9945874600,0.45292892475274904
2018-02-26,4093.399,4128.744,4048.983,4118.419,13788100100,1.1625881920046544
2018-02-27,4120.871,4120.871,4051.805,4058.981,12593447000,-1.4432237225012745
2018-02-28,4016.791,4051.712,3991.706,4023.642,10934359300,-0.8706372362915826
2018-03-01,3994.869,4061.033,3986.895,4049.086,11019985200,0.6323624219053192
2018-03-02,4014.951,4044.418,4006.944,4016.461,9616500000,-0.8057373935747458
2018-03-05,4021.658,4042.835,3995.872,4018.097,8795254800,0.040732376089303024
2018-03-06,4034.985,4067.553,3998.932,4066.565,13876244400,1.2062426566606055
2018-03-07,4063.503,4089.696,4027.936,4036.654,10695242600,-0.7355347818121749
2018-03-08,4038.953,4078.226,4029.714,4077.6,9115581000,1.0143549583392586
2018-03-09,4088.07,4110.674,4076.454,4108.865,11370180800,0.766750049048448
2018-03-12,4130.708,4139.526,4112.766,4127.666,14090673900,0.4575716164926469
2018-03-13,4124.331,4130.283,4087.563,4091.253,11176643000,-0.8821692452829266
2018-03-14,4076.063,4089.094,4066.49,4073.345,9901340900,-0.43771431392779503
2018-03-15,4058.706,4098.989,4058.706,4096.163,8816115600,0.5601784282941891
2018-03-16,4096.886,4110.045,4055.822,4056.423,8489618800,-0.9701762356624899
2018-03-19,4054.617,4074.518,4033.522,4074.248,8150288200,0.439426558817968
2018-03-20,4045.743,4080.193,4040.308,4077.704,8060528000,0.08482546963268778
2018-03-21,4097.024,4110.116,4046.241,4061.05,9760948800,-0.40841610867291545
2018-03-22,4062.067,4072.377,4003.721,4020.349,8909525900,-1.0022284877063803
2018-03-23,3896.736,3928.511,3834.937,3904.936,18008044900,-2.8707209249744237
2018-03-26,3862.695,3883.901,3829.916,3879.893,11513912800,-0.6413165286191624
2018-03-27,3927.492,3936.778,3881.873,3913.269,11370071100,0.8602299084021103
2018-03-28,3865.045,3907.281,3835.883,3842.716,10149490800,-1.8029172029829788
2018-03-29,3854.591,3913.958,3794.262,3894.05,11662906600,1.335878061246265
2018-03-30,3893.747,3915.347,3879.213,3898.498,9751227000,0.11422554923536943
2018-04-02,3897.005,3937.018,3882.886,3886.919,11124266600,-0.2970118235279373
2018-04-03,3850.155,3878.15,3839.933,3862.48,9513736900,-0.6287499173509903
2018-04-04,3873.627,3898.613,3852.496,3854.863,8873060900,-0.19720490462087348
2018-04-09,3851.955,3870.674,3827.413,3852.929,8410546200,-0.05017039516059807
2018-04-10,3860.723,3927.425,3851.796,3927.173,10617372200,1.9269496011995013
2018-04-11,3934.17,3958.707,3924.96,3938.343,11193302100,0.28442851893715204
2018-04-12,3935.673,3937.784,3896.179,3898.635,8269949000,-1.0082412831995513
2018-04-13,3920.738,3929.952,3866.186,3871.144,7154420300,-0.7051442363801841
2018-04-16,3862.474,3869.156,3789.612,3808.863,9921777000,-1.6088525769126671
2018-04-17,3812.875,3822.626,3745.444,3748.641,9061079000,-1.5811017618643564
2018-04-18,3785.306,3789.659,3708.107,3766.282,10667670600,0.47059721109596886
2018-04-19,3774.784,3824.032,3767.797,3811.843,9905406000,1.2097076108480431
2018-04-20,3801.208,3815.444,3750.103,3760.854,9928292500,-1.3376469072834296
2018-04-23,3754.69,3787.395,3735.184,3766.326,9035629100,0.14549886807624368
2018-04-24,3769.879,3854.429,3769.879,3843.489,11421952500,2.048760516216608
2018-04-25,3824.593,3838.692,3817.032,3828.702,7817261200,-0.3847285630321773
2018-04-26,3823.392,3828.713,3744.885,3755.494,8715064100,-1.912084043103901
2018-04-27,3771.037,3776.975,3714.644,3756.877,8953172600,0.03682604738550754
2018-05-02,3769.925,3787.303,3744.548,3763.646,8330103500,0.18017624745234606
2018-05-03,3756.166,3797.527,3732.372,3793.0,9396111800,0.779935201132087
2018-05-04,3784.316,3801.524,3770.939,3774.598,7155428800,-0.48515686791458235
2018-05-07,3782.54,3834.587,3776.03,3834.188,8728619500,1.5787111634139706
2018-05-08,3834.614,3892.073,3833.729,3878.677,9421515700,1.1603239069132743
2018-05-09,3876.13,3878.938,3855.739,3871.615,6671296600,-0.1820723922100309
2018-05-10,3882.836,3894.49,3867.308,3893.057,7066780900,0.5538257290562232
2018-05-11,3902.148,3903.338,3871.952,3872.838,7335660400,-0.5193604922815065
2018-05-14,3886.874,3919.3,3886.874,3909.293,8197599900,0.94129937787224
2018-05-15,3920.14,3924.343,3892.92,3924.098,7604955500,0.3787129795592259
2018-05-16,3909.818,3923.343,3889.188,3892.844,7191364600,-0.7964632891431345
2018-05-17,3895.49,3899.514,3858.853,3864.051,5903012300,-0.7396391943782055
2018-05-18,3860.164,3903.064,3841.896,3903.064,7261395600,1.0096398831174858
2018-05-21,3925.539,3937.461,3913.605,3921.242,9264173700,0.4657366622735415
2018-05-22,3918.815,3918.815,3881.169,3906.208,7536877800,-0.38339893329715213
2018-05-23,3898.268,3898.268,3854.583,3854.583,8372231900,-1.3216142099959804
2018-05-24,3853.292,3859.103,3823.924,3827.217,6834502200,-0.7099600657191729
2018-05-25,3823.745,3841.124,3804.135,3816.498,7083638600,-0.2800729616324382
2018-05-28,3816.265,3846.553,3799.321,3833.26,7152113200,0.43919844842053024
2018-05-29,3824.191,3841.779,3800.675,3804.009,8155266200,-0.7630841633492147
2018-05-30,3755.176,3767.887,3722.072,3723.372,8791328500,-2.119789937405514
2018-05-31,3749.295,3804.792,3742.529,3802.376,9266689400,2.1218400954833516
2018-06-01,3789.672,3802.537,3753.84,3770.589,7782181300,-0.83597729419711
2018-06-04,3785.187,3813.407,3776.619,3807.578,7662434100,0.9809873205485875
2018-06-05,3811.285,3845.565,3800.926,3845.316,7868736000,0.9911287437841088
2018-06-06,3839.683,3848.33,3830.896,3837.351,7311723700,-0.2071351223150386
2018-06-07,3846.937,3859.848,3827.687,3831.013,8025614700,-0.16516602208138664
2018-06-08,3819.448,3819.461,3759.272,3779.616,8333733500,-1.341603382708434
2018-06-11,3770.208,3792.548,3756.515,3779.982,6870983400,0.009683523405557004
2018-06-12,3783.186,3830.471,3765.264,3825.953,7320624400,1.216169812448853
2018-06-13,3814.617,3817.453,3782.073,3788.339,6637797000,-0.9831276024561686
2018-06-14,3774.64,3808.162,3759.248,3773.366,6847132200,-0.395239180020579
2018-06-15,3763.041,3780.337,3737.428,3753.434,8548889300,-0.528228642543549
2018-06-19,3702.668,3712.816,3583.021,3621.117,16070654200,-3.525225167140278
2018-06-20,3602.551,3649.336,3578.174,3635.444,8671809800,0.39565139706891905
2018-06-21,3633.556,3673.563,3589.49,3592.965,9390855200,-1.1684680055585983
2018-06-22,3567.894,3609.075,3542.456,3608.905,7511786400,0.4436447335278926
2018-06-25,3625.798,3631.025,3559.034,3560.478,7987707800,-1.3418751671213314
2018-06-26,3521.588,3541.782,3478.213,3531.111,8498526900,-0.8248049840498983
2018-06-27,3525.132,3537.657,3441.785,3459.262,8149181700,-2.034742040111448
2018-06-28,3434.944,3477.057,3416.948,3423.526,7591805100,-1.0330527147119906
2018-06-29,3431.962,3512.383,3425.216,3510.985,7725703100,2.554646875764943
2018-07-02,3504.457,3506.9,3383.501,3407.964,8435144900,-2.93424779655852
2018-07-03,3410.477,3422.04,3319.289,3409.28,9527869300,0.03861543138368173
2018-07-04,3398.779,3418.331,3359.086,3363.747,7515799700,-1.3355605875727483
2018-07-05,3365.555,3398.485,3330.711,3342.438,8158798100,-0.633489974127055
2018-07-06,3347.062,3396.246,3295.73,3365.123,8609757900,0.6786962091742677
2018-07-09,3378.906,3459.315,3378.906,3459.184,7660154500,2.7951727173122665
2018-07-10,3464.906,3474.14,3437.271,3467.516,6954882300,0.24086605395954308
2018-07-11,3398.927,3427.571,3375.144,3407.53,7204095000,-1.7299415489358871
2018-07-12,3403.33,3499.097,3403.33,3481.056,9635356400,2.15775062875454
2018-07-13,3488.497,3499.764,3474.912,3492.69,7295589700,0.3342089297040829
2018-07-16,3488.967,3506.236,3459.731,3472.086,6828199900,-0.5899177997474858
2018-07-17,3466.424,3467.185,3420.971,3449.377,6198307600,-0.6540448594879233
2018-07-18,3456.607,3479.264,3430.156,3431.323,6653033000,-0.5233988630410691
2018-07-19,3444.803,3466.506,3417.963,3428.343,6847771600,-0.08684696835593586
2018-07-20,3426.456,3505.928,3398.953,3492.894,10198472700,1.8828629457437573
2018-07-23,3471.856,3527.534,3464.648,3525.75,11903662700,0.940652650781848
2018-07-24,3530.664,3596.513,3530.664,3581.706,15691243500,1.587066581578389
2018-07-25,3589.506,3589.984,3566.314,3577.752,9675850100,-0.11039432047187381
2018-07-26,3583.317,3593.923,3528.644,3536.246,9034964100,-1.160113948647079
2018-07-27,3533.771,3545.406,3512.703,3521.227,7017810400,-0.4247159275683976
2018-07-30,3520.854,3550.902,3489.549,3515.079,8211699500,-0.17459822953759252
2018-07-31,3510.474,3528.154,3493.155,3517.657,6798081700,0.0733411681501428
2018-08-01,3530.03,3543.606,3446.777,3447.388,9034861700,-1.9976080669604879
2018-08-02,3434.352,3434.352,3322.096,3370.958,10130872700,-2.217040843676421
2018-08-03,3366.664,3381.342,3315.201,3315.284,7079691000,-1.6515779787229623
2018-08-06,3312.815,3344.246,3257.686,3273.273,7797508300,-1.2671915890162033
2018-08-07,3284.979,3368.962,3263.499,3368.87,9178391600,2.9205324456591297
2018-08-08,3362.149,3368.16,3311.769,3314.508,7928486500,-1.6136568048039868
2018-08-09,3303.477,3408.391,3299.616,3397.53,9195757200,2.5048061431742097
2018-08-10,3398.414,3424.041,3380.573,3405.019,6896729900,0.22042483804409763
2018-08-13,3369.981,3396.188,3336.696,3390.344,7619153200,-0.4309814423942959
2018-08-14,3386.483,3391.729,3356.614,3372.914,6065144600,-0.5141071230529981
2018-08-15,3371.959,3372.137,3288.709,3291.976,6817405500,-2.39964612201794
2018-08-16,3251.856,3315.203,3231.556,3276.728,7654736600,-0.4631868519090032
2018-08-17,3305.895,3311.573,3224.1,3229.62,6739541300,-1.4376536593821654
2018-08-20,3238.215,3267.25,3209.012,3267.25,7090422800,1.1651525566475307
2018-08-21,3271.84,3331.708,3270.03,3326.649,7520558300,1.8180120896778673
2018-08-22,3328.969,3328.969,3299.394,3307.955,5078705700,-0.5619468720625465
2018-08-23,3308.459,3336.112,3285.814,3320.026,6111233400,0.3649082287999761
2018-08-24,3308.478,3353.045,3291.865,3325.335,6376589700,0.15990838625963288
2018-08-27,3339.389,3406.574,3339.265,3406.574,9427008200,2.4430320554169827
2018-08-28,3408.15,3416.593,3388.814,3400.171,7544536300,-0.18796010302433164
2018-08-29,3393.053,3398.714,3377.123,3386.574,6702040400,-0.39989165250805536
2018-08-30,3385.805,3402.563,3349.469,3351.094,6838529000,-1.0476664617398046
2018-08-31,3333.38,3356.576,3310.873,3334.504,7620563000,-0.49506220953515756
2018-09-03,3320.69,3325.607,3291.784,3321.825,6642985500,-0.38023646095491914
2018-09-04,3324.186,3370.963,3307.959,3363.898,6708880700,1.266562808094962
2018-09-05,3349.698,3354.199,3298.141,3298.141,6430188800,-1.9547857872028285
2018-09-06,3286.665,3311.497,3253.755,3262.881,6230028800,-1.0690871008850245
2018-09-07,3273.891,3316.615,3253.725,3277.644,6394740800,0.45245290894764256
2018-09-10,3271.382,3277.884,3227.848,3230.068,6381705100,-1.4515304285639186
2018-09-11,3229.705,3245.617,3209.112,3224.212,5849130500,-0.18129649282926374
2018-09-12,3216.991,3225.601,3194.979,3202.025,5462789900,-0.6881371324218066
2018-09-13,3239.685,3249.593,3191.398,3236.566,6729032700,1.0787236202090877
2018-09-14,3242.831,3254.104,3227.944,3242.09,6013064000,0.17067472129412842
2018-09-17,3224.927,3230.788,3200.51,3204.922,5225954700,-1.1464209815273518
2018-09-18,3193.642,3270.107,3193.642,3269.432,7042503500,2.0128414981706255
2018-09-19,3261.997,3335.991,3258.31,3312.482,8917066600,1.3167424800393457
2018-09-20,3314.876,3332.309,3303.073,3310.126,6456105700,-0.07112491479198679
2018-09-21,3320.696,3410.486,3307.767,3410.486,10841600500,3.0319087551349932
2018-09-25,3375.972,3394.377,3367.025,3379.804,6905469300,-0.8996371778098422
2018-09-26,3388.558,3448.26,3383.235,3417.241,9317334300,1.1076677819187086
2018-09-27,3415.953,3423.71,3394.732,3403.59,6976524100,-0.39947431275698664
2018-09-28,3409.96,3444.988,3404.697,3438.865,8437775600,1.036405677534602
2018-10-08,3361.559,3364.464,3285.253,3290.899,9788898900,-4.302756868908775
2018-10-09,3290.171,3309.798,3276.132,3288.691,6672327400,-0.06709412838254991
2018-10-10,3295.429,3315.731,3256.582,3281.598,6449282800,-0.21567851768378166
2018-10-11,3179.541,3209.52,3099.04,3124.114,12094134200,-4.799003412361902
2018-10-12,3123.372,3184.122,3094.966,3170.726,9861115100,1.4920070138285668
2018-10-15,3173.847,3183.13,3120.231,3126.452,6960502300,-1.3963363595592915
2018-10-16,3128.576,3166.092,3089.367,3100.974,6888772100,-0.8149173567993384
2018-10-17,3140.684,3149.134,3062.554,3118.246,7683713800,0.5569862888240795
2018-10-18,3097.79,3097.79,3043.382,3044.392,7377196800,-2.368446876866037
2018-10-19,3017.749,3137.748,3009.498,3134.946,9883968800,2.9744526986012376
2018-10-22,3159.561,3297.38,3159.561,3270.273,14586204500,4.316725072776384
2018-10-23,3273.127,3276.021,3163.57,3183.426,12101324100,-2.655649849416253
2018-10-24,3169.457,3245.397,3164.293,3188.202,11090974400,0.15002704633311215
2018-10-25,3107.84,3197.321,3099.889,3194.308,10695181700,0.1915186051573814
2018-10-26,3204.285,3218.102,3151.924,3173.635,10129935400,-0.6471824257397785
2018-10-29,3157.488,3158.811,3062.58,3076.889,9183978900,-3.0484286945411165
2018-10-30,3061.93,3146.628,3050.771,3110.261,11607010100,1.0846020119672728
2018-10-31,3116.658,3168.919,3106.028,3153.823,11120745500,1.4005898540347506
2018-11-01,3185.202,3217.803,3173.099,3177.034,13265337900,0.7359639396377071
2018-11-02,3258.609,3290.246,3222.435,3290.246,15346610400,3.56344943113609
2018-11-05,3269.47,3279.878,3230.363,3262.835,10970668300,-0.833098801730936
2018-11-06,3254.978,3254.978,3213.895,3243.15,8386913800,-0.6033096984677466
2018-11-07,3243.878,3270.5,3218.422,3221.91,9161552800,-0.6549188289163399
2018-11-08,3251.728,3253.574,3207.708,3212.774,7641454000,-0.28355851032462187
2018-11-09,3193.304,3193.304,3166.311,3167.444,8428276200,-1.410930242836872
2018-11-12,3160.247,3206.513,3152.44,3205.141,8806239100,1.1901394310365188
2018-11-13,3164.922,3254.768,3161.098,3237.382,12649346400,1.0059151843865743
2018-11-14,3233.641,3239.245,3200.229,3204.943,11380865900,-1.002013355235798
2018-11-15,3201.281,3242.384,3198.781,3242.372,9855881000,1.1678522831763294
2018-11-16,3242.879,3282.39,3223.722,3257.674,12687683500,0.4719384450643016
2018-11-19,3258.792,3294.603,3251.067,3294.603,11595659500,1.1336002313307114
2018-11-20,3268.077,3278.785,3213.683,3218.408,10936115400,-2.3127217452300064
2018-11-21,3187.103,3230.258,3185.239,3226.492,8411972600,0.2511800865521163
2018-11-22,3232.973,3235.452,3199.698,3214.427,6509829100,-0.3739355312209036
2018-11-23,3208.593,3212.195,3139.386,3143.475,8463825500,-2.207298532522284
2018-11-26,3148.672,3169.442,3131.636,3141.243,5937914000,-0.0710042230334218
2018-11-27,3152.774,3162.012,3126.289,3137.241,5540783200,-0.12740179604061597
2018-11-28,3137.748,3179.411,3126.618,3178.933,7488195500,1.3289383888582362
2018-11-29,3198.826,3204.857,3137.654,3137.654,8049846600,-1.2985174585309012
2018-11-30,3136.196,3175.154,3132.423,3172.69,7092104400,1.1166304506488034
2018-12-03,3260.686,3273.64,3228.361,3260.95,12148715700,2.7818664918413116
2018-12-04,3256.228,3267.94,3243.695,3267.71,7941503900,0.2073015532283673
2018-12-05,3224.256,3266.904,3219.979,3252.004,7615305200,-0.4806424070679549
2018-12-06,3218.113,3223.522,3179.895,3181.673,7632877100,-2.162697216854592
2018-12-07,3187.492,3193.819,3176.706,3181.565,5336192400,-0.003394440597748183
2018-12-10,3153.523,3170.152,3134.385,3144.763,6343727300,-1.1567263280806817
2018-12-11,3148.226,3161.956,3143.607,3159.816,5322387700,0.4786688217840229
2018-12-12,3181.566,3182.211,3160.278,3170.609,5330991400,0.34157052182786085
2018-12-13,3178.891,3234.082,3169.423,3219.692,9044275500,1.5480622177001413
2018-12-14,3207.348,3210.722,3165.911,3165.911,8430125000,-1.670377166511583
2018-12-17,3158.284,3167.513,3134.365,3161.197,6649700700,-0.14889868982419507
2018-12-18,3139.949,3165.002,3114.468,3128.427,6382031900,-1.0366326426350492
2018-12-19,3133.742,3137.01,3086.758,3091.126,5552229900,-1.1923244493158958
2018-12-20,3083.544,3097.72,3044.293,3067.417,6974946300,-0.7670020568556701
2018-12-21,3055.326,3057.401,3007.61,3029.395,7675810100,-1.2395445418735052
2018-12-24,3015.497,3040.352,3007.329,3038.198,5729961500,0.29058607411711623
2018-12-25,3006.879,3030.142,2964.875,3017.282,7868942500,-0.6884343943350579
2018-12-26,3012.869,3029.061,2996.483,3002.033,5564703200,-0.5053886245965811
2018-12-27,3042.949,3047.235,2990.506,2990.506,8054178500,-0.3839731275439018
2018-12-28,2994.795,3024.353,2984.818,3010.654,7105377900,0.673732137638261
2019-01-02,3017.067,3018.776,2958.488,2969.535,6866302100,-1.3657829827007695
2019-01-03,2963.019,3000.441,2953.255,2964.842,7086710300,-0.15803821136978202
2019-01-04,2940.192,3036.815,2935.83,3035.874,10331897200,2.395810636789397
2019-01-07,3055.154,3061.749,3035.912,3054.303,10116435900,0.6070410036780105
2019-01-08,3049.875,3055.51,3038.534,3047.704,8617058500,-0.21605583990846888
2019-01-09,3065.231,3117.961,3062.847,3078.476,10736435000,1.009678105222811
2019-01-10,3077.482,3092.541,3062.572,3072.686,8527175600,-0.18808007598565268
2019-01-11,3082.262,3102.833,3071.026,3094.778,7178642400,0.7189800715074579
2019-01-14,3092.498,3097.406,3064.383,3067.785,6612170200,-0.872211189300165
2019-01-15,3071.519,3129.371,3064.671,3127.99,8877296200,1.9624908525206264
2019-01-16,3126.135,3135.012,3117.293,3128.652,8021434100,0.021163750523500724
2019-01-17,3132.629,3141.71,3110.061,3111.417,8017487100,-0.5508762240095777
2019-01-18,3124.503,3171.686,3120.346,3168.174,10396383400,1.8241527895489495
2019-01-21,3170.877,3199.213,3170.877,3185.636,9391502200,0.5511692223975073
2019-01-22,3181.949,3181.949,3135.338,3143.317,7299052800,-1.3284317480088736
2019-01-23,3136.096,3157.627,3131.867,3141.053,5987047800,-0.07202582494861831
2019-01-24,3146.605,3165.63,3125.301,3158.782,7293463600,0.5644285530998827
2019-01-25,3165.181,3203.175,3164.408,3184.47,8396772900,0.8132248442595857
2019-01-28,3203.119,3228.868,3174.724,3183.778,8262243100,-0.021730460641800065
2019-01-29,3177.261,3200.99,3148.235,3193.97,7765833400,0.3201228226339836
2019-01-30,3181.655,3202.896,3167.893,3168.483,6374651700,-0.7979724292964452
2019-01-31,3182.699,3216.067,3178.011,3201.633,8624783900,1.0462420028764408
2019-02-01,3225.734,3247.496,3207.717,3247.397,8201964100,1.4293955615774845
2019-02-11,3239.808,3307.064,3239.808,3306.473,9881843400,1.8191801002464425
2019-02-12,3306.352,3335.361,3298.634,3330.335,12223246200,0.7216753319927438
2019-02-13,3337.779,3405.577,3329.144,3397.028,16382833200,2.002591330902148
2019-02-14,3392.855,3415.399,3381.982,3402.14,15112729000,0.15048448231806955
2019-02-15,3391.242,3395.029,3335.871,3338.705,14366860300,-1.8645617170369277
2019-02-18,3366.423,3445.745,3366.423,3445.745,18288608900,3.2060334770517285
2019-02-19,3454.722,3480.794,3419.073,3439.608,17908378500,-0.17810371922472035
2019-02-20,3449.932,3463.774,3421.505,3451.927,14739031100,0.35815127770373323
2019-02-21,3450.141,3500.252,3431.631,3442.706,18014328700,-0.26712615880927215
2019-02-22,3439.378,3520.118,3417.978,3520.118,18723797400,2.248580041397652
2019-02-25,3575.853,3729.483,3574.689,3729.483,34255712200,5.947669936064659
2019-02-26,3734.706,3762.113,3679.271,3684.694,35803869800,-1.200943937805865
2019-02-27,3682.812,3737.632,3638.333,3678.392,28623600700,-0.17103184145006445
2019-02-28,3675.264,3695.465,3650.054,3669.37,18481022000,-0.24527021589868525
2019-03-01,3699.216,3749.714,3668.765,3749.714,20471100400,2.1895856781954492
2019-03-04,3783.037,3886.58,3764.776,3794.104,32349012600,1.18382361961471
2019-03-05,3785.376,3816.162,3770.786,3816.013,23085316600,0.5774485886522962
2019-03-06,3822.859,3855.156,3787.523,3848.09,31807737100,0.8405893795435215
2019-03-07,3841.146,3845.182,3778.8,3808.85,32984654800,-1.019726669594534
2019-03-08,3721.402,3774.543,3656.192,3657.579,31799007700,-3.971566220775291
2019-03-11,3663.977,3731.909,3650.813,3729.955,23091286500,1.978795263205524
2019-03-12,3758.315,3804.72,3723.679,3755.352,27492638200,0.6808929330246682
2019-03-13,3758.713,3763.093,3708.815,3724.194,23368224800,-0.8296958580713554
2019-03-14,3710.293,3747.819,3673.851,3698.486,19081723700,-0.690297014602359
2019-03-15,3713.936,3782.236,3713.936,3745.005,17517454400,1.2577849422709786
2019-03-18,3753.644,3851.748,3733.678,3851.748,21692806000,2.8502765683890985
2019-03-19,3856.589,3868.335,3815.219,3833.963,18172711000,-0.46173841071637245
2019-03-20,3825.336,3855.147,3790.512,3835.44,17563209000,0.038524106779336265
2019-03-21,3840.278,3864.07,3823.466,3836.891,19631031000,0.037831383100761506
2019-03-22,3838.126,3845.581,3786.592,3833.801,17135699300,-0.08053395314071565
2019-03-25,3776.443,3807.179,3741.606,3742.825,19858632900,-2.3729974508327367
2019-03-26,3766.529,3770.843,3687.547,3700.439,17304657900,-1.1324601070047402
2019-03-27,3724.406,3750.264,3703.451,3743.388,13875845400,1.1606460746954594
2019-03-28,3731.061,3755.716,3710.081,3728.395,13327212900,-0.40051952936751567
2019-03-29,3739.774,3876.379,3739.774,3872.341,21563910300,3.8608033751788673
2019-04-01,3901.17,3982.909,3901.17,3973.928,27138270400,2.6234001602648105
2019-04-02,3986.344,3988.098,3956.506,3971.285,22600034100,-0.06650850241877171
2019-04-03,3947.87,4026.497,3939.784,4022.157,23191736800,1.2809959496737244
2019-04-04,4039.742,4072.114,4021.706,4062.231,26041093900,0.996331073103307
2019-04-08,4097.103,4122.603,4017.489,4057.229,26750557600,-0.12313430723167595
2019-04-09,4063.814,4084.243,4038.283,4075.43,18295680800,0.44860667218931116
2019-04-10,4062.443,4115.378,4035.474,4085.847,19468761300,0.2556049300319385
2019-04-11,4083.462,4097.125,3990.239,3997.578,16904964100,-2.1603598960019843
2019-04-12,3986.782,4006.934,3961.464,3988.617,13586211800,-0.22416072932159858
2019-04-15,4056.492,4085.388,3974.226,3975.524,18264557100,-0.32825914345749885
2019-04-16,3958.096,4085.789,3943.488,4085.789,20204196600,2.7735966378268806
2019-04-17,4080.717,4106.616,4057.503,4087.24,18036711700,0.0355133365917748
2019-04-18,4085.115,4094.053,4056.236,4072.075,14656212300,-0.3710327751734632
2019-04-19,4076.295,4120.636,4046.204,4120.608,15079491000,1.1918493642676165
2019-04-22,4125.972,4126.091,4015.475,4025.611,18935374500,-2.3054122110135244
2019-04-23,4021.628,4061.086,4005.283,4019.005,15561165000,-0.16409931312290071
2019-04-24,4033.629,4044.338,3967.806,4030.089,14549869500,0.2757896544045124
2019-04-25,4013.603,4022.563,3938.325,3941.816,15972207100,-2.1903486498685343
2019-04-26,3921.891,3943.833,3887.253,3889.275,14200806800,-1.3329135606532594
2019-04-29,3896.582,3953.229,3875.452,3900.334,15387092700,0.2843460542131915
2019-04-30,3887.18,3923.108,3885.147,3913.211,11623337600,0.3301512126910211
2019-05-06,3775.077,3791.612,3647.141,3684.617,19747288200,-5.841596581426344
2019-05-07,3702.266,3738.177,3671.834,3720.668,13284765400,0.9784191952650678
2019-05-08,3648.549,3722.933,3642.498,3667.457,11286735500,-1.4301464145685783
2019-05-09,3637.346,3656.897,3584.823,3599.7,10103739400,-1.847519957289212
2019-05-10,3643.056,3732.924,3589.291,3730.451,14800384700,3.6322749117982056
2019-05-13,3675.76,3702.901,3658.0,3668.726,10339186000,-1.6546256739466636
2019-05-14,3630.439,3683.262,3630.439,3645.15,10231346000,-0.6426208989169568
2019-05-15,3674.993,3741.041,3674.993,3727.092,11016176900,2.247973334430675
2019-05-16,3720.039,3745.141,3707.903,3743.964,11625827400,0.4526853643537665
2019-05-17,3744.875,3745.356,3637.583,3648.761,12845324500,-2.542839621321147
2019-05-20,3635.736,3644.5,3583.832,3617.792,10896347700,-0.8487538646680393
2019-05-21,3619.437,3690.088,3610.682,3666.776,11102292000,1.3539750212284263
2019-05-22,3663.153,3679.273,3634.748,3649.38,9834612800,-0.4744222172284207
2019-05-23,3629.528,3631.474,3578.113,3583.965,9989778100,-1.7924962596386207
2019-05-24,3584.902,3623.39,3580.785,3593.914,8093404800,0.27759757698526677
2019-05-27,3592.603,3648.027,3556.257,3637.197,10883087100,1.2043415618737674
2019-05-28,3633.018,3683.231,3627.788,3672.261,11788624000,0.9640390663469667
2019-05-29,3642.542,3693.227,3637.348,3663.909,9335544100,-0.22743481468228133
2019-05-30,3648.85,3650.972,3612.625,3641.183,9420256100,-0.6202664967934535
2019-05-31,3640.996,3668.18,3627.545,3629.789,8922226700,-0.3129202789313168
2019-06-03,3640.613,3672.814,3613.127,3632.013,10072318000,0.06127077910036416
2019-06-04,3632.56,3636.128,3584.461,3598.467,8709709400,-0.9236200421088747
2019-06-05,3627.795,3634.454,3593.952,3597.105,8864202000,-0.037849450891169756
2019-06-06,3601.036,3601.036,3557.017,3564.678,8553440300,-0.9014749360944485
2019-06-10,3578.008,3623.73,3568.279,3610.744,9237506100,1.2922906360686826
2019-06-11,3617.524,3723.142,3617.524,3719.276,14348280600,3.005807113437009
2019-06-12,3706.864,3711.879,3683.939,3691.096,11917885300,-0.7576743430710686
2019-06-13,3689.583,3697.592,3654.274,3685.393,9633171800,-0.15450695403208536
2019-06-14,3690.476,3709.652,3650.91,3654.88,10181700400,-0.8279442653741365
2019-06-17,3654.443,3683.774,3645.498,3654.825,7297667800,-0.00150483736812701
2019-06-18,3661.13,3675.645,3638.78,3667.619,7069226600,0.3500578003050814
2019-06-19,3761.338,3771.347,3715.133,3715.938,12559571500,1.3174487317248573
2019-06-20,3718.942,3845.791,3717.186,3828.518,16887207300,3.029652270839822
2019-06-21,3832.732,3856.086,3817.307,3833.938,15363515500,0.1415691398081398
2019-06-24,3836.305,3853.545,3819.769,3841.266,10008462100,0.19113506791188506
2019-06-25,3837.426,3838.058,3755.01,3801.31,12407591200,-1.0401778996820377
2019-06-26,3779.513,3809.758,3771.716,3794.331,8182028300,-0.18359460291320628
2019-06-27,3807.538,3854.08,3805.833,3834.817,10531635800,1.0670128673539558
2019-06-28,3832.06,3835.233,3803.055,3825.587,8476613900,-0.24068945141320075
2019-07-01,3899.331,3936.668,3886.909,3935.812,15837034000,2.8812571770031603
2019-07-02,3931.049,3942.426,3918.938,3937.169,13186349600,0.03447827284432936
2019-07-03,3927.437,3927.437,3878.841,3893.534,11199260300,-1.108283642383645
2019-07-04,3895.198,3906.889,3854.693,3873.102,9934225600,-0.5247674734572771
2019-07-05,3875.374,3900.31,3857.928,3893.203,7400652700,0.518989688368654
2019-07-08,3875.755,3875.755,3775.026,3802.79,10953908600,-2.322329454693217
2019-07-09,3798.095,3811.099,3774.764,3793.13,7484273200,-0.2540240192069443
2019-07-10,3807.95,3810.396,3774.23,3786.739,7283394800,-0.16848882057826087
2019-07-11,3806.186,3830.739,3774.414,3785.221,7531196500,-0.040087262417609626
2019-07-12,3783.073,3820.235,3774.522,3808.731,7546596700,0.6210997984001487
2019-07-15,3792.641,3844.868,3745.855,3824.188,10120522200,0.40583070844331104
2019-07-16,3819.247,3828.326,3799.867,3806.845,8073095200,-0.45350803883073
2019-07-17,3800.106,3820.271,3787.897,3804.638,9518388500,-0.05797451695563893
2019-07-18,3793.189,3793.392,3767.996,3768.402,8749644500,-0.9524164979690553
2019-07-19,3787.508,3828.151,3787.508,3807.955,8808614900,1.0495960887400013
2019-07-22,3813.502,3816.539,3765.443,3781.683,9210137700,-0.6899241193764061
2019-07-23,3783.541,3792.965,3768.761,3789.914,7131334600,0.2176544147143078
2019-07-24,3803.587,3840.058,3803.574,3819.833,9094068400,0.7894374384220804
2019-07-25,3821.39,3851.067,3812.953,3851.067,9374041700,0.8176797257890556
2019-07-26,3835.228,3863.588,3832.522,3858.569,8325930000,0.19480315455431274
2019-07-29,3857.939,3862.747,3842.426,3854.27,8481437000,-0.11141436112713787
2019-07-30,3861.57,3890.73,3861.57,3870.318,9412395500,0.4163693773399535
2019-07-31,3856.745,3856.745,3830.091,3835.359,8215115500,-0.9032591120419653
2019-08-01,3819.324,3831.264,3791.546,3803.469,8411418000,-0.8314736638734388
2019-08-02,3729.131,3754.533,3720.058,3747.438,10833589700,-1.473155164403861
2019-08-05,3724.41,3739.503,3675.688,3675.688,10132598100,-1.9146414163489833
2019-08-06,3609.112,3649.895,3575.863,3636.329,12983387100,-1.0707927332243683
2019-08-07,3654.632,3659.078,3621.431,3621.431,8423871600,-0.40969890238204965
2019-08-08,3651.357,3675.46,3646.939,3669.294,8845770700,1.3216598631866638
2019-08-09,3686.749,3689.177,3628.116,3633.53,8529558000,-0.9746834132124516
2019-08-12,3647.866,3699.105,3643.316,3699.105,8208305600,1.8047188271460568
2019-08-13,3675.587,3686.43,3658.013,3665.752,7650030200,-0.9016505343860226
2019-08-14,3712.066,3717.558,3680.609,3682.402,9120259000,0.45420421239625863
2019-08-15,3618.009,3694.299,3612.111,3694.001,8859883200,0.3149846214508978
2019-08-16,3697.941,3738.096,3687.075,3710.539,8831916900,0.4476988501086021
2019-08-19,3736.034,3791.095,3720.689,3791.095,13932701300,2.171005344506538
2019-08-20,3786.026,3799.898,3778.731,3787.732,10860208800,-0.08870787991331897
2019-08-21,3778.309,3792.596,3775.447,3781.758,8229988000,-0.15771971195428502
2019-08-22,3793.855,3797.329,3771.205,3793.506,8580779200,0.3106491742729256
2019-08-23,3796.882,3829.361,3788.035,3820.864,8795458300,0.7211798267882097
2019-08-26,3756.362,3778.867,3753.165,3765.911,9385926900,-1.43823491231303
2019-08-27,3791.459,3848.236,3790.873,3816.946,12473147800,1.3551833805950153
2019-08-28,3818.813,3822.588,3790.138,3802.584,8875081200,-0.3762694049116777
2019-08-29,3805.494,3808.595,3774.397,3790.187,8408338700,-0.3260151518020393
2019-08-30,3816.678,3828.97,3778.919,3799.586,9669515000,0.2479824874076053
2019-09-02,3803.689,3855.777,3799.817,3848.32,11028934900,1.2826134215675244
2019-09-03,3852.579,3856.681,3833.757,3853.611,9771463100,0.137488566439381
2019-09-04,3848.648,3886.001,3846.422,3886.001,12662861500,0.8405103680677817
2019-09-05,3909.209,3970.004,3909.209,3925.323,18165623100,1.0118885713101822
2019-09-06,3946.685,3948.54,3922.336,3948.508,12188237600,0.5906520304189034
2019-09-09,3980.958,3985.239,3954.876,3972.948,14680975400,0.6189679747388155
2019-09-10,3976.87,3976.923,3938.744,3959.265,13088938600,-0.34440420564275653
2019-09-11,3969.676,3971.224,3922.953,3930.1,13159487500,-0.7366266213552297
2019-09-12,3944.692,3975.931,3933.437,3972.38,11024127300,1.0757995979746138
2019-09-16,3981.362,3982.204,3943.373,3957.715,11025980500,-0.3691741474884047
2019-09-17,3947.158,3947.158,3879.485,3891.221,11369431700,-1.6801108720562286
2019-09-18,3902.995,3923.146,3902.511,3910.084,8205615200,0.4847578690596155
2019-09-19,3923.963,3924.382,3897.067,3924.382,8598423800,0.365669893536813
2019-09-20,3933.459,3942.224,3921.412,3935.651,10345595500,0.287153493212422
2019-09-23,3925.186,3925.186,3868.214,3890.662,9403622500,-1.1431145698640455
2019-09-24,3895.866,3927.012,3886.14,3901.076,8778323000,0.2676665307857595
2019-09-25,3887.555,3889.839,3867.228,3870.984,8952083500,-0.7713769226746714
2019-09-26,3884.702,3890.745,3840.247,3841.139,10269830100,-0.7709925951644325
2019-09-27,3843.458,3859.5,3832.247,3852.653,7400394700,0.29975483834352445
2019-09-30,3842.074,3857.232,3813.549,3814.528,6593131300,-0.989577831172439
2019-10-08,3818.589,3861.643,3818.589,3837.679,7665786000,0.6069165044797264
2019-10-09,3822.607,3845.34,3805.067,3843.239,7585451200,0.14487923560047022
2019-10-10,3838.487,3877.142,3829.433,3874.639,7922269400,0.817019186160417
2019-10-11,3885.52,3922.369,3868.842,3911.725,9341257700,0.9571472335874409
2019-10-14,3944.859,3983.812,3934.733,3953.241,12239361100,1.0613220510133026
2019-10-15,3953.165,3953.165,3928.151,3936.25,8527394900,-0.42979924573280925
2019-10-16,3939.276,3964.046,3919.017,3922.685,8322970700,-0.34461733883772716
2019-10-17,3929.386,3935.812,3913.917,3925.222,6486374500,0.06467508861915938
2019-10-18,3935.42,3940.541,3864.965,3869.378,8232114000,-1.4226966016189668
2019-10-21,3865.344,3884.745,3856.037,3880.84,7418291800,0.2962233206474041
2019-10-22,3896.315,3897.435,3870.549,3895.881,6891856600,0.3875707321095323
2019-10-23,3892.677,3901.424,3862.197,3871.085,7019862500,-0.6364670789482441
2019-10-24,3877.924,3890.196,3852.583,3870.668,7133457500,-0.010772173692907838
2019-10-25,3871.769,3899.722,3849.034,3896.792,7745362000,0.6749222614804484
2019-10-28,3904.982,3927.796,3897.818,3926.585,9740602000,0.7645519699280845
2019-10-29,3929.708,3932.375,3910.226,3910.226,8225707500,-0.4166215681056129
2019-10-30,3904.717,3908.1,3883.447,3891.226,7787292300,-0.4859054182545952
2019-10-31,3906.859,3907.151,3878.876,3886.752,8671453900,-0.11497661662417391
2019-11-01,3883.808,3956.08,3876.416,3952.387,10068961200,1.6886850511687035
2019-11-04,3964.005,3985.357,3964.005,3978.122,10419385500,0.6511255097236157
2019-11-05,3982.116,4030.638,3970.866,4002.813,11291188000,0.6206697532152194
2019-11-06,4006.327,4007.501,3973.776,3984.882,9731295200,-0.44795997214959193
2019-11-07,3984.553,4005.383,3975.548,3991.875,8725489800,0.17548825787061517
2019-11-08,4017.674,4022.036,3971.573,3973.011,9710694800,-0.47255988727101794
2019-11-11,3948.619,3948.619,3897.55,3902.978,9415562100,-1.7627185024154168
2019-11-12,3905.958,3914.882,3877.74,3903.689,7654306900,0.01821685902405612
2019-11-13,3905.283,3908.42,3882.431,3899.982,7674907800,-0.094961458251408
2019-11-14,3905.928,3916.946,3895.142,3905.857,8700844600,0.15064172091050487
2019-11-15,3908.489,3915.105,3877.089,3877.089,8373091700,-0.736534901303354
2019-11-18,3874.441,3913.103,3868.317,3907.929,7664599300,0.7954421474462015
2019-11-19,3904.1,3947.039,3902.378,3947.039,8216102500,1.000785838227869
2019-11-20,3940.134,3943.227,3901.987,3907.864,7681533300,-0.9925161621154532
2019-11-21,3894.539,3901.826,3875.968,3889.598,6913053800,-0.4674164709928541
2019-11-22,3894.174,3918.839,3833.503,3849.995,9104263900,-1.018177199803172
2019-11-25,3850.966,3878.251,3839.42,3878.206,10606628900,0.7327541983820796
2019-11-26,3893.435,3899.11,3869.595,3891.653,11151353700,0.3467324840402908
2019-11-27,3883.429,3889.978,3862.701,3875.619,7643730500,-0.41201001219789424
2019-11-28,3877.901,3887.69,3852.011,3862.303,6523011900,-0.3435838249322254
2019-11-29,3857.188,3861.658,3804.829,3828.671,7414433100,-0.8707758039698144
2019-12-02,3835.513,3854.751,3829.313,3836.059,7741217300,0.19296513072031285
2019-12-03,3829.212,3851.121,3811.628,3851.087,7361124000,0.39175622689848755
2019-12-04,3841.663,3852.992,3831.075,3849.819,7968338500,-0.03292576875049136
2019-12-05,3863.609,3883.403,3859.822,3879.364,8905119300,0.7674386769871644
2019-12-06,3885.058,3902.385,3878.7,3902.385,7864888700,0.5934220145364044
2019-12-09,3909.53,3911.968,3885.251,3895.447,9535380600,-0.1777887112624721
2019-12-10,3886.444,3900.959,3882.088,3900.384,8626292800,0.1267377017323046
2019-12-11,3907.159,3909.385,3890.341,3902.749,9976548000,0.06063505542017733
2019-12-12,3908.454,3908.454,3886.119,3891.024,8470833000,-0.30042926152822336
2019-12-13,3928.004,3969.457,3925.276,3968.221,14857134900,1.9839764545271477
2019-12-16,3970.709,3987.587,3953.513,3987.546,14848667000,0.4869940459465205
2019-12-17,3987.743,4067.136,3984.519,4041.8,20116293700,1.3605861850872758
2019-12-18,4039.724,4057.64,4025.343,4032.783,15135176400,-0.2230936711366316
2019-12-19,4034.616,4038.544,4014.895,4027.15,11790055800,-0.1396802158707744
2019-12-20,4032.152,4046.726,4014.93,4017.253,12126766200,-0.24575692487243117
2019-12-23,4014.693,4032.172,3964.38,3967.096,12281624600,-1.2485397359837669
2019-12-24,3971.56,3994.509,3963.665,3992.958,9598904500,0.6519126333217162
2019-12-25,3988.657,4000.556,3976.356,3990.867,9493889000,-0.05236719244229304
2019-12-26,3993.669,4025.988,3993.541,4025.988,10886064000,0.8800343384031573
2019-12-27,4029.245,4066.796,4019.722,4022.028,15092641100,-0.09836094891489955
2019-12-30,4015.52,4083.69,4001.495,4081.633,15597148800,1.4819638252145495
2019-12-31,4077.752,4098.144,4069.009,4096.582,12326425800,0.366250468868734
2020-01-02,4121.349,4172.656,4121.349,4152.241,18211677200,1.3586692515858312
2020-01-03,4161.219,4164.299,4131.864,4144.965,14282624400,-0.17523067663942626
2020-01-06,4120.521,4170.638,4102.38,4129.295,17530995300,-0.37804903057082617
2020-01-07,4137.402,4161.25,4135.097,4160.227,13948903100,0.7490867085059305
2020-01-08,4139.632,4149.813,4101.98,4112.317,16758585000,-1.1516198515129084
2020-01-09,4145.535,4165.657,4143.592,4164.37,13688632400,1.2657827691785473
2020-01-10,4177.578,4180.977,4148.482,4163.185,11303171900,-0.028455684773431855
2020-01-13,4166.925,4203.988,4148.601,4203.988,11969198200,0.9800909640095279
2020-01-14,4215.158,4223.508,4188.081,4189.886,12932078300,-0.33544339327323813
2020-01-15,4186.881,4193.869,4150.88,4166.734,10463313600,-0.5525687333736484
2020-01-16,4174.817,4175.294,4142.18,4149.043,10026764200,-0.4245771388334485
2020-01-17,4162.194,4177.028,4141.645,4154.853,9872568200,0.1400322917839203
2020-01-20,4170.737,4185.963,4149.488,4185.83,12240914700,0.7455618766777139
2020-01-21,4165.02,4165.02,4113.325,4114.309,13052750700,-1.7086455971694892
2020-01-22,4093.801,4141.177,4046.487,4131.931,12675876300,0.4283100758839309
2020-01-23,4093.323,4103.524,3972.393,4003.901,16035760300,-3.0985512584793873
2020-02-03,3639.909,3732.157,3639.909,3688.358,15755964700,-7.880889162843929
2020-02-04,3652.004,3786.863,3652.004,3785.638,21393332800,2.637488009569555
2020-02-05,3801.099,3866.011,3781.613,3828.527,17492552400,1.1329398109380717
2020-02-06,3841.754,3914.915,3806.96,3899.775,17646223500,1.8609768195444465
2020-02-07,3879.553,3899.884,3849.713,3899.869,15173175900,0.0024103954715304354
2020-02-10,3872.374,3920.167,3861.007,3916.005,14840696900,0.41375748775152044
2020-02-11,3926.42,3970.522,3915.708,3952.464,14344167400,0.931025368966587
2020-02-12,3945.666,3984.433,3940.667,3984.433,12671032100,0.8088372215407924
2020-02-13,3985.876,3999.55,3950.142,3959.919,14500184300,-0.6152443773053795
2020-02-14,3954.234,4001.563,3954.023,3987.734,14323980300,0.702413357444942
2020-02-17,3999.651,4077.446,3999.651,4077.424,18277896900,2.249147009304031
2020-02-18,4069.832,4076.388,4027.786,4057.511,16323622000,-0.48837207020903106
2020-02-19,4049.586,4085.17,4042.845,4051.311,16904644100,-0.15280303614703117
2020-02-20,4062.897,4148.529,4055.811,4144.656,21223262400,2.3040689791526736
2020-02-21,4134.875,4184.438,4130.168,4149.49,21721360400,0.11663211615149383
2020-02-24,4131.836,4149.01,4097.175,4132.839,21286930300,-0.40127822937275903
2020-02-25,4066.302,4126.708,4020.908,4123.854,24416783100,-0.2174050331987254
2020-02-26,4070.099,4132.782,4061.125,4073.015,26109406100,-1.232803101176727
2020-02-27,4084.078,4110.528,4067.441,4084.876,18129098100,0.291209337554621
2020-02-28,3988.727,4031.145,3928.066,3940.049,23027509300,-3.545444219114613
2020-03-02,3968.844,4092.539,3968.844,4069.666,21931355900,3.289730660710055
2020-03-03,4125.136,4147.653,4067.909,4091.362,21936977700,0.533115002557949
2020-03-04,4078.5,4115.262,4060.729,4115.052,18242473000,0.5790247844116303
2020-03-05,4150.21,4215.851,4127.039,4206.725,23182311500,2.22774827632799
2020-03-06,4158.202,4181.31,4135.39,4138.507,17247571700,-1.6216415382512728
2020-03-09,4063.076,4063.076,3995.131,3997.133,20810203500,-3.4160628458523745
2020-03-10,3975.229,4093.002,3954.751,4082.732,19741640200,2.1415099272403593
2020-03-11,4090.935,4091.27,4028.396,4028.429,16165611100,-1.3300652602228125
2020-03-12,3976.114,3987.434,3926.27,3950.911,15706045800,-1.9242737057051262
2020-03-13,3771.014,3937.181,3765.148,3895.313,18829672200,-1.407219752608957
2020-03-16,3899.86,3899.86,3720.513,3727.84,18596826000,-4.299346419658701
2020-03-17,3739.783,3786.891,3618.307,3709.682,16624612900,-0.48709172067471496
2020-03-18,3729.685,3775.851,3636.257,3636.257,15503754700,-1.979280164714925
2020-03-19,3623.789,3647.987,3503.187,3589.093,18080740700,-1.2970480359336567
2020-03-20,3629.513,3663.952,3588.777,3653.224,13960300000,1.7868302660310142
2020-03-23,3542.684,3585.801,3523.788,3530.306,13710879000,-3.3646444893606353
2020-03-24,3598.655,3627.759,3545.452,3625.115,14310302100,2.685574564924398
2020-03-25,3711.475,3732.654,3685.994,3722.518,15349595800,2.6868940709467326
2020-03-26,3692.608,3736.254,3681.267,3698.047,11231066500,-0.6573776137549947
2020-03-27,3746.391,3758.783,3709.921,3710.061,12406099500,0.32487418358935205
2020-03-30,3657.462,3690.639,3637.585,3674.111,12687667300,-0.9689867632904248
2020-03-31,3708.14,3716.071,3676.202,3686.155,11145302500,0.32780718927654107
2020-04-01,3682.297,3731.78,3670.965,3675.076,11935262000,-0.30055708455016816
2020-04-02,3656.323,3734.531,3652.317,3734.531,11516820900,1.617789672921055
2020-04-03,3721.482,3738.832,3698.982,3713.218,9982508300,-0.5707008457019103
2020-04-07,3779.908,3803.629,3772.205,3798.021,14277803000,2.283814201051504
2020-04-08,3776.417,3793.002,3767.292,3780.345,11138951300,-0.46540027029867703
2020-04-09,3798.488,3801.725,3785.312,3792.811,10048503200,0.3297582628040585
2020-04-10,3794.843,3824.744,3758.96,3769.178,10244495600,-0.6230998591809644
2020-04-13,3751.709,3769.876,3740.194,3753.257,7905334300,-0.422399791148087
2020-04-14,3777.834,3825.76,3764.984,3825.699,11063758500,1.9301103015327836
2020-04-15,3820.851,3829.801,3793.44,3797.362,10846198400,-0.7407012417861458
2020-04-16,3777.799,3807.357,3774.559,3802.381,9594796500,0.13217070166078315
2020-04-17,3831.923,3863.452,3821.42,3839.487,13200430100,0.9758622294820052
2020-04-20,3845.46,3853.798,3831.553,3853.455,10001311500,0.36379860121937835
2020-04-21,3838.231,3838.231,3779.997,3808.047,10292188800,-1.178371098144393
2020-04-22,3789.13,3839.383,3782.215,3839.383,8589946400,0.8228890032081937
2020-04-23,3851.913,3857.471,3826.557,3829.753,9550845000,-0.25082155127528205
2020-04-24,3826.312,3827.212,3787.071,3796.972,9484413500,-0.8559559846287756
2020-04-27,3808.017,3842.871,3793.766,3822.769,9546273500,0.6794098033906959
2020-04-28,3835.348,3859.675,3768.2,3849.147,12209347600,0.6900233835735348
2020-04-29,3837.514,3880.744,3833.716,3867.032,9585459000,0.4646484013211216
2020-04-30,3880.409,3921.7,3880.409,3912.577,13291712500,1.1777766514474264
2020-05-06,3867.259,3937.691,3865.988,3936.254,13985567500,0.6051510296155138
2020-05-07,3937.592,3941.483,3915.905,3924.895,10551464600,-0.2885738572764862
2020-05-08,3942.997,3979.663,3935.981,3963.622,11694334100,0.9867015550734548
2020-05-11,3974.761,3998.097,3944.504,3960.18,12267380300,-0.0868397642358465
2020-05-12,3961.343,3970.112,3930.211,3960.238,9825055400,0.0014645798928292209
2020-05-13,3946.643,3972.525,3932.571,3968.253,8819066900,0.20238682624631466
2020-05-14,3952.199,3952.199,3924.045,3925.218,8853000400,-1.0844822646136842
2020-05-15,3941.125,3945.196,3907.402,3912.816,9261838200,-0.3159569735999401
2020-05-18,3914.66,3946.431,3898.404,3922.912,11280176200,0.2580238886776165
2020-05-19,3963.775,3966.852,3944.072,3956.25,9401529100,0.8498278829604189
2020-05-20,3955.715,3955.715,3923.921,3935.222,10079115000,-0.5315134281200562
2020-05-21,3950.598,3951.743,3907.579,3913.795,9486103300,-0.5444927884627582
2020-05-22,3907.576,3907.576,3818.149,3824.064,10337836000,-2.2926852326194957
2020-05-25,3828.321,3835.633,3800.18,3829.325,7903332600,0.13757614935314688
2020-05-26,3850.001,3874.748,3844.478,3872.77,7744807600,1.1345341541916687
2020-05-27,3873.698,3873.698,3838.425,3845.614,8371183100,-0.7012035313225362
2020-05-28,3848.489,3885.421,3818.432,3856.632,9306405400,0.2865082142929687
2020-05-29,3838.377,3872.303,3830.419,3867.023,9381383200,0.26943198106534894
2020-06-01,3901.726,3976.315,3901.726,3971.34,13645665200,2.6976048500358063
2020-06-02,3969.952,3991.776,3958.977,3983.568,14430306000,0.3079061475471878
2020-06-03,4001.171,4018.676,3982.93,3983.648,13659748300,0.002008249890539382
2020-06-04,3998.164,3999.805,3968.572,3982.185,10427773700,-0.03672513234102004
2020-06-05,3988.224,4001.251,3967.926,4001.251,10244394200,0.47878237701162174
2020-06-08,4023.606,4050.221,4016.102,4021.955,13792581300,0.517438171211948
2020-06-09,4027.561,4052.156,4016.339,4047.029,11530447900,0.6234281586939616
2020-06-10,4046.232,4046.232,4024.419,4039.705,11226572800,-0.18097226385084264
2020-06-11,4031.74,4043.012,3979.752,3995.885,12730894100,-1.0847326723114614
2020-06-12,3931.624,4011.059,3927.249,4003.083,13416664900,0.18013531420448814
2020-06-15,3982.967,4007.14,3954.988,3954.988,13129786000,-1.2014489831962072
2020-06-16,3995.579,4014.57,3987.864,4014.57,11105153900,1.5065026745972432
2020-06-17,4018.609,4018.609,3992.134,4017.594,10560579900,0.07532562640581997
2020-06-18,4009.783,4047.557,4000.901,4044.384,13814876100,0.666817005401743
2020-06-19,4047.048,4109.36,4043.493,4098.71,15294699000,1.343245349600819
2020-06-22,4097.507,4126.942,4088.782,4102.046,15582946500,0.08139146219177107
2020-06-23,4098.037,4124.725,4080.753,4121.794,12922951000,0.48141829711318973
2020-06-24,4128.1,4144.678,4123.358,4138.99,12171246500,0.41719697782081067
2020-06-29,4127.935,4137.37,4092.535,4109.716,13086585400,-0.7072739967963093
2020-06-30,4130.003,4174.424,4129.775,4163.964,12593352100,1.3199938876554906
2020-07-01,4172.643,4247.784,4163.495,4247.784,16999045600,2.0129857030464215
2020-07-02,4239.408,4340.104,4238.116,4335.845,25293936800,2.0731044704721535
2020-07-03,4353.194,4419.596,4348.454,4419.596,29048553900,1.9315958019716861
2020-07-06,4465.808,4678.112,4465.808,4670.095,40582102500,5.6679162529788
2020-07-07,4739.61,4796.316,4688.057,4698.126,40600855300,0.600223335927863
2020-07-08,4692.862,4803.364,4670.65,4774.004,34807484700,1.615069497923205
2020-07-09,4770.077,4854.12,4757.294,4840.771,35104689300,1.39855349932676
2020-07-10,4796.087,4821.375,4734.473,4753.133,31694965100,-1.810414084863754
2020-07-13,4742.374,4878.077,4741.874,4852.961,32164544600,2.1002568200805705
2020-07-14,4836.166,4860.44,4729.926,4806.69,29724198500,-0.9534591355669364
2020-07-15,4821.516,4837.476,4723.361,4744.469,27238900600,-1.2944666704114427
2020-07-16,4741.53,4772.564,4513.654,4516.253,28465713300,-4.810148406491866
2020-07-17,4524.772,4601.373,4485.821,4544.701,20737556300,0.6299027091706488
2020-07-20,4597.204,4681.943,4534.231,4680.305,24606891400,2.983782651487976
2020-07-21,4697.503,4714.293,4661.444,4691.043,20041565900,0.22942949230870813
2020-07-22,4682.658,4790.449,4675.349,4714.445,22419921100,0.498865604088472
2020-07-23,4668.74,4731.4,4607.659,4712.436,23431456900,-0.04261371168822192
2020-07-24,4679.027,4691.698,4479.393,4505.591,24390520300,-4.389343430870984
2020-07-27,4535.005,4558.119,4482.441,4528.45,17142055100,0.5073474267859535
2020-07-28,4567.669,4590.25,4537.685,4568.258,16276849800,0.8790645805960118
2020-07-29,4559.163,4680.558,4548.854,4679.008,18669530500,2.424337679701982
2020-07-30,4689.763,4704.631,4649.768,4656.151,16696756600,-0.48850098140460485
2020-07-31,4652.182,4741.808,4621.964,4695.046,18483902600,0.8353466199872095
2020-08-03,4735.899,4771.369,4720.025,4771.311,21477623900,1.6243717313951578
2020-08-04,4778.487,4807.078,4747.775,4775.802,23997498500,0.0941250738004662
2020-08-05,4761.764,4786.703,4711.272,4777.109,19670054800,0.02736713121693768
2020-08-06,4779.238,4791.857,4691.157,4762.764,22785440600,-0.30028621913379405
2020-08-07,4742.294,4749.022,4637.843,4707.926,21351821600,-1.1513902431445233
2020-08-10,4681.755,4757.663,4646.289,4724.87,20378883200,0.35990370281944184
2020-08-11,4730.375,4791.534,4674.864,4681.784,20554651100,-0.9118981051330577
2020-08-12,4668.89,4681.621,4566.274,4647.645,20288723900,-0.7291878480510716
2020-08-13,4666.49,4671.769,4626.103,4635.713,15255009200,-0.2567321729607275
2020-08-14,4627.61,4708.071,4617.632,4704.629,14729292100,1.4866321534573013
2020-08-17,4727.12,4838.086,4721.359,4815.226,26800155600,2.350812359486798
2020-08-18,4816.57,4825.386,4788.829,4812.756,18913985400,-0.05129561935409699
2020-08-19,4804.666,4809.05,4738.009,4740.678,19244294800,-1.4976450083902138
2020-08-20,4708.125,4721.436,4662.803,4679.154,15836863900,-1.2977890504269562
2020-08-21,4717.787,4739.484,4684.81,4718.843,14265786400,0.8482088856233361
2020-08-24,4746.404,4769.467,4716.605,4755.849,15114351200,0.7842176567434134
2020-08-25,4769.211,4802.412,4746.313,4761.951,14170135100,0.1283051669638713
2020-08-26,4761.719,4786.425,4689.881,4706.13,15130518000,-1.172229617650411
2020-08-27,4718.062,4731.935,4679.362,4731.345,11904285000,0.5357905540221086
2020-08-28,4727.292,4850.488,4719.353,4844.265,15939976500,2.386636358160321
2020-08-31,4870.934,4901.212,4816.212,4816.215,20256702900,-0.5790352096757712
2020-09-01,4803.392,4842.135,4791.783,4842.122,13839540200,0.5379120325816
2020-09-02,4859.075,4863.551,4797.52,4843.887,15798952400,0.03645096096296374
2020-09-03,4841.502,4877.012,4800.058,4817.095,14567120100,-0.5531095172120915
2020-09-04,4737.237,4778.203,4726.556,4770.219,12003279600,-0.9731176154923249
2020-09-07,4759.521,4789.303,4655.56,4669.368,14860779100,-2.1141796634494114
2020-09-08,4683.826,4707.897,4639.053,4694.389,13919922700,0.5358541027393748
2020-09-09,4634.247,4645.197,4558.03,4584.589,16227710700,-2.3389625359125588
2020-09-10,4632.099,4647.751,4572.206,4581.978,15065287800,-0.05695167004065027
2020-09-11,4572.257,4630.884,4563.106,4627.283,11530242400,0.9887651141057496
2020-09-14,4652.054,4666.986,4625.988,4651.051,10723517900,0.5136491543741739
2020-09-15,4649.447,4691.5,4630.537,4688.483,10191592500,0.8048073435444891
2020-09-16,4683.006,4690.682,4638.459,4657.358,10875364100,-0.6638607839678623
2020-09-17,4642.054,4664.949,4601.639,4632.714,10598363100,-0.5291411997961126
2020-09-18,4636.642,4737.804,4631.705,4737.089,16042647500,2.252998997995559
2020-09-21,4750.748,4752.98,4688.72,4691.428,12453582700,-0.96390420361534
2020-09-22,4654.218,4706.21,4622.111,4635.761,11967294700,-1.186568354027806
2020-09-23,4639.659,4665.96,4623.553,4652.327,9582652800,0.3573523311490856
2020-09-24,4623.954,4631.948,4562.209,4563.066,11259368300,-1.9186312570032227
2020-09-25,4582.482,4599.539,4554.72,4570.022,9301515500,0.15244136289065402
2020-09-28,4582.647,4613.632,4571.151,4581.909,8504838900,0.26010815702854906
2020-09-29,4608.293,4616.677,4586.354,4591.799,8599385800,0.21584889616970138
2020-09-30,4607.575,4634.724,4563.411,4587.395,8908120000,-0.09591012150138578
2020-10-09,4663.61,4695.404,4655.085,4681.141,11133751200,2.0435563102806586
2020-10-12,4705.188,4823.267,4704.155,4823.158,15578455800,3.0338116284042815
2020-10-13,4812.899,4845.919,4795.373,4839.201,11651633800,0.3326243925660277
2020-10-14,4830.458,4830.458,4795.907,4807.102,11190692300,-0.6633119806348176
2020-10-15,4810.782,4833.893,4796.265,4798.736,10996496200,-0.1740341686113589
2020-10-16,4798.916,4825.552,4765.967,4791.676,11671610200,-0.14712207547986633
2020-10-19,4823.494,4849.605,4747.336,4755.488,12924636100,-0.7552263550373639
2020-10-20,4751.369,4793.467,4739.458,4793.467,9804815600,0.79863517687353
2020-10-21,4801.631,4801.631,4758.855,4792.828,10380570300,-0.013330643561315636
2020-10-22,4780.595,4791.808,4725.499,4777.985,10135089100,-0.309691897977582
2020-10-23,4775.467,4802.456,4717.098,4718.488,10682518400,-1.2452320381918236
2020-10-26,4684.047,4713.395,4639.302,4691.236,10834327500,-0.577557895664893
2020-10-27,4680.137,4708.462,4671.854,4699.279,9265630400,0.17144735417278234
2020-10-28,4703.004,4753.313,4685.601,4737.272,10846340200,0.808485727278585
2020-10-29,4683.607,4803.032,4679.253,4772.92,11711725000,0.7525005952793151
2020-10-30,4776.473,4778.509,4683.472,4695.334,13980230300,-1.6255457874843948
2020-11-02,4702.746,4738.024,4695.444,4720.831,14286769300,0.5430284618729964
2020-11-03,4743.174,4793.396,4734.175,4777.561,13605540800,1.2016952100170508
2020-11-04,4781.448,4825.464,4770.558,4813.656,11466180600,0.7555110233024909
2020-11-05,4861.338,4885.112,4838.0,4885.112,13924459400,1.484443425122195
2020-11-06,4897.63,4897.63,4845.429,4885.718,15363903400,0.012405038001173097
2020-11-09,4918.861,4997.802,4918.861,4981.35,19713198400,1.957378628893447
2020-11-10,4995.413,4995.413,4928.932,4953.876,17626721400,-0.5515372338823821
2020-11-11,4937.758,4957.585,4901.707,4904.898,16447051500,-0.9886803787579668
2020-11-12,4916.774,4926.342,4891.51,4908.463,11811461900,0.07268244925786593
2020-11-13,4886.978,4886.978,4825.758,4856.851,13369307900,-1.0514900489216328
2020-11-16,4880.958,4904.172,4848.624,4904.172,14877098000,0.9743144271874948
2020-11-17,4903.12,4909.29,4865.394,4894.786,15148746400,-0.19138806713956402
2020-11-18,4889.675,4911.088,4870.716,4891.672,16421661600,-0.06361871591527013
2020-11-19,4880.922,4939.791,4870.201,4927.989,13368137800,0.7424250849198399
2020-11-20,4928.222,4947.43,4922.59,4943.288,12940034100,0.3104511799843612
2020-11-23,4954.599,5029.652,4940.449,5005.027,20591518700,1.24894604562793
2020-11-24,4997.049,5001.061,4960.982,4974.286,15663791100,-0.6142024808257762
2020-11-25,4992.747,5004.773,4910.7,4910.7,17034052700,-1.2782940104368756
2020-11-26,4908.321,4925.286,4867.815,4919.591,13720233800,0.18105361761053818
2020-11-27,4930.593,4980.765,4917.348,4980.765,16295292200,1.243477354113387
2020-11-30,4994.106,5055.192,4960.252,4960.252,26263895000,-0.4118443652732062
2020-12-01,4963.13,5072.549,4963.13,5067.098,20406563800,2.154043786485027
2020-12-02,5072.976,5090.608,5043.309,5067.145,19543547600,0.00092755261493771
2020-12-03,5065.453,5072.305,5033.789,5057.06,17786574800,-0.19902726288669736
2020-12-04,5049.523,5072.387,5017.851,5065.916,14434716700,0.17512151329033276
2020-12-07,5065.729,5067.87,5014.609,5022.235,13989621700,-0.8622527495521171
2020-12-08,5029.106,5043.061,4998.922,5009.879,12307302900,-0.2460259227216488
2020-12-09,5022.385,5033.642,4942.52,4942.699,13891696500,-1.340950549903508
2020-12-10,4931.293,4962.743,4919.77,4940.525,12591427000,-0.04398406619541273
2020-12-11,4957.824,4957.824,4849.355,4889.629,15935769700,-1.0301739187636882
2020-12-14,4903.627,4937.26,4887.66,4934.835,12080155200,0.9245282208527605
2020-12-15,4931.602,4954.189,4904.793,4945.1,11834263300,0.20801100746024037
2020-12-16,4957.297,4968.856,4938.193,4953.867,10677896800,0.17728660694424914
2020-12-17,4960.729,5021.617,4950.371,5017.478,13338547900,1.2840675779143718
2020-12-18,5014.321,5027.445,4979.005,4999.968,12804961800,-0.34898010514445854
2020-12-21,4995.762,5048.507,4969.999,5046.84,14081178200,0.937445999654396
2020-12-22,5034.983,5055.135,4960.946,4964.773,16234497000,-1.6261066330614748
2020-12-23,4977.299,5028.451,4968.151,5007.124,14029281900,0.8530299371189765
2020-12-24,5006.005,5033.038,4979.237,5000.015,11441866700,-0.14197771015855842
2020-12-25,4985.77,5042.098,4973.681,5042.014,12100697900,0.8399774800675663
2020-12-28,5042.943,5089.345,5037.858,5064.415,13691440700,0.44428674731962214
2020-12-29,5071.449,5077.417,5034.308,5042.936,14119866200,-0.4241161121274706
2020-12-30,5037.985,5113.711,5036.629,5113.711,14862644800,1.4034483086836858
2020-12-31,5122.48,5215.618,5122.48,5211.289,17160250900,1.9081641492841417
2021-01-04,5212.931,5284.434,5190.937,5267.718,21171138200,1.0828223113321878
2021-01-05,5245.836,5368.505,5234.378,5368.505,22493115900,1.9132952827011662
2021-01-06,5386.514,5433.469,5341.43,5417.668,19377344400,0.9157670524661876
2021-01-07,5428.394,5513.657,5413.353,5513.657,21987208000,1.7717770819474454
2021-01-08,5526.288,5547.473,5442.694,5495.431,20432495600,-0.33056100515502784
2021-01-11,5504.236,5555.692,5412.505,5441.158,23183598300,-0.9876022463024103
2021-01-12,5419.5,5596.353,5417.627,5596.353,22422018600,2.8522421146380816
2021-01-13,5609.264,5644.72,5535.144,5577.971,26156988600,-0.32846391212277837
2021-01-14,5556.213,5568.018,5458.682,5470.456,24368338000,-1.9274929898344673
2021-01-15,5471.391,5500.635,5390.274,5458.081,23863743500,-0.22621514550158484
2021-01-18,5438.162,5541.461,5410.775,5518.521,20705186900,1.1073489015644755
2021-01-19,5525.969,5532.479,5415.717,5437.523,21104342500,-1.4677483332943608
2021-01-20,5439.911,5496.049,5426.536,5476.434,17091326000,0.7156015707887597
2021-01-21,5492.959,5593.106,5490.563,5564.969,20995019700,1.6166541950473512
2021-01-22,5562.379,5573.659,5513.877,5569.776,19930002000,0.08637963661612957
2021-01-25,5564.124,5655.48,5543.266,5625.923,19704701900,1.008065674454417
2021-01-26,5600.902,5600.902,5505.996,5512.968,17190459000,-2.0077594378735686
2021-01-27,5505.771,5534.993,5449.639,5528.003,16019084100,0.2727206107490554
2021-01-28,5450.37,5462.235,5360.377,5377.143,17048558500,-2.7290144379443992
2021-01-29,5413.968,5430.202,5288.096,5351.965,18217878400,-0.46824122029114346
2021-02-01,5356.854,5422.299,5342.046,5417.648,16631370600,1.227268862931652
2021-02-02,5429.703,5503.215,5411.517,5501.092,16521056500,1.5402255739021653
2021-02-03,5499.296,5532.886,5473.124,5485.201,18805431700,-0.28886991891791114
2021-02-04,5453.976,5510.054,5411.575,5473.948,18057565400,-0.20515200810324874
2021-02-05,5494.701,5550.771,5477.652,5483.414,18969959800,0.17292820465228953
2021-02-08,5506.142,5576.491,5479.853,5564.562,16403377500,1.4798809646690891
2021-02-09,5584.165,5686.25,5555.054,5686.25,16488726000,2.186838784436218
2021-02-10,5709.684,5823.422,5707.33,5807.719,17016978600,2.1361881732248955
2021-02-18,5922.071,5930.912,5747.663,5768.381,21884868600,-0.6773399332853369
2021-02-19,5734.019,5787.887,5667.321,5778.842,21447578000,0.1813507117508273
2021-02-22,5785.51,5785.51,5597.333,5597.333,28212438200,-3.140923389149586
2021-02-23,5542.684,5644.755,5541.109,5579.668,23380772700,-0.31559673151481116
2021-02-24,5591.48,5598.828,5379.728,5437.568,22542861000,-2.546746508932063
2021-02-25,5494.471,5527.63,5444.165,5469.558,23073602800,0.5883144817683261
2021-02-26,5343.904,5416.32,5318.858,5336.761,21226454300,-2.427929276917795
2021-03-01,5389.25,5421.555,5345.945,5418.784,17746352300,1.5369434756399958
2021-03-02,5453.285,5454.969,5305.055,5349.63,19651111500,-1.2761903777674055
2021-03-03,5327.347,5452.396,5316.481,5452.213,19470905400,1.9175718694563804
2021-03-04,5388.479,5392.373,5254.777,5280.706,21277521100,-3.145640128146121
2021-03-05,5191.97,5307.82,5174.246,5262.796,20262795600,-0.3391591957590534
2021-03-08,5299.791,5326.26,5079.798,5080.025,23023163500,-3.472887795764845
2021-03-09,5066.155,5094.311,4917.909,4970.999,23071100400,-2.1461705404993037
2021-03-10,5047.059,5055.279,4981.616,5003.612,16992849000,0.6560653100111224
2021-03-11,5024.559,5138.415,5020.578,5128.216,18960076600,2.490281020990448
2021-03-12,5153.674,5153.674,5086.823,5146.379,20102058900,0.3541777491431697
2021-03-15,5116.123,5120.876,4992.399,5035.544,20415308400,-2.1536501683999565
2021-03-16,5054.409,5084.309,5009.951,5079.362,16139005400,0.8701741063130486
2021-03-17,5062.771,5123.545,5020.126,5100.858,14916237600,0.4232027565666652
2021-03-18,5114.587,5160.457,5111.129,5141.768,14290151800,0.8020219343490842
2021-03-19,5068.532,5089.918,4980.761,5007.091,16417484900,-2.6192741485030036
2021-03-22,5008.395,5071.338,4996.541,5057.152,16740263200,0.9998020806891494
2021-03-23,5057.063,5064.02,4966.534,5009.246,15801396700,-0.9472920726922962
2021-03-24,4985.401,5024.327,4919.893,4928.685,15938598200,-1.6082460314386537
2021-03-25,4904.068,4950.761,4883.662,4926.347,13294518900,-0.04743658805544948
2021-03-26,4953.945,5050.829,4953.945,5037.99,14592669700,2.2662431209169887
2021-03-29,5052.263,5086.654,5010.39,5046.877,14338821500,0.17639971496570261
2021-03-30,5043.095,5106.037,5032.795,5094.729,13861856000,0.94815070785359
2021-03-31,5085.95,5085.95,5015.607,5048.361,14133574300,-0.9101171033827349
2021-04-01,5059.936,5115.429,5056.872,5110.777,12032489000,1.2363616627257823
2021-04-02,5129.855,5169.831,5116.347,5161.557,12700225400,0.993586689460324
2021-04-06,5178.64,5181.149,5125.33,5140.342,10983421000,-0.4110193881419866
2021-04-07,5141.656,5141.656,5065.193,5103.743,14576374800,-0.7119954275415785
2021-04-08,5078.263,5129.132,5062.073,5112.209,14177104700,0.16587825836840153
2021-04-09,5100.042,5100.042,5022.093,5035.337,12841650900,-1.5036943912112966
2021-04-12,5026.979,5045.602,4933.013,4947.746,15264431400,-1.7395260734286544
2021-04-13,4949.807,4994.54,4924.198,4939.644,13291935800,-0.1637513324248996
2021-04-14,4945.686,4987.119,4940.269,4980.628,12086083800,0.8296954193459882
2021-04-15,4969.91,4969.91,4900.303,4948.974,10882938400,-0.6355423452624742
2021-04-16,4966.9,4979.173,4917.96,4966.181,11123992400,0.3476882279033866
2021-04-19,4966.409,5088.211,4940.747,5087.017,15476982400,2.4331775261513977
2021-04-20,5065.776,5119.859,5058.925,5083.365,13654170000,-0.07179059948099198
2021-04-21,5055.24,5110.562,5047.992,5098.745,12463727700,0.30255549227726775
2021-04-22,5114.28,5119.225,5067.138,5089.244,12116764500,-0.18633997189504425
2021-04-23,5088.826,5149.983,5086.491,5135.453,12205699100,0.9079737579884339
2021-04-26,5156.594,5181.107,5072.959,5077.237,15138196700,-1.1336098295515629
2021-04-27,5076.642,5095.984,5042.61,5090.52,12396183700,0.2616186717303126
2021-04-28,5073.973,5119.446,5059.263,5119.242,12062031800,0.5642252657881652
2021-04-29,5128.28,5170.585,5113.648,5164.169,14009248000,0.8776103962266246
2021-04-30,5156.356,5163.252,5094.929,5123.489,16012162100,-0.7877356453671491
2021-05-06,5098.801,5132.899,5037.408,5061.124,15882263000,-1.2172369258526716
2021-05-07,5073.455,5093.747,4996.037,4996.053,17225832100,-1.2857025435456637
2021-05-10,5001.437,5019.393,4953.697,4992.422,17082058500,-0.07267737151708253
2021-05-11,4956.079,5033.494,4925.915,5023.06,15152649700,0.6136901087288038
2021-05-12,5003.817,5051.168,4995.405,5044.548,12661908600,0.42778704614316876
2021-05-13,4992.352,5022.084,4975.446,4992.974,13227940600,-1.0223710826024357
2021-05-14,5007.629,5112.984,4981.295,5110.59,15942618000,2.3556301314607175
2021-05-17,5115.306,5206.695,5115.306,5184.985,15388963400,1.4557027662168043
2021-05-18,5190.935,5201.672,5156.792,5187.601,11840426100,0.05045337643214687
2021-05-19,5173.167,5193.557,5151.639,5172.272,11872998300,-0.29549304196678783
2021-05-20,5167.055,5201.594,5152.036,5186.412,13845477500,0.2733808276131011
2021-05-21,5199.129,5216.162,5123.117,5134.148,12476848500,-1.007710147207741
2021-05-24,5138.815,5155.588,5092.389,5155.588,12674233600,0.417596064624548
2021-05-25,5165.036,5324.361,5161.524,5318.478,18299683900,3.1594844273824974
2021-05-26,5326.117,5344.284,5308.739,5320.593,16960709600,0.0397670160523278
2021-05-27,5311.373,5378.476,5286.05,5338.233,14846285500,0.3315419916539497
2021-05-28,5338.728,5360.277,5288.652,5321.089,16460580600,-0.3211549589536511
2021-05-31,5318.083,5331.629,5281.685,5331.57,14460326900,0.1969709583883983
2021-06-01,5320.475,5343.753,5269.259,5341.68,14383147400,0.18962519483005646
2021-06-02,5348.344,5352.64,5266.785,5289.974,13775431900,-0.9679726228452479
2021-06-03,5285.71,5314.369,5255.072,5255.286,14196887800,-0.6557310111543146
2021-06-04,5228.276,5334.49,5221.229,5282.277,14473208700,0.5135971667383998
2021-06-07,5284.891,5286.842,5242.948,5277.627,12770497100,-0.088030218786328
2021-06-08,5276.971,5319.041,5201.14,5232.117,13055953200,-0.8623193719450084
2021-06-09,5224.95,5253.356,5215.351,5236.449,12182032100,0.08279631361454154
2021-06-10,5236.469,5299.53,5229.518,5271.466,13899196700,0.66871652908298
2021-06-11,5275.746,5276.104,5213.599,5224.703,18080717300,-0.8870966824029547
2021-06-15,5218.565,5225.502,5137.409,5166.56,14288005800,-1.1128479456152807
2021-06-16,5163.249,5164.519,5076.022,5080.491,12514798500,-1.665886005388506
2021-06-17,5074.384,5123.365,5073.821,5101.892,12045251800,0.42123881333515634
2021-06-18,5104.93,5128.031,5064.921,5102.466,14858580500,0.0112507281612384
2021-06-21,5088.089,5123.783,5058.57,5090.385,13218451600,-0.2367678687128949
2021-06-22,5106.074,5125.819,5086.278,5122.158,13041675300,0.6241767567679135
2021-06-23,5127.191,5171.033,5109.757,5147.394,13635605800,0.4926829668276511
2021-06-24,5156.564,5160.435,5120.584,5155.974,12668562500,0.16668628824605403
2021-06-25,5159.802,5251.608,5157.476,5239.968,15493106100,1.6290617446868438
2021-06-28,5253.608,5260.637,5226.22,5251.76,13319378300,0.22503954222621303
2021-06-29,5248.525,5248.525,5182.677,5190.545,12516299700,-1.1656092433774634
2021-06-30,5189.38,5231.426,5186.625,5224.041,10375267100,0.6453272247904707
2021-07-01,5241.204,5252.264,5190.876,5229.664,12724062000,0.10763698064391036
2021-07-02,5186.661,5186.661,5074.362,5081.117,13042642400,-2.840469292099823
2021-07-05,5073.779,5098.231,5048.004,5085.792,13121158900,0.09200732830989544
2021-07-06,5089.778,5092.207,5028.506,5083.104,14065522000,-0.05285312494101024
2021-07-07,5052.42,5152.771,5045.406,5140.49,14854906000,1.1289558505983566
2021-07-08,5149.31,5151.217,5078.93,5088.257,17390100800,-1.0161093592245152
2021-07-09,5063.148,5081.409,5006.412,5069.436,16065322600,-0.36989090763300814
2021-07-12,5108.378,5159.412,5070.319,5132.709,20621203900,1.2481270105787035
2021-07-13,5128.614,5154.051,5114.943,5142.099,16648220900,0.18294432822900664
2021-07-14,5130.752,5130.752,5075.125,5083.085,18835272000,-1.1476636291911202
2021-07-15,5073.263,5153.806,5067.677,5151.463,18107710300,1.3452067002617474
2021-07-16,5140.904,5140.904,5090.632,5094.773,16995598200,-1.1004640817569578
2021-07-19,5083.728,5120.824,5047.623,5113.495,15319958900,0.36747466472009105
2021-07-20,5080.216,5114.003,5067.862,5108.994,12930004400,-0.0880219888745426
2021-07-21,5122.784,5160.545,5122.305,5144.043,16797646900,0.6860254680275624
2021-07-22,5150.386,5171.21,5137.88,5151.752,18555686400,0.14986266638907786
2021-07-23,5145.431,5145.431,5079.997,5089.228,21653684700,-1.2136453773396005
2021-07-26,5067.307,5067.307,4859.603,4925.299,22811171000,-3.2210975810083586
2021-07-27,4924.282,4940.86,4749.033,4751.313,23663122500,-3.532496199723101
2021-07-28,4714.295,4785.657,4663.901,4760.483,19263439300,0.192999282514128
2021-07-29,4845.76,4857.971,4800.013,4850.275,17332205400,1.8861951612892947
2021-07-30,4825.7,4825.7,4761.038,4811.17,18234977600,-0.8062429449876451
2021-08-02,4794.819,4938.815,4761.459,4933.736,22719491800,2.547530018685684
2021-08-03,4909.233,4957.029,4890.85,4934.458,20353336000,0.014633940689168234
2021-08-04,4927.736,4979.291,4919.657,4978.848,17546646100,0.8995922145856872
2021-08-05,4946.167,4997.14,4921.938,4948.67,16738182900,-0.6061241475939783
2021-08-06,4943.043,4944.349,4891.797,4921.565,15417968800,-0.5477229235330006
2021-08-09,4890.257,5002.894,4884.039,4985.563,18243687100,1.3003587273560546
2021-08-10,4977.816,5043.761,4941.24,5043.148,16705190200,1.1550350481981608
2021-08-11,5037.082,5059.789,5009.978,5015.341,18226607400,-0.5513817956562028
2021-08-12,4998.073,5016.263,4962.985,4973.351,16822373300,-0.8372312072100541
2021-08-13,4958.758,4993.743,4921.281,4945.983,15831432100,-0.550292951372211
2021-08-16,4935.923,4973.376,4931.369,4941.068,16195337300,-0.09937357245263234
2021-08-17,4935.004,4967.565,4823.392,4837.403,18757347200,-2.0980281995714334
2021-08-18,4838.471,4909.541,4818.901,4894.238,19747437800,1.174907279794546
2021-08-19,4886.564,4893.467,4839.568,4862.139,20171171900,-0.6558528620798643
2021-08-20,4817.494,4835.153,4720.826,4769.268,17763581000,-1.9100852526017897
2021-08-23,4777.735,4843.819,4764.009,4835.878,16757909300,1.3966503874389025
2021-08-24,4844.593,4906.204,4842.748,4888.39,19788316300,1.085883473487148
2021-08-25,4890.521,4899.765,4865.765,4898.157,18944801600,0.1997999341296408
2021-08-26,4892.204,4892.204,4798.695,4801.609,19761738700,-1.9711087251796933
2021-08-27,4794.974,4863.469,4793.591,4827.043,18331021100,0.5296974410036182
2021-08-30,4847.035,4849.16,4787.2,4813.27,21963575700,-0.28532996287787826
2021-08-31,4803.085,4821.756,4740.752,4805.61,23511865800,-0.15914336822993036
2021-09-01,4804.686,4906.402,4763.299,4869.459,32672108000,1.3286346582431774
2021-09-02,4865.822,4892.705,4845.625,4869.411,26785801300,-0.000985735787073505
2021-09-03,4875.066,4886.548,4828.699,4843.062,26809189600,-0.541112672559374
2021-09-06,4841.062,4944.45,4837.786,4933.726,24050724500,1.8720388052021475
2021-09-07,4932.976,5005.961,4915.612,4992.829,24417851900,1.1979384343597577
2021-09-08,4986.795,5013.976,4955.888,4972.132,26461531500,-0.4145345254163546
2021-09-09,4952.492,4970.147,4929.95,4970.013,25653021700,-0.04261753308237859
2021-09-10,4967.976,5042.799,4962.371,5013.522,28830435200,0.8754303057155077
2021-09-13,5006.775,5029.724,4964.96,4991.66,24991529800,-0.4360607173958808
2021-09-14,4989.835,5000.977,4907.316,4917.162,24559040200,-1.4924494056085424
2021-09-15,4903.847,4903.847,4843.116,4867.319,18798473000,-1.0136538108770798
2021-09-16,4866.794,4879.531,4806.144,4807.698,21675209900,-1.2249248508265032
2021-09-17,4797.113,4857.958,4786.088,4855.94,20195812700,1.0034324119360116
2021-09-22,4770.732,4830.85,4765.23,4821.768,19122037600,-0.7037154495319053
2021-09-23,4848.222,4877.336,4837.557,4853.196,22815106400,0.6517941136944039
2021-09-24,4845.638,4897.06,4838.535,4849.428,20769329000,-0.07763955958094426
2021-09-27,4870.848,4922.563,4852.2,4877.37,21596703000,0.576191666316106
2021-09-28,4869.085,4901.311,4846.631,4883.828,17689088000,0.13240742449311949
2021-09-29,4846.021,4868.068,4799.877,4833.928,18817136600,-1.021739504339636
2021-09-30,4843.953,4876.073,4843.953,4866.383,14611389600,0.6714001532501124
2021-10-08,4915.731,4937.092,4891.625,4929.941,16896807700,1.306062428707322
2021-10-11,4941.292,4983.729,4930.713,4936.192,16351162400,0.12679664929053924
2021-10-12,4920.66,4925.488,4840.77,4883.837,16807933700,-1.0606354047816513
2021-10-13,4880.144,4953.375,4869.831,4940.109,13114281300,1.1522088063135483
2021-10-14,4934.258,4953.923,4903.25,4913.612,11955701300,-0.536364683451318
2021-10-15,4896.558,4939.815,4881.014,4932.108,14282200100,0.37642369808605913
2021-10-18,4922.514,4922.514,4844.938,4874.775,14124519900,-1.162444131393725
2021-10-19,4869.391,4928.143,4868.811,4922.723,13526649300,0.9835941146001614
2021-10-20,4926.773,4944.022,4898.365,4910.185,14153318300,-0.254696435285906
2021-10-21,4914.738,4946.176,4893.853,4928.016,14889815400,0.36314314022789507
2021-10-22,4934.87,4989.887,4934.87,4959.725,14392622800,0.6434435277807626
2021-10-25,4940.896,4981.65,4930.112,4979.524,14186149000,0.39919551991289826
2021-10-26,4983.238,5002.575,4953.479,4963.098,14088894300,-0.3298708872574996
2021-10-27,4949.227,4949.227,4884.942,4898.164,14711159300,-1.308336043334224
2021-10-28,4882.586,4898.658,4846.278,4864.138,15664947200,-0.694668451280922
2021-10-29,4861.267,4908.77,4855.759,4908.77,15988735300,0.9175726511049032
2021-11-01,4878.128,4908.206,4858.249,4890.685,17158397400,-0.3684222320459063
2021-11-02,4886.185,4911.227,4797.899,4839.846,18543768800,-1.0395067357640286
2021-11-03,4835.809,4858.713,4804.366,4821.112,14276382000,-0.3870784318343867
2021-11-04,4841.091,4873.939,4834.743,4868.742,13259297000,0.9879463493069673
2021-11-05,4858.9,4889.684,4841.744,4842.346,14778935900,-0.5421523670796402
2021-11-08,4841.153,4866.082,4827.689,4848.18,13739826400,0.12047879271743778
2021-11-09,4858.253,4870.791,4818.539,4846.744,11837552600,-0.02961936231742346
2021-11-10,4832.801,4832.801,4753.996,4821.193,13511817900,-0.5271786584973182
2021-11-11,4814.766,4898.653,4809.111,4898.653,16048486300,1.6066562778134008
2021-11-12,4902.929,4909.084,4875.349,4888.375,13266296900,-0.2098127791456239
2021-11-15,4894.412,4906.33,4863.396,4882.378,12182314900,-0.1226788043061422
2021-11-16,4880.896,4915.372,4876.5,4883.321,12725440600,0.019314358699795697
2021-11-17,4883.248,4891.523,4864.52,4885.754,10845922300,0.049822651429232145
2021-11-18,4871.422,4871.422,4830.412,4837.619,11448056500,-0.9852112898029675
2021-11-19,4832.06,4892.809,4829.567,4890.058,12719831200,1.083983670479216
2021-11-22,4895.388,4918.996,4893.273,4912.399,13809283600,0.45686574678664993
2021-11-23,4905.759,4927.521,4896.878,4913.346,15430441100,0.019277750036161834
2021-11-24,4914.027,4935.489,4899.611,4916.658,13715067300,0.0674082387033259
2021-11-25,4917.606,4921.333,4891.728,4896.442,11598403100,-0.41117360613652787
2021-11-26,4886.952,4886.952,4850.811,4860.127,12036897400,-0.7416609856708112
2021-11-29,4820.005,4858.532,4818.706,4851.423,13362686200,-0.17908997028268647
2021-11-30,4857.183,4871.253,4810.219,4832.026,12963059600,-0.39982083607221774
2021-12-01,4831.889,4844.524,4823.925,4843.851,12308678900,0.24472136532378563
2021-12-02,4839.914,4866.851,4830.323,4856.163,14808852100,0.25417792578672493
2021-12-03,4856.98,4901.018,4853.351,4901.018,14405962600,0.9236716312858606
2021-12-06,4909.429,4943.903,4888.693,4892.621,17361568300,-0.17133175189317784
2021-12-07,4930.826,4934.097,4895.218,4922.102,17905346000,0.6025604681008323
2021-12-08,4934.406,4995.93,4915.79,4995.93,15749055900,1.4999282826727356
2021-12-09,5000.687,5114.501,4999.41,5078.69,22056877600,1.6565484304223554
2021-12-10,5046.268,5060.055,5035.809,5055.117,19369515400,-0.46415512661728275
2021-12-13,5090.021,5143.841,5079.728,5083.801,21180159600,0.5674250467397668
2021-12-14,5066.35,5075.214,5038.858,5049.695,15910779000,-0.6708759843274903
2021-12-15,5036.284,5060.368,5003.778,5005.899,15052975200,-0.8672999062319442
2021-12-16,5006.611,5034.732,4987.225,5034.732,14405386700,0.5759804582553318
2021-12-17,5021.339,5022.107,4954.759,4954.76,14900539900,-1.5884062945157762
2021-12-20,4934.966,4971.673,4872.685,4880.418,16967569000,-1.50041576181289
2021-12-21,4876.514,4917.799,4872.949,4913.485,14333989800,0.6775444234489836
2021-12-22,4924.577,4936.673,4903.165,4914.454,13325674000,0.019721236556136112
2021-12-23,4924.291,4948.739,4906.747,4948.739,13955540600,0.6976359937441723
2021-12-24,4953.062,4964.906,4905.979,4921.345,14267332300,-0.5535551581928089
2021-12-27,4918.146,4939.689,4894.16,4919.324,12410095200,-0.04106600939378646
2021-12-28,4923.692,4959.145,4913.598,4955.964,13045775700,0.7448177839068926
2021-12-29,4958.646,4958.646,4883.48,4883.48,11358700200,-1.462561067836654
2021-12-30,4882.156,4940.178,4878.648,4921.511,12161717800,0.7787684192420263
2021-12-31,4937.463,4950.364,4923.139,4940.373,12131373700,0.38325628043907045
2022-01-04,4957.984,4961.453,4874.534,4917.765,15153477600,-0.4576172689794711
2022-01-05,4907.935,4916.282,4851.984,4868.12,17881610000,-1.0095033007880727
2022-01-06,4842.156,4857.56,4786.433,4818.232,15766582600,-1.0247898572754988
2022-01-07,4824.318,4856.652,4818.193,4822.369,18713941300,0.08586136989667814
2022-01-10,4812.23,4844.393,4780.819,4844.045,15621169600,0.4494886227080608
2022-01-11,4840.009,4850.879,4791.885,4797.774,14692800400,-0.9552140824455546
2022-01-12,4818.89,4852.731,4810.919,4845.579,14320020400,0.9963995803053516
2022-01-13,4853.031,4853.063,4765.242,4765.919,14251965300,-1.6439727842637586
2022-01-14,4743.912,4764.052,4723.943,4726.732,14686312600,-0.8222338650740846
2022-01-17,4728.76,4775.239,4726.708,4767.276,11529569100,0.8577596529695253
2022-01-18,4766.781,4826.3,4747.92,4813.347,15087080200,0.9664009383975269
2022-01-19,4815.811,4828.752,4755.93,4780.378,13392736000,-0.6849495787442761
2022-01-20,4778.262,4845.005,4777.568,4823.509,16497131500,0.9022508261899098
2022-01-21,4808.773,4818.305,4762.564,4779.314,13895258500,-0.9162416821446695
2022-01-24,4753.941,4801.098,4746.448,4786.738,11446388000,0.15533610053659608
2022-01-25,4761.95,4781.391,4678.247,4678.451,13366758600,-2.2622295183066243
2022-01-26,4697.099,4718.995,4648.128,4712.311,10707084200,0.7237438203371083
2022-01-27,4708.099,4708.436,4616.027,4619.877,12126380400,-1.9615428608171115
2022-01-28,4641.814,4660.519,4559.833,4563.772,12648011200,-1.2144262715219623
2022-02-07,4638.575,4672.654,4615.005,4634.09,14484972000,1.5407868754179654
2022-02-08,4626.437,4626.437,4522.471,4608.773,15583070800,-0.5463208526377383
2022-02-09,4608.149,4659.461,4595.283,4652.061,14833554700,0.9392521610415594
2022-02-10,4657.211,4657.211,4608.091,4639.863,15157666600,-0.2622063640180028
2022-02-11,4617.874,4662.596,4595.875,4601.395,15597458400,-0.82907620332755
2022-02-14,4579.42,4593.632,4530.057,4551.688,14367389400,-1.0802593561300533
2022-02-15,4553.811,4601.453,4550.543,4600.103,11502560000,1.063671323693538
2022-02-16,4619.846,4643.1,4607.218,4617.989,10725895500,0.38881738082821027
2022-02-17,4616.896,4650.159,4606.952,4629.165,11001464300,0.24201010439826032
2022-02-18,4604.567,4651.342,4598.1,4651.236,10455022800,0.4767814497862899
2022-02-21,4646.052,4646.672,4613.297,4634.314,11251651200,-0.3638172735161094
2022-02-22,4601.918,4602.066,4550.804,4574.153,12331723700,-1.2981640864214272
2022-02-23,4582.006,4625.298,4579.295,4623.047,12295291600,1.0689192075560072
2022-02-24,4592.069,4610.879,4488.476,4529.319,18440305800,-2.027407465249631
2022-02-25,4564.632,4611.86,4561.896,4573.425,14972258300,0.9737887748688001
2022-02-28,4563.743,4581.646,4530.676,4581.646,13540697800,0.17975587224015044
2022-03-01,4597.855,4623.431,4583.917,4619.686,12313922000,0.8302692962310898
2022-03-02,4594.017,4594.017,4558.442,4578.601,11329832500,-0.8893461590246621
2022-03-03,4595.025,4599.397,4544.431,4551.628,13828587700,-0.5891100796946436
2022-03-04,4513.364,4539.393,4481.493,4496.43,12726680600,-1.2127089472162345
2022-03-07,4462.517,4462.517,4338.304,4352.778,16219770600,-3.1948012089591082
2022-03-08,4361.642,4383.647,4252.539,4265.391,16786327700,-2.0076144476010582
2022-03-09,4280.979,4304.482,4068.193,4226.346,19423290000,-0.9153908750686668
2022-03-10,4326.204,4335.673,4288.508,4292.837,14526638300,1.5732502734040477
2022-03-11,4231.196,4316.044,4176.452,4306.522,15239992100,0.31878685354229663
2022-03-14,4248.153,4280.361,4174.758,4174.758,13018723600,-3.059638381041596
2022-03-15,4125.487,4163.418,3983.812,3983.812,20252469900,-4.573822003574812
2022-03-16,4053.099,4168.585,3942.861,4156.081,19602198200,4.324225139138105
2022-03-17,4237.672,4302.743,4217.804,4237.696,17940734400,1.963749022215877
2022-03-18,4218.474,4283.368,4194.94,4265.902,14945830500,0.6655975322439334
2022-03-21,4280.14,4287.817,4223.024,4258.746,12703636000,-0.16774881373271544
2022-03-22,4252.566,4283.334,4236.689,4255.295,12638247000,-0.08103324311898863
2022-03-23,4269.609,4287.577,4241.957,4276.517,11708907800,0.4987198302350393
2022-03-24,4249.533,4273.957,4216.851,4251.306,10891827200,-0.5895218001004121
2022-03-25,4249.073,4254.845,4173.93,4174.574,10880804600,-1.8049041870898064
2022-03-28,4128.838,4174.121,4091.298,4148.466,11844902100,-0.6254051311582742
2022-03-29,4155.418,4177.213,4124.718,4134.144,10026697200,-0.34523604628795557
2022-03-30,4162.167,4254.099,4160.735,4254.099,13834602400,2.9015680150473733
2022-03-31,4234.716,4247.36,4214.535,4222.597,13402918500,-0.740509329942729
2022-04-01,4198.819,4290.671,4190.084,4276.158,13380305300,1.2684374094899642
2022-04-06,4258.833,4277.524,4236.728,4263.841,15906219500,-0.2880389358859037
2022-04-07,4240.024,4278.113,4205.743,4209.1,13488035300,-1.2838424322107689
2022-04-08,4213.211,4237.813,4175.529,4230.767,14284379300,0.5147656268560841
2022-04-11,4203.79,4203.79,4089.093,4100.07,14819707100,-3.0892034470345497
2022-04-12,4102.971,4179.973,4075.796,4179.973,14428568400,1.9488203859934217
2022-04-13,4154.412,4194.037,4139.737,4139.737,12509748900,-0.9625899497436863
2022-04-14,4172.644,4217.061,4155.551,4191.568,12479131600,1.2520360592955582
2022-04-15,4162.372,4211.317,4152.974,4188.747,12476226300,-0.0673017830081668
2022-04-18,4152.931,4171.743,4119.994,4166.384,11750461000,-0.5338828055263423
2022-04-19,4161.933,4186.939,4115.418,4134.902,11021747100,-0.7556192612106827
2022-04-20,4130.543,4136.166,4060.504,4070.789,11733165800,-1.5505325156436545
2022-04-21,4048.734,4086.439,3978.367,3995.83,13278382800,-1.841387504977543
2022-04-22,3967.202,4037.084,3953.722,4013.25,12210181100,0.435954482548051
2022-04-25,3933.446,3958.21,3814.913,3814.913,16836450200,-4.942054444652088
2022-04-26,3822.489,3871.85,3773.899,3784.12,15757761100,-0.8071743706868362
2022-04-27,3758.084,3895.731,3757.086,3895.536,17273404600,2.944304091836414
2022-04-28,3883.42,3943.435,3873.578,3921.107,15305658600,0.6564180128228791
2022-04-29,3939.624,4017.428,3898.57,4016.241,17945837700,2.426202600439109
2022-05-05,3995.353,4039.7,3988.931,4010.21,15417071600,-0.15016529137569234
2022-05-06,3928.855,3947.238,3902.051,3908.815,12300555100,-2.5284212048745536
2022-05-09,3883.951,3914.112,3854.935,3877.436,9293669400,-0.8027752656495579
2022-05-10,3820.628,3932.682,3808.57,3919.868,13641691800,1.0943314086937717
2022-05-11,3917.932,4033.303,3916.525,3976.423,16563225600,1.4427781751834567
2022-05-12,3949.949,3985.927,3935.589,3958.74,11337606600,-0.4446961502838076
2022-05-13,3983.82,4003.854,3957.139,3988.6,10996835700,0.7542804023502381
2022-05-16,4014.996,4018.028,3947.746,3956.538,11242529400,-0.8038409466980867
2022-05-17,3961.761,4005.893,3955.102,4005.893,10966145400,1.2474289391382065
2022-05-18,4015.013,4017.341,3964.75,3991.907,10807423300,-0.34913563592436914
2022-05-19,3938.296,3999.598,3933.745,3999.598,11629342000,0.19266480907496053
2022-05-20,4020.816,4077.602,4020.816,4077.6,14706917300,1.950245999722977
2022-05-23,4080.969,4080.969,4029.085,4053.982,13047781000,-0.5792132627035484
2022-05-24,4052.868,4055.783,3959.154,3959.154,14555433600,-2.3391322408436888
2022-05-25,3959.767,3983.624,3946.808,3983.178,10773401500,0.6067963004217525
2022-05-26,3987.682,4015.747,3938.239,3993.045,12626368900,0.24771677288839555
2022-05-27,4022.71,4051.143,3983.384,4001.299,11276933700,0.20670941599705284
2022-05-30,4020.858,4040.819,4003.377,4029.018,11115224100,0.6927500294279465
2022-05-31,4031.762,4096.197,4020.378,4091.518,13541551300,1.5512464823934868
2022-06-01,4086.618,4094.901,4058.847,4083.177,11485087900,-0.2038607675684201
2022-06-02,4064.0,4091.152,4057.914,4089.568,11389363800,0.1565202782049413
2022-06-06,4090.529,4166.615,4063.906,4166.085,16787101100,1.8710289204140862
2022-06-07,4165.69,4198.086,4155.168,4179.129,14299288100,0.31309970871933324
2022-06-08,4187.148,4224.81,4158.033,4219.812,15737405700,0.9734803591848973
2022-06-09,4211.723,4227.448,4160.881,4175.675,16844915400,-1.045947070627784
2022-06-10,4145.651,4241.354,4140.22,4238.994,18479621400,1.5163775916468447
2022-06-13,4194.457,4218.233,4156.715,4189.353,16847562200,-1.1710561515302809
2022-06-14,4143.223,4224.086,4102.929,4222.311,17138590400,0.786708591994989
2022-06-15,4228.293,4348.423,4228.293,4278.218,25704659000,1.3240853172587386
2022-06-16,4282.083,4302.921,4241.075,4250.061,18407441600,-0.658147855018143
2022-06-17,4219.234,4318.766,4218.682,4309.044,15864909800,1.3878153748852151
2022-06-20,4322.832,4368.356,4297.891,4330.433,16566638200,0.4963746018838533
2022-06-21,4327.916,4357.34,4287.141,4325.566,16466761500,-0.11239060851421234
2022-06-22,4331.902,4333.183,4269.246,4270.623,15856585400,-1.270192155200045
2022-06-23,4277.956,4343.878,4260.9,4343.878,17088236000,1.71532350198087
2022-06-24,4354.553,4400.685,4346.122,4394.772,16897219900,1.1716259066207657
2022-06-27,4414.332,4472.695,4414.332,4444.264,17738567600,1.1261562602109976
2022-06-28,4442.581,4497.895,4407.352,4490.517,17475648900,1.0407347538309963
2022-06-29,4472.735,4503.131,4413.996,4421.357,18727668800,-1.5401344655860294
2022-06-30,4418.066,4514.997,4418.066,4485.011,15666628900,1.4396937410844801
2022-07-01,4489.52,4500.985,4449.291,4466.718,14477959900,-0.4078696796953385
2022-07-04,4447.216,4496.034,4427.823,4496.03,14634565100,0.6562312642078627
2022-07-05,4505.457,4530.325,4439.451,4489.538,15496241500,-0.1443940543101374
2022-07-06,4475.482,4484.362,4393.417,4423.97,14980023500,-1.4604620787261213
2022-07-07,4425.281,4457.343,4391.194,4443.474,13266090600,0.44087098239815603
2022-07-08,4468.063,4479.494,4426.886,4428.781,12319573900,-0.3306647006373842
2022-07-11,4406.148,4406.148,4330.582,4354.617,13444857800,-1.6745917217401263
2022-07-12,4352.646,4370.341,4296.622,4313.618,13018783800,-0.9415064516580807
2022-07-13,4313.359,4341.466,4284.942,4321.462,13111317900,0.1818427130079625
2022-07-14,4308.823,4352.098,4292.76,4322.074,14525092600,0.014161873921358925
2022-07-15,4299.471,4344.857,4248.527,4248.527,15021445300,-1.70165989753992
2022-07-18,4262.154,4300.778,4217.506,4292.586,12260119200,1.0370417794214326
2022-07-19,4288.444,4288.444,4238.824,4269.34,10380573000,-0.5415383640537397
2022-07-20,4291.281,4303.367,4269.972,4283.803,9449014400,0.33876430548982484
2022-07-21,4270.362,4283.147,4236.05,4236.058,11715634400,-1.1145470508331035
2022-07-22,4251.787,4275.47,4207.314,4238.234,10384062400,0.051368512895733076
2022-07-25,4233.928,4234.845,4201.919,4212.644,8363666400,-0.603789219755213
2022-07-26,4220.091,4259.985,4214.534,4245.976,8582327400,0.7912370473270425
2022-07-27,4236.154,4242.095,4217.281,4225.036,7890494000,-0.4931728299924387
2022-07-28,4242.274,4267.918,4223.029,4225.673,10753193000,0.01507679461192346
2022-07-29,4226.425,4243.514,4160.874,4170.102,11417928600,-1.3150804617394707
2022-08-01,4160.648,4196.574,4129.453,4188.678,10774902900,0.44545672983538065
2022-08-02,4144.377,4144.377,4071.431,4107.024,14222442500,-1.9493978768480025
2022-08-03,4114.825,4150.98,4058.179,4066.975,11666612400,-0.9751343064954177
2022-08-04,4089.442,4108.159,4064.659,4101.537,8953264400,0.8498208127662554
2022-08-05,4109.629,4159.485,4097.863,4156.911,10257100400,1.3500792507784132
2022-08-08,4142.111,4155.73,4135.081,4148.075,9020813800,-0.212561683423107
2022-08-09,4143.666,4161.809,4131.425,4156.291,8413695900,0.19806777842734657
2022-08-10,4149.207,4160.787,4092.546,4109.737,8556583900,-1.12008519134007
2022-08-11,4130.741,4193.812,4116.056,4193.543,12138505100,2.0392059151230324
2022-08-12,4185.42,4202.466,4175.05,4191.152,10680829500,-0.057016227090067595
2022-08-15,4180.001,4219.918,4174.3,4185.679,10589849500,-0.1305846220800433
2022-08-16,4190.527,4208.801,4170.52,4177.837,9390613900,-0.1873531152293273
2022-08-17,4182.567,4222.787,4155.173,4216.959,11286465900,0.936417576846571
2022-08-18,4205.785,4211.914,4173.541,4180.1,10105265000,-0.8740658849184846
2022-08-19,4174.546,4185.658,4151.074,4151.074,11740297800,-0.6943853017870594
2022-08-22,4135.162,4183.65,4134.201,4181.397,11244272000,0.7304856526286985
2022-08-23,4175.531,4187.388,4147.413,4161.082,10315351200,-0.48584241104108195
2022-08-24,4168.576,4174.157,4079.093,4082.42,11906967900,-1.8904217701069204
2022-08-25,4093.295,4119.62,4058.745,4116.24,11132074500,0.8284301958152218
2022-08-26,4127.814,4139.788,4102.682,4107.546,9900049300,-0.2112121742172346
2022-08-29,4063.883,4092.947,4059.596,4089.521,9435443200,-0.4388264915353379
2022-08-30,4088.526,4093.136,4048.524,4075.794,9330166200,-0.33566278300075636
2022-08-31,4057.144,4112.849,4046.623,4078.84,13244976500,0.07473390460852603
2022-09-01,4066.187,4090.885,4041.128,4043.74,9738707100,-0.8605387806337239
2022-09-02,4054.842,4056.181,4004.911,4023.613,8678927800,-0.4977322973287124
2022-09-05,4010.405,4016.999,3982.74,4015.426,9376710900,-0.20347384303609495
2022-09-06,4024.473,4054.004,4009.583,4052.28,11350626500,0.9178104639457896
2022-09-07,4032.723,4067.544,4028.374,4054.983,10767805900,0.06670318931565333
2022-09-08,4059.169,4067.758,4036.023,4037.684,10088604900,-0.426610913042047
2022-09-09,4050.585,4099.008,4042.25,4093.787,11842711400,1.3894846649712855
2022-09-13,4112.012,4128.111,4097.141,4111.115,11178973700,0.4232755636773389
2022-09-14,4058.044,4089.058,4047.919,4065.359,9079368100,-1.1129827309622753
2022-09-15,4078.65,4088.808,3998.856,4027.119,12395119600,-0.9406303354759005
2022-09-16,4013.583,4019.41,3932.683,3932.683,13719365500,-2.3450014762414595
2022-09-19,3928.424,3953.649,3910.311,3928.0,9771957500,-0.1190790104363848
2022-09-20,3945.647,3957.554,3921.688,3932.836,8482413400,0.1231160896130401
2022-09-21,3921.318,3924.391,3884.227,3903.735,8645839100,-0.739949491918801
2022-09-22,3875.177,3900.274,3860.231,3869.344,8094691900,-0.880976808108136
2022-09-23,3865.105,3888.396,3829.691,3856.021,9434246200,-0.3443219315728885
2022-09-26,3829.596,3893.319,3827.95,3836.677,10452603100,-0.5016570189840808
2022-09-27,3844.069,3893.028,3827.927,3892.295,8886016000,1.4496398836805868
2022-09-28,3879.44,3879.44,3828.055,3828.71,8659221300,-1.6336120463633974
2022-09-29,3864.316,3873.182,3808.65,3827.143,8565414200,-0.04092762314199527
2022-09-30,3833.35,3848.602,3801.28,3804.885,7855996600,-0.581582658395563
2022-10-10,3806.56,3807.457,3715.714,3720.937,10264759500,-2.206321610245787
2022-10-11,3732.019,3739.808,3706.063,3727.687,8394462500,0.1814059200679896
2022-10-12,3722.866,3784.306,3661.526,3784.306,10808931900,1.518877523783524
2022-10-13,3756.418,3783.596,3749.639,3752.673,9901891500,-0.8358996339091096
2022-10-14,3783.316,3863.227,3780.842,3842.47,11624229300,2.392881021074844
2022-10-17,3822.243,3849.621,3809.12,3846.412,10419201900,0.10259026095194024
2022-10-18,3865.826,3870.216,3831.172,3838.267,8834690700,-0.21175578695158404
2022-10-19,3827.466,3840.487,3776.534,3776.534,8157484400,-1.6083560627751958
2022-10-20,3746.579,3804.247,3726.793,3754.927,9029089500,-0.5721383681439152
2022-10-21,3753.89,3768.69,3724.69,3742.893,9875003800,-0.3204855913310767
2022-10-24,3727.915,3762.158,3619.988,3633.373,13005686400,-2.9260788379470104
2022-10-25,3621.936,3670.733,3594.701,3627.454,11095388200,-0.16290647836045835
2022-10-26,3633.311,3700.88,3633.311,3656.903,12130154800,0.8118366214981521
2022-10-27,3667.665,3685.084,3631.064,3631.145,11799867500,-0.7043665090378348
2022-10-28,3605.16,3618.864,3533.499,3541.33,11877216200,-2.4734622274792173
2022-10-31,3504.507,3553.387,3495.951,3508.703,13846565500,-0.9213205208212671
2022-11-01,3519.817,3634.173,3517.621,3634.173,14928669800,3.5759652498373207
2022-11-02,3620.369,3703.465,3610.803,3677.805,14159291900,1.2006032734269922
2022-11-03,3645.06,3670.157,3628.499,3647.897,11056603500,-0.8132024400423599
2022-11-04,3646.771,3782.882,3646.771,3767.175,14973494900,3.2697743384750177
2022-11-07,3754.523,3792.794,3746.372,3775.297,12982637100,0.2155992222288461
2022-11-08,3773.661,3779.116,3723.342,3749.325,9901645100,-0.6879458755165491
2022-11-09,3750.782,3760.407,3711.268,3714.27,8943452500,-0.9349682942929705
2022-11-10,3685.827,3701.531,3665.059,3685.689,10350930200,-0.7694917170803395
2022-11-11,3787.757,3828.9,3747.09,3788.439,18968558600,2.7878098233464543
2022-11-14,3818.145,3848.412,3781.778,3794.017,16966504800,0.14723742417390717
2022-11-15,3788.926,3871.642,3775.499,3865.973,15151565000,1.8965650391129074
2022-11-16,3860.811,3877.678,3829.313,3834.39,12061096400,-0.8169482818426332
2022-11-17,3821.271,3821.742,3776.574,3818.664,10594063200,-0.41013042491764296
2022-11-18,3823.821,3840.302,3801.569,3801.569,11507877700,-0.4476696561939053
2022-11-21,3769.627,3769.873,3733.995,3769.127,9586696600,-0.8533844841432603
2022-11-22,3766.082,3809.858,3751.045,3769.573,14448633400,0.011832978830383922
2022-11-23,3760.216,3791.178,3753.214,3773.529,14452791100,0.10494557341109712
2022-11-24,3791.54,3804.899,3751.382,3756.808,10107344700,-0.4431130647200576
2022-11-25,3751.282,3790.566,3743.414,3775.776,14292971100,0.5048967101858759
2022-11-28,3701.902,3736.081,3672.131,3733.242,12782574800,-1.1264969108336853
2022-11-29,3766.57,3854.774,3766.57,3848.422,17870139200,3.085254049965136
2022-11-30,3836.56,3867.659,3833.827,3853.037,15751140000,0.11991928120147488
2022-12-01,3921.295,3944.565,3893.872,3894.769,16996458500,1.0830936738993158
2022-12-02,3886.403,3898.115,3865.884,3870.948,11678635000,-0.6116152203121672
2022-12-05,3907.638,3947.476,3900.674,3946.876,20174722100,1.961483336898362
2022-12-06,3929.006,3988.901,3922.997,3968.198,15510832300,0.5402247245669622
2022-12-07,3956.672,3999.586,3944.183,3958.441,14300135600,-0.24587986788965344
2022-12-08,3953.199,3971.493,3941.297,3959.18,11519998600,0.018668965888335443
2022-12-09,3961.992,4003.318,3944.44,3998.244,15377495400,0.9866689567031628
2022-12-12,3976.172,3983.433,3950.32,3953.443,12593536800,-1.1205169069221421
2022-12-13,3953.548,3964.396,3939.98,3945.681,10099410000,-0.19633519441155656
2022-12-14,3952.789,3972.738,3935.767,3954.886,9852800600,0.23329306145123407
2022-12-15,3954.672,3963.5,3926.5,3951.989,8886472500,-0.07325116324465863
2022-12-16,3931.232,3960.471,3929.487,3954.227,9317856700,0.05662971227904379
2022-12-19,3952.771,3966.568,3878.437,3893.221,10691907500,-1.5428046998819167
2022-12-20,3881.226,3881.273,3811.476,3829.017,8309682200,-1.6491229241802685
2022-12-21,3839.001,3853.727,3821.404,3830.538,6483921500,0.039722988955137595
2022-12-22,3859.204,3882.126,3821.342,3836.028,8370517300,0.14332190412937873
2022-12-23,3811.616,3848.344,3805.949,3828.219,6527814800,-0.20356994265943174
2022-12-26,3830.568,3856.807,3827.519,3843.489,7300571200,0.3988800013792204
2022-12-27,3860.905,3891.85,3856.58,3887.854,7751535000,1.1542897612039527
2022-12-28,3874.913,3884.721,3854.941,3871.264,8442465600,-0.4267135545727663
2022-12-29,3854.236,3868.293,3838.48,3856.701,7939481500,-0.37618204286765655
2022-12-30,3873.936,3887.553,3868.757,3871.634,7877327200,0.3871962073284996
2023-01-03,3864.836,3893.99,3831.245,3887.899,11505187500,0.42010685927440505
2023-01-04,3886.25,3905.903,3873.655,3892.948,11066074300,0.12986448464840095
2023-01-05,3913.493,3974.875,3912.26,3968.578,11650239500,1.9427436482583493
2023-01-06,3969.549,4000.414,3966.47,3980.889,11095303800,0.3102118693395939
2023-01-09,3998.528,4023.09,3990.707,4013.12,11705442500,0.809643273148275
2023-01-10,4014.713,4030.457,4002.23,4017.474,10175114100,0.10849413922335849
2023-01-11,4019.884,4043.399,4008.015,4010.031,9999788900,-0.18526566693400914
2023-01-12,4021.755,4030.288,4003.508,4017.869,9055262700,0.1954598355972781
2023-01-13,4032.291,4074.377,4027.886,4074.377,9587189600,1.4064171828399585
2023-01-16,4077.879,4177.104,4076.639,4137.964,15139545500,1.5606557763309548
2023-01-17,4138.843,4148.584,4118.157,4137.242,9547904000,-0.017448194329383604
2023-01-18,4140.102,4151.458,4125.769,4130.314,8420064500,-0.16745455064025583
2023-01-19,4125.577,4156.008,4105.98,4156.008,9460839800,0.6220834541877274
2023-01-20,4166.844,4189.831,4161.67,4181.527,12355380900,0.6140267294961976
2023-01-30,4267.625,4268.152,4197.86,4201.345,16460706400,0.4739416964185672
2023-01-31,4200.581,4212.735,4153.048,4156.858,12455083500,-1.0588751935392104
2023-02-01,4170.132,4195.933,4137.766,4195.933,14100895400,0.9400128654863726
2023-02-02,4207.412,4207.412,4170.557,4181.149,13382373600,-0.3523411837128898
2023-02-03,4162.026,4162.026,4103.165,4141.632,11704122100,-0.9451229793532967
2023-02-06,4103.831,4105.945,4065.222,4086.878,11019271700,-1.3220392347750742
2023-02-07,4098.312,4107.344,4077.962,4094.234,9136007200,0.17999069216159125
2023-02-08,4099.857,4111.475,4072.647,4076.141,8478609900,-0.4419141651405334
2023-02-09,4067.563,4130.857,4064.749,4130.857,10228996100,1.342348068921062
2023-02-10,4124.099,4125.289,4092.347,4106.31,9671673300,-0.5942350461417445
2023-02-13,4098.88,4146.45,4092.273,4143.574,12889257700,0.9074814127525421
2023-02-14,4151.247,4152.049,4125.258,4145.29,10249989000,0.04141352368753903
2023-02-15,4146.855,4153.716,4115.967,4123.689,12166450800,-0.5210974382974354
2023-02-16,4125.409,4167.9,4068.859,4093.488,15931058500,-0.7323782176590021
2023-02-17,4086.224,4104.64,4032.929,4034.507,11614258900,-1.44084946627423
2023-02-20,4039.962,4134.862,4035.476,4133.49,16179448100,2.453410044895188
2023-02-21,4130.063,4151.799,4116.272,4144.354,14577617300,0.2628287476200697
2023-02-22,4118.967,4134.876,4101.86,4106.951,10429029500,-0.9025049501080296
2023-02-23,4106.214,4132.39,4088.207,4103.646,10356490600,-0.08047332437129961
2023-02-24,4100.99,4102.609,4048.237,4061.046,10098942500,-1.0381012397268186
2023-02-27,4040.457,4067.03,4034.524,4043.844,9378763000,-0.423585450644981
2023-02-28,4058.13,4074.264,4026.448,4069.459,11032359100,0.6334319523700671
2023-03-01,4068.733,4135.481,4061.217,4126.942,15601579400,1.4125464834514823
2023-03-02,4119.992,4137.253,4113.826,4117.738,14821763700,-0.2230222765427725
2023-03-03,4126.018,4135.212,4100.383,4130.551,16033174100,0.3111659848198167
2023-03-06,4131.153,4132.837,4088.448,4109.01,16297180700,-0.5215042738850095
2023-03-07,4103.642,4124.961,4046.568,4048.852,19591206800,-1.464050951445739
2023-03-08,4030.739,4037.287,4011.523,4034.108,11793649300,-0.364152604244361
2023-03-09,4035.843,4043.849,4000.89,4019.851,11653962900,-0.35341146047651595
2023-03-10,3991.796,4004.361,3966.428,3967.135,12385540900,-1.3113918898984056
2023-03-13,3962.643,4008.686,3962.643,4008.686,14356137000,1.047380540364773
2023-03-14,3999.88,4001.942,3946.941,3984.696,15054417400,-0.5984504648156586
2023-03-15,4011.844,4018.75,3986.902,3986.902,14202600700,0.055361814301524426
2023-03-16,3958.196,3981.321,3936.476,3939.151,15251564400,-1.1976968583627179
2023-03-17,3971.159,4004.215,3945.25,3958.819,17743381800,0.4992954065482724
2023-03-20,3962.663,3979.549,3935.016,3939.077,20526497000,-0.49868407724625863
2023-03-21,3948.157,3982.705,3948.157,3982.378,14509067900,1.0992676710813276
2023-03-22,3993.785,4016.45,3986.709,3999.443,14922897000,0.42851281319855605
2023-03-23,3985.993,4039.09,3983.999,4039.09,15888742100,0.9913130403408577
2023-03-24,4035.156,4037.842,4017.003,4027.046,15944233000,-0.29818597753454856
2023-03-27,4023.303,4023.303,3987.03,4012.477,16848227900,-0.3617788324245641
2023-03-28,4015.697,4023.783,3994.6,3999.515,13189511700,-0.32304235014929406
2023-03-29,4013.593,4017.757,3992.666,4006.144,13374351000,0.16574509659295078
2023-03-30,4009.557,4040.502,3983.896,4038.526,14990103700,0.8083084382388694
2023-03-31,4045.454,4063.568,4039.959,4050.926,13884254600,0.30704271806099026
2023-04-03,4059.623,4094.938,4059.061,4090.568,18212431300,0.978591067820056
2023-04-04,4089.293,4103.158,4080.068,4103.105,19714663100,0.30648555408441247
2023-04-06,4084.132,4098.833,4078.405,4096.64,15070337400,-0.1575636012239312
2023-04-07,4096.901,4131.313,4092.185,4123.28,12867673800,0.6502890173410325
2023-04-10,4132.01,4132.295,4099.052,4104.812,15245300200,-0.44789584990589937
2023-04-11,4108.506,4116.125,4083.495,4100.148,15390133300,-0.11362274325839028
2023-04-12,4102.397,4108.245,4090.278,4097.288,16596527800,-0.06975357962689666
2023-04-13,4081.387,4088.881,4059.574,4068.979,15644429500,-0.6909204332231411
2023-04-14,4078.97,4098.215,4075.205,4091.999,15069568200,0.5657438880859234
2023-04-17,4090.072,4149.384,4089.509,4149.384,18877309500,1.4023708216937436
2023-04-18,4139.309,4169.668,4138.462,4162.032,17018413000,0.3048163293635886
2023-04-19,4159.394,4159.394,4118.626,4124.559,16255459200,-0.9003534811841907
2023-04-20,4122.946,4125.823,4094.002,4113.019,16270667700,-0.279787487583516
2023-04-21,4114.264,4114.264,4031.912,4032.567,18080243500,-1.956032782732109
2023-04-24,4031.303,4033.637,3967.907,3982.643,17009921700,-1.2380203478330354
2023-04-25,3985.106,3991.687,3925.436,3962.666,17255540900,-0.5016015746327263
2023-04-26,3950.255,3975.656,3934.663,3959.232,16270200600,-0.08665883019159937
2023-04-27,3948.031,3999.13,3942.815,3988.419,15382819500,0.7371884244216975
2023-04-28,3993.256,4030.447,3993.256,4029.086,17950848800,1.0196270752897307
2023-05-04,4013.471,4035.783,4001.126,4030.247,22758284600,0.02881546832209647
2023-05-05,4031.095,4047.602,3998.392,4016.877,20662692400,-0.3317414540597641
2023-05-08,4028.106,4070.772,4018.961,4062.662,25558308500,1.1398158320506058
2023-05-09,4065.439,4092.85,4026.389,4027.875,27930604800,-0.8562612395517921
2023-05-10,4017.936,4019.059,3984.629,3996.87,20755270900,-0.7697607299134157
2023-05-11,4005.782,4018.058,3988.482,3990.664,14480461900,-0.15527149994870593
2023-05-12,3987.769,3999.383,3937.527,3937.762,14442172800,-1.3256440532202207
2023-05-15,3938.83,3998.887,3923.032,3998.887,17625736200,1.552277664317958
2023-05-16,4002.524,4005.015,3966.992,3978.205,13683327100,-0.517193909205238
2023-05-17,3971.702,3982.604,3945.714,3960.165,11844818500,-0.45347084929007186
2023-05-18,3965.516,3982.718,3939.553,3956.07,13653394700,-0.10340478237648165
2023-05-19,3946.222,3967.282,3928.316,3944.54,12021247900,-0.29145085905962764
2023-05-22,3941.002,3985.403,3935.802,3969.328,10911660500,0.6284129454892096
2023-05-23,3968.235,3971.939,3913.188,3913.188,11868507700,-1.4143451989858224
2023-05-24,3903.782,3903.782,3859.094,3859.094,13725826500,-1.3823511673857758
2023-05-25,3851.405,3861.382,3817.837,3850.5,12415077000,-0.2226947568522597
2023-05-26,3848.417,3859.629,3815.57,3850.951,10032643900,0.011712764576032875
2023-05-29,3862.084,3866.724,3819.182,3833.942,13185996700,-0.44168310632880514
2023-05-30,3827.792,3844.005,3789.274,3837.753,13761962900,0.09940160805772535
2023-05-31,3827.163,3827.163,3781.403,3798.543,12638736800,-1.021691599224861
2023-06-01,3788.59,3832.205,3786.734,3806.868,13456188100,0.21916297906854343
2023-06-02,3821.62,3865.284,3821.62,3861.834,12501511000,1.4438640898502442
2023-06-05,3860.556,3860.556,3832.458,3844.249,11616398900,-0.45535359624468974
2023-06-06,3840.459,3867.845,3802.845,3808.163,12578125800,-0.938700901008227
2023-06-07,3815.482,3823.112,3780.102,3789.342,9886243200,-0.4942277943459805
2023-06-08,3791.083,3834.389,3777.775,3820.187,11870093400,0.8139935640541163
2023-06-09,3822.409,3836.703,3811.219,3836.703,13431986300,0.43233485690621354
2023-06-12,3827.325,3859.716,3813.858,3844.432,12675854300,0.20144900452288006
2023-06-13,3838.129,3867.303,3833.46,3864.907,11092494600,0.5325884291879968
2023-06-14,3872.716,3891.666,3862.061,3864.025,12495575900,-0.02282073022714659
2023-06-15,3871.775,3925.499,3871.775,3925.499,12836993800,1.5909317356901154
2023-06-16,3932.211,3968.013,3928.542,3963.351,13976007600,0.9642595756615968
2023-06-19,3957.033,3957.033,3922.474,3930.908,13490584800,-0.818574988690135
2023-06-20,3926.094,3937.495,3918.473,3924.238,12252031800,-0.16968089815381227
2023-06-21,3909.104,3920.128,3864.032,3864.032,11834657500,-1.5342086794939425
2023-06-26,3833.444,3841.286,3801.054,3809.696,13399041900,-1.4061995345794331
2023-06-27,3811.687,3851.896,3806.324,3845.433,11699268100,0.9380538499659918
2023-06-28,3836.609,3846.852,3808.161,3840.799,10702154100,-0.12050658534422665
2023-06-29,3836.731,3840.713,3817.376,3821.844,9828927400,-0.49351710412338656
2023-06-30,3816.335,3860.031,3813.552,3842.452,10126842900,0.5392161480165081
2023-07-03,3853.292,3897.327,3853.292,3892.882,13315805100,1.312443200331459
2023-07-04,3888.033,3899.976,3878.398,3899.013,10949452700,0.15749257234101144
2023-07-05,3895.195,3899.519,3864.13,3868.805,9763638400,-0.7747601764856893
2023-07-06,3857.03,3876.89,3836.457,3842.755,10012184200,-0.6733345309468897
2023-07-07,3831.596,3844.844,3819.077,3825.699,10090692000,-0.44384822867968854
2023-07-10,3841.559,3865.457,3831.92,3844.327,9203344100,0.4869175541515558
2023-07-11,3853.796,3870.655,3844.524,3869.486,8651071600,0.6544448482139975
2023-07-12,3864.601,3874.04,3838.563,3843.437,11152202400,-0.6731901859833522
2023-07-13,3855.662,3901.102,3855.662,3898.423,12030023200,1.4306465801312784
2023-07-14,3904.603,3908.487,3893.786,3899.103,12236484600,0.017442950649537714
2023-07-17,3881.623,3881.623,3852.263,3867.175,9834014400,-0.8188550033174313
2023-07-18,3871.044,3871.044,3844.513,3854.939,9143861500,-0.3164066792943232
2023-07-19,3848.483,3860.009,3830.407,3850.866,7958570000,-0.10565666538432383
2023-07-20,3857.773,3875.624,3818.713,3823.695,9204207600,-0.705581549708556
2023-07-21,3816.984,3849.511,3808.803,3821.91,7950756300,-0.04668259366922278
2023-07-24,3803.349,3828.785,3798.805,3805.221,7548354500,-0.4366664835121714
2023-07-25,3866.645,3915.815,3866.645,3915.115,16306632000,2.887979436673982
2023-07-26,3908.174,3912.983,3893.399,3907.013,10788171700,-0.20694155854936724
2023-07-27,3914.23,3935.358,3894.692,3902.346,11066710900,-0.11945186770557781
2023-07-28,3889.793,4000.919,3886.554,3992.738,17973548100,2.316350215998275
2023-07-31,4018.89,4064.362,4002.078,4014.63,19960683000,0.5482954303538179
2023-08-01,4009.183,4031.701,3983.027,3998.001,14228685900,-0.4142100268268778
2023-08-02,3985.695,4008.334,3958.513,3969.895,12585569000,-0.7030013249121336
2023-08-03,3962.13,4005.0,3962.13,4004.984,12900664000,0.8838772813890561
2023-08-04,4033.724,4058.243,4011.62,4020.579,17826718900,0.3893898202839363
2023-08-07,4002.968,4002.968,3977.017,3990.153,12131066200,-0.7567566760906974
2023-08-08,3980.042,4002.29,3963.463,3979.732,10987169900,-0.26116793015205086
2023-08-09,3967.357,3982.109,3961.843,3967.565,9464026900,-0.3057241040351433
2023-08-10,3962.857,3976.464,3945.387,3975.717,9717684900,0.20546607301958897
2023-08-11,3977.983,3977.983,3884.254,3884.254,12608293100,-2.300541009332413
2023-08-14,3840.887,3859.472,3814.071,3855.906,11596633600,-0.7298183898375332
2023-08-15,3858.366,3865.284,3811.684,3846.536,10309711100,-0.2430038491602171
2023-08-16,3830.827,3852.42,3817.632,3818.334,9461694600,-0.7331791513195296
2023-08-17,3801.197,3836.151,3782.497,3831.101,9841549300,0.3343604828702773
2023-08-18,3832.455,3844.195,3784.004,3784.004,9554963800,-1.2293332908738352
2023-08-21,3773.225,3782.111,3729.555,3729.555,9870836900,-1.4389255402478485
2023-08-22,3748.068,3770.056,3704.679,3758.227,12031832700,0.7687780445656323
2023-08-23,3751.774,3756.166,3695.031,3696.634,9708163800,-1.6388845059119639
2023-08-24,3711.54,3748.857,3701.572,3723.429,11961452100,0.7248486055151826
2023-08-25,3703.514,3734.219,3695.844,3709.152,10518261000,-0.38343688035947787
2023-08-28,3911.549,3911.549,3740.528,3752.619,19799037900,1.1718851101276018
2023-08-29,3743.053,3810.377,3742.076,3790.107,15248614600,0.9989823107541707
2023-08-30,3803.119,3813.703,3780.241,3788.51,12967166100,-0.04213601357427876
2023-08-31,3786.926,3793.997,3762.005,3765.268,11896164600,-0.6134865685982094
2023-09-01,3778.913,3808.531,3778.913,3791.491,10531904500,0.6964444496381228
2023-09-04,3812.987,3854.261,3804.589,3848.952,14238520100,1.5155251588359286
2023-09-05,3839.578,3839.578,3814.334,3820.317,10405233300,-0.7439687478565604
2023-09-06,3808.1,3817.524,3790.895,3812.028,9344239300,-0.21697152356728866
2023-09-07,3802.227,3802.227,3756.853,3758.475,9510390300,-1.404842776600801
2023-09-08,3747.651,3753.263,3724.987,3739.993,7163816600,-0.49174199642142424
2023-09-11,3740.585,3788.322,3734.723,3767.537,10535801600,0.7364719666587582
2023-09-12,3764.333,3775.093,3755.416,3760.605,7938537800,-0.18399288447598083
2023-09-13,3759.609,3768.816,3719.111,3736.651,8157690100,-0.6369719765835558
2023-09-14,3736.936,3748.818,3717.311,3733.508,10038607500,-0.08411275230145732
2023-09-15,3740.785,3749.025,3699.381,3708.777,10939568900,-0.6624065088383313
2023-09-18,3698.934,3737.531,3691.111,3727.711,8672774100,0.5105186965945752
2023-09-19,3723.424,3724.072,3702.693,3720.502,8319903800,-0.19338945535208873
2023-09-20,3715.958,3718.521,3705.127,3705.69,7544820900,-0.39811831844197565
2023-09-21,3698.313,3708.456,3672.445,3672.445,8303100500,-0.8971338671070694
2023-09-22,3672.64,3740.418,3664.766,3738.933,11023116600,1.810455976876435
2023-09-25,3738.062,3738.062,3711.205,3714.604,9259647900,-0.6506936604640967
2023-09-26,3711.711,3723.848,3692.617,3692.893,7804452500,-0.584476837907888
2023-09-27,3694.961,3731.141,3694.394,3700.495,9162921000,0.20585486771482753
2023-09-28,3711.212,3716.057,3685.3,3689.517,8522171900,-0.2966630140021853
2023-10-09,3678.929,3694.171,3641.997,3684.727,10214805800,-0.12982729175661234
2023-10-10,3696.254,3701.256,3655.589,3657.126,9916373000,-0.7490649917890724
2023-10-11,3674.751,3689.535,3658.355,3667.548,10209158700,0.2849778760698918
2023-10-12,3697.934,3711.499,3682.842,3702.382,11436322500,0.9497898868672028
2023-10-13,3677.959,3678.191,3652.309,3663.41,9828798700,-1.0526196378439656
2023-10-16,3664.039,3664.039,3615.769,3626.597,9185311800,-1.004883428281289
2023-10-17,3635.299,3645.565,3619.128,3639.402,9074518800,0.35308582674060673
2023-10-18,3631.067,3632.058,3608.977,3610.577,9454587900,-0.7920257229072192
2023-10-19,3588.515,3588.515,3532.306,3533.545,11173752000,-2.133509408606993
2023-10-20,3518.346,3535.662,3501.725,3510.589,9851860500,-0.649659194944463
2023-10-23,3500.199,3505.347,3450.646,3474.244,9656165200,-1.0352963562524686
2023-10-24,3481.764,3495.004,3453.102,3487.13,11554728900,0.370900834829091
2023-10-25,3524.297,3531.831,3500.915,3504.458,12800961700,0.4969129341320766
2023-10-26,3484.781,3515.572,3478.05,3514.145,10514356600,0.27641934929738543
2023-10-27,3501.171,3576.586,3494.549,3562.385,12022510800,1.3727378921473132
2023-10-30,3554.106,3592.719,3554.024,3583.772,14401042600,0.6003562220254111
2023-10-31,3581.676,3581.676,3554.582,3572.506,11258726700,-0.31436151630181985
2023-11-01,3605.758,3606.413,3564.642,3571.027,9764553800,-0.041399510595641065
2023-11-02,3580.067,3597.17,3553.741,3554.189,9035964300,-0.4715170173734351
2023-11-03,3558.53,3596.101,3558.53,3584.136,9754210100,0.8425832165931624
2023-11-06,3608.319,3635.79,3600.63,3632.608,15298246300,1.3524040382396185
2023-11-07,3623.785,3628.462,3606.298,3619.759,11028859100,-0.35371281459491977
2023-11-08,3610.643,3627.048,3591.825,3611.072,11059423000,-0.23998835281575648
2023-11-09,3603.108,3624.414,3601.374,3612.826,11187205700,0.048572833773463664
2023-11-10,3596.069,3599.452,3576.101,3586.489,10210703400,-0.7289861177925516
2023-11-13,3593.911,3599.39,3562.768,3579.414,9670764900,-0.19726813605172033
2023-11-14,3581.103,3600.148,3568.882,3582.058,10088415800,0.07386683965586727
2023-11-15,3616.877,3620.601,3596.916,3607.245,10492921800,0.7031432768537016
2023-11-16,3600.981,3605.29,3572.364,3572.364,8746478000,-0.9669706382571697
2023-11-17,3561.311,3573.682,3547.029,3568.069,8731920700,-0.12022850974873212
2023-11-20,3569.731,3586.973,3545.104,3576.323,9108044500,0.23132960713483364
2023-11-21,3587.878,3615.057,3575.682,3581.067,10859431400,0.13265021084505335
2023-11-22,3569.439,3574.378,3544.416,3544.416,8478438100,-1.0234659111376554
2023-11-23,3541.442,3562.068,3529.939,3561.52,8480016700,0.48256186632720244
2023-11-24,3560.646,3560.646,3533.996,3538.009,8501840300,-0.6601394910038416
2023-11-27,3534.445,3534.445,3492.862,3511.942,9910231400,-0.736770313472912
2023-11-28,3510.655,3521.046,3501.109,3518.523,8933578900,0.18738919947995925
2023-11-29,3518.884,3519.198,3482.244,3488.307,9884141200,-0.8587694325147277
2023-11-30,3485.517,3505.127,3481.452,3496.203,10135082000,0.22635622380713372
2023-12-01,3494.223,3494.223,3452.173,3482.881,10853094100,-0.3810419475070548
2023-12-04,3481.045,3488.133,3459.611,3460.138,9715682600,-0.6529938863831353
2023-12-05,3450.09,3450.09,3393.814,3394.257,10047200700,-1.9039992046559928
2023-12-06,3387.88,3420.277,3382.946,3399.598,10580551900,0.15735402475416382
2023-12-07,3394.306,3404.407,3369.768,3391.282,9771324800,-0.24461715767569725
2023-12-08,3391.859,3409.385,3383.448,3399.462,12952205400,0.24120671769554125
2023-12-11,3378.052,3426.611,3346.89,3419.455,13962624900,0.5881224734972657
2023-12-12,3409.998,3427.546,3406.101,3426.803,10559001300,0.21488804502471925
2023-12-13,3418.641,3418.641,3369.605,3369.605,9528536700,-1.669135926401366
2023-12-14,3387.385,3399.139,3350.765,3351.964,8365513500,-0.5235331737696303
2023-12-15,3365.939,3388.505,3339.519,3341.552,9778778300,-0.3106238611154444
2023-12-18,3329.191,3352.346,3314.91,3329.366,9052682600,-0.3646808429137116
2023-12-19,3325.66,3345.78,3313.187,3334.041,8380811800,0.14041712446153376
2023-12-20,3334.332,3338.543,3297.365,3297.502,9241286800,-1.0959373325043154
2023-12-21,3285.605,3339.355,3283.988,3330.87,10254619800,1.011917506039417
2023-12-22,3329.467,3359.06,3315.898,3337.228,10522013300,0.19088106110416447
2023-12-25,3330.333,3348.882,3330.333,3347.451,7454269300,0.30633208159587255
2023-12-26,3345.395,3345.417,3315.937,3324.79,7473293500,-0.6769628592024235
2023-12-27,3326.927,3341.266,3309.673,3336.357,9440392800,0.34790167198530675
2023-12-28,3335.557,3423.402,3331.208,3414.54,14806485100,2.3433643342124277
2023-12-29,3411.109,3432.541,3409.58,3431.11,11492893200,0.4852776655127844
2024-01-02,3426.268,3426.268,3386.352,3386.352,11618072600,-1.304475811034922
2024-01-03,3379.75,3392.85,3362.662,3378.297,10561385100,-0.2378665891791476
2024-01-04,3375.021,3375.021,3323.865,3347.052,10672101300,-0.9248742783716124
2024-01-05,3341.306,3372.544,3313.554,3329.111,12640057400,-0.5360239398730648
2024-01-08,3322.605,3333.516,3283.342,3286.056,11742948500,-1.2932882081732933
2024-01-09,3286.708,3304.601,3273.843,3292.499,10933046500,0.19607091297286772
2024-01-10,3281.669,3312.916,3268.247,3277.129,9419936600,-0.4668186687376341
2024-01-11,3275.309,3311.114,3266.791,3295.672,10878973500,0.5658306401731483
2024-01-12,3284.358,3310.47,3279.699,3284.167,9685355500,-0.3490942059768076
2024-01-15,3270.103,3306.922,3261.269,3280.92,8885153000,-0.09886829750130888
2024-01-16,3272.571,3300.876,3260.436,3300.876,11327666500,0.6082440291137914
2024-01-17,3291.139,3291.139,3229.082,3229.082,10876972800,-2.1749983943656237
2024-01-18,3214.284,3279.254,3171.633,3274.729,17490916800,1.4136215803748575
2024-01-19,3261.239,3286.942,3251.814,3269.776,11850140800,-0.15124915680045925
2024-01-22,3262.469,3281.421,3193.178,3218.902,14870562800,-1.5558863971109838
2024-01-23,3208.432,3249.531,3188.126,3231.933,12201200000,0.40482748465160423
2024-01-24,3245.959,3281.489,3190.467,3277.109,15437195400,1.3978012539245022
2024-01-25,3274.339,3344.243,3269.794,3342.919,19683361400,2.0081724471172624
2024-01-26,3326.647,3351.969,3315.127,3333.821,18066400500,-0.27215735708822075
2024-01-29,3335.394,3351.372,3303.96,3303.96,18416479500,-0.8956989592422637
2024-01-30,3283.898,3300.204,3244.972,3245.039,14364935000,-1.7833448346832204
2024-01-31,3231.543,3252.148,3201.926,3215.352,15314346900,-0.9148426259283915
2024-02-01,3202.256,3251.758,3191.897,3217.711,14551679200,0.07336677290696869
2024-02-02,3219.873,3235.408,3108.352,3179.628,17375808900,-1.1835432081998554
2024-02-05,3164.25,3233.849,3111.518,3200.422,20304297000,0.6539758739072532
2024-02-06,3185.25,3314.512,3182.822,3311.692,20271309900,3.476729006362289
2024-02-07,3314.031,3343.63,3289.67,3343.63,21664793300,0.964401278862903
2024-02-08,3351.405,3367.21,3336.978,3364.93,18997757800,0.6370322075109902
2024-02-19,3393.192,3403.808,3364.142,3403.808,18331980000,1.1553880764235913
2024-02-20,3395.192,3415.894,3380.103,3410.854,14073458100,0.20700345025335132
2024-02-21,3390.362,3500.134,3383.691,3456.871,18887936200,1.3491342637357073
2024-02-22,3450.352,3486.683,3448.414,3486.675,14102078400,0.8621669712291835
2024-02-23,3491.337,3507.559,3472.968,3489.742,14482127300,0.08796346089039453
2024-02-26,3485.543,3492.606,3445.389,3453.359,15124833100,-1.042569909179536
2024-02-27,3440.052,3494.787,3437.442,3494.787,13952824600,1.19964359338256
2024-02-28,3499.826,3521.657,3450.26,3450.26,18983754800,-1.274097677483621
2024-02-29,3437.898,3516.083,3437.898,3516.083,15594453200,1.9077692695622872
2024-03-01,3515.059,3544.36,3503.459,3537.804,16270957000,0.6177612985813985
2024-03-04,3538.366,3548.69,3519.76,3540.869,16324461300,0.08663566438389392
2024-03-05,3524.964,3570.694,3519.082,3565.514,16642238900,0.6960155826154502
2024-03-06,3556.532,3577.388,3545.101,3551.048,14307661300,-0.40571990461965024
2024-03-07,3548.101,3569.919,3522.896,3529.72,14811051000,-0.6006114251342121
2024-03-08,3529.551,3548.506,3511.577,3544.91,12579266400,0.4303457498045171
2024-03-11,3545.943,3589.264,3542.279,3589.264,14820282500,1.2512024282703926
2024-03-12,3592.583,3605.698,3574.212,3597.494,18068556000,0.2292949195155325
2024-03-13,3594.421,3594.421,3563.369,3572.361,14459059000,-0.6986252096598422
2024-03-14,3571.789,3597.46,3545.612,3562.223,14096272200,-0.28378990813078264
2024-03-15,3554.907,3572.809,3533.68,3569.993,13831604400,0.2181222231174118
2024-03-18,3577.056,3604.052,3573.404,3603.528,16037943800,0.9393575841745383
2024-03-19,3593.34,3610.739,3577.188,3577.63,14557178600,-0.7186845780024376
2024-03-20,3568.716,3589.546,3568.434,3585.384,12952896600,0.21673566019961843
2024-03-21,3593.07,3601.115,3575.033,3581.09,13074337700,-0.11976401969774342
2024-03-22,3571.274,3575.717,3522.84,3545.002,13922735800,-1.007737867520786
2024-03-25,3536.714,3564.96,3525.763,3525.763,13701572400,-0.542707733310166
2024-03-26,3526.682,3547.646,3518.602,3543.747,12620953500,0.5100739896584106
2024-03-27,3538.724,3542.962,3502.787,3502.787,12862676300,-1.1558387209922194
2024-03-28,3498.482,3551.214,3489.386,3520.965,14333471700,0.5189581895787665
2024-03-29,3516.883,3538.238,3516.883,3537.484,12864329000,0.4691611532633644
2024-04-01,3551.582,3600.919,3551.582,3595.647,16277656100,1.6441911822074662
2024-04-02,3593.221,3596.19,3568.754,3580.676,14127297200,-0.4163645652646153
2024-04-03,3578.684,3582.432,3558.874,3567.803,13559233100,-0.3595131198689816
2024-04-08,3553.555,3567.82,3535.769,3536.408,15530428300,-0.879953293385316
2024-04-09,3533.385,3543.714,3518.86,3533.487,12967094200,-0.08259793553232475
2024-04-10,3528.968,3531.23,3490.053,3504.709,12879027400,-0.8144362778184866
2024-04-11,3485.029,3520.589,3484.925,3504.245,12653439500,-0.013239330283909556
2024-04-12,3505.75,3516.699,3470.061,3475.839,12892111600,-0.8106168375784262
2024-04-15,3473.505,3552.413,3473.505,3549.076,18394125000,2.1070308492424417
2024-04-16,3533.364,3545.503,3503.616,3511.115,17615306500,-1.0696023415672218
2024-04-17,3509.132,3565.939,3498.032,3565.403,16846639800,1.5461755026537238
2024-04-18,3550.556,3602.79,3547.6,3569.802,17857410500,0.12338016207424918
2024-04-19,3550.609,3560.949,3529.324,3541.662,14728150500,-0.7882790137940465
2024-04-22,3536.184,3558.164,3528.019,3530.905,15057904200,-0.3037274590291128
2024-04-23,3525.668,3533.758,3499.984,3506.225,14311350400,-0.698970943709909
2024-04-24,3514.011,3524.537,3495.649,3521.622,12173985100,0.4391332558520977
2024-04-25,3510.64,3543.97,3505.2,3530.281,11518772200,0.24588101732667678
2024-04-26,3531.965,3588.4,3531.965,3584.269,19721613300,1.529283362995737
2024-04-29,3584.543,3645.823,3578.76,3623.912,22272138100,1.106027477290339
2024-04-30,3619.259,3630.709,3604.394,3604.394,19129689900,-0.5385892372662515
2024-05-06,3654.049,3668.257,3645.738,3657.877,20801800700,1.4838277946306766
2024-05-07,3657.001,3665.684,3648.376,3659.008,16483428600,0.030919574386989446
2024-05-08,3650.748,3650.936,3628.698,3630.223,13003533600,-0.7866886325473943
2024-05-09,3630.414,3669.759,3630.414,3664.561,14655901700,0.9458923046876233
2024-05-10,3669.087,3674.609,3641.764,3666.277,15072053600,0.0468268914066261
2024-05-13,3646.349,3673.621,3634.605,3664.691,15726745500,-0.043259142721630006
2024-05-14,3668.225,3675.776,3646.709,3657.045,13340649000,-0.20863969158654294
2024-05-15,3651.054,3656.528,3624.002,3626.056,12352276400,-0.8473781427354554
2024-05-16,3636.601,3657.483,3626.334,3640.359,15463050300,0.3944506096982492
2024-05-17,3638.561,3677.97,3627.447,3677.97,16457041700,1.0331673332218072
2024-05-20,3682.062,3703.029,3677.443,3690.962,18460942300,0.3532383352773394
2024-05-21,3682.287,3684.611,3665.152,3676.161,13067828300,-0.40100656685168046
2024-05-22,3675.647,3691.88,3667.089,3684.451,15191460500,0.2255069894925743
2024-05-23,3672.84,3674.365,3633.505,3641.792,14257299000,-1.1578115708419046
2024-05-24,3630.827,3650.873,3599.668,3601.475,12479117700,-1.1070648735567512
2024-05-27,3606.645,3638.151,3603.713,3635.708,13127264400,0.9505272145440502
2024-05-28,3633.254,3638.97,3605.921,3609.172,12353223800,-0.7298715958487301
2024-05-29,3609.071,3633.197,3602.82,3613.522,11590632100,0.12052625920848659
2024-05-30,3607.052,3624.035,3586.754,3594.312,12260299500,-0.5316143086993796
2024-05-31,3599.82,3614.644,3579.925,3579.925,11246201900,-0.40027131757064405
2024-06-03,3577.38,3600.604,3567.871,3588.748,14105459100,0.2464576771859628
2024-06-04,3583.81,3622.501,3580.277,3615.671,12454509600,0.7502059213965406
2024-06-05,3610.36,3623.323,3594.106,3594.794,11090676600,-0.5774031984657868
2024-06-06,3602.155,3625.011,3584.171,3592.245,13789351700,-0.07090809654183294
2024-06-07,3594.634,3603.07,3552.085,3574.114,13110302600,-0.5047261531437863
2024-06-11,3555.819,3565.311,3525.895,3542.877,13452230600,-0.8739788378322566
2024-06-12,3539.095,3551.171,3531.566,3544.123,12281372900,0.035169157721259836
2024-06-13,3548.216,3551.077,3520.18,3526.131,12324546200,-0.507657324534172
2024-06-14,3514.8,3547.147,3503.523,3541.533,17151694200,0.4367960237438684
2024-06-17,3521.437,3540.793,3520.738,3536.199,13743343800,-0.15061274312564432
2024-06-18,3533.488,3551.709,3532.785,3545.59,12367183800,0.26556763349574464
2024-06-19,3543.36,3543.36,3524.845,3528.749,10664279700,-0.47498441726201435
2024-06-20,3525.169,3533.987,3500.131,3503.282,11161739600,-0.7217005233299267
2024-06-21,3496.343,3505.512,3473.828,3495.62,10918661500,-0.21870919897399865
2024-06-24,3473.639,3505.775,3471.216,3476.81,11799018400,-0.5381019676051757
2024-06-25,3475.165,3483.219,3440.646,3457.902,11844811800,-0.5438318458586999
2024-06-26,3451.539,3487.396,3442.298,3480.265,10589886100,0.6467216248465135
2024-06-27,3467.289,3471.142,3452.578,3454.118,11491810100,-0.751293364154737
2024-06-28,3443.674,3484.678,3443.674,3461.657,13540915300,0.21826121748012017
2024-07-01,3458.264,3479.955,3443.809,3478.183,12182977000,0.4774014294310458
2024-07-02,3472.453,3488.319,3464.524,3471.786,12165012100,-0.1839178674612585
2024-07-03,3471.556,3478.705,3454.994,3463.414,10385710800,-0.24114389538986147
2024-07-04,3468.296,3483.31,3444.928,3445.813,10442990900,-0.5081979803742809
2024-07-05,3443.359,3451.039,3399.669,3431.061,11660965900,-0.42811377169915676
2024-07-08,3420.803,3428.042,3395.912,3401.76,11552821800,-0.8539923947723405
2024-07-09,3396.804,3448.928,3384.809,3439.811,13162944300,1.1185680353699157
2024-07-10,3425.882,3447.505,3423.648,3428.966,12720345600,-0.31527894991906225
2024-07-11,3451.044,3473.984,3438.118,3468.169,14589246600,1.1432892597943445
2024-07-12,3459.956,3479.096,3457.363,3472.401,13087458900,0.1220240420809926
2024-07-15,3462.611,3481.461,3460.792,3476.247,11851708300,0.11075909723559096
2024-07-16,3466.852,3500.294,3464.366,3498.283,12065901700,0.6339020213465885
2024-07-17,3494.209,3514.475,3486.223,3501.584,13180206200,0.09436057631699857
2024-07-18,3483.298,3522.8,3475.724,3520.931,12376819900,0.5525213731842671
2024-07-19,3500.805,3545.338,3493.073,3539.016,13244797500,0.5136425564715719
2024-07-22,3538.401,3540.187,3494.014,3514.925,13212633700,-0.6807259419002287
2024-07-23,3509.789,3509.789,3439.878,3439.878,12889766000,-2.1350953434283837
2024-07-24,3432.346,3451.42,3408.413,3418.166,12703626300,-0.6311851757533238
2024-07-25,3404.611,3415.856,3383.799,3399.272,13102224200,-0.5527525579506753
2024-07-26,3403.708,3420.82,3388.66,3409.293,12419555800,0.2947984156607797
2024-07-29,3404.366,3408.502,3388.844,3390.742,10978778600,-0.5441304106159284
2024-07-30,3380.689,3380.689,3352.804,3369.382,10495216400,-0.6299506125797882
2024-07-31,3364.027,3445.004,3364.027,3442.084,17195917700,2.1577250664958747
2024-08-01,3443.14,3448.336,3419.187,3419.267,13632346400,-0.6628832997683909
2024-08-02,3393.917,3419.102,3380.965,3384.392,11661525500,-1.0199554465913363
2024-08-05,3362.112,3409.031,3343.321,3343.321,14281251600,-1.2135414573725467
2024-08-06,3367.352,3376.796,3318.625,3342.979,11934027900,-0.010229349799195653
2024-08-07,3338.591,3362.384,3329.966,3341.489,9508437700,-0.04457102482545716
2024-08-08,3332.428,3364.786,3320.843,3342.937,9249569500,0.04333397476394829
2024-08-09,3358.128,3366.669,3331.627,3331.627,9151162600,-0.33832525111899825
2024-08-12,3327.556,3338.077,3319.891,3325.865,7993875400,-0.17294853235371166
2024-08-13,3328.014,3335.014,3310.191,3334.39,8448967900,0.2563242945820221
2024-08-14,3332.787,3332.787,3309.1,3309.239,7874240700,-0.7542908897879341
2024-08-15,3301.446,3356.764,3297.971,3341.953,10476639900,0.9885656490812522
2024-08-16,3342.035,3356.907,3335.624,3345.634,9651908300,0.11014517559044812
2024-08-19,3344.261,3375.962,3343.712,3356.968,10557111000,0.33876987142047454
2024-08-20,3361.639,3362.334,3321.64,3332.703,10166833100,-0.7228248824534433
2024-08-21,3322.913,3339.443,3307.992,3321.635,8995475100,-0.33210280063958875
2024-08-22,3322.872,3327.696,3305.245,3313.136,10036650400,-0.25586796863593664
2024-08-23,3305.931,3336.241,3305.64,3327.191,8952577400,0.4242204364686364
2024-08-26,3330.718,3336.527,3311.57,3324.223,9399077200,-0.08920437690531635
2024-08-27,3315.686,3320.567,3299.564,3305.334,9580815700,-0.5682230103094765
2024-08-28,3298.909,3305.35,3274.588,3286.496,9269665000,-0.5699272751255924
2024-08-29,3273.541,3290.786,3269.529,3277.681,13070233300,-0.26821879594559617
2024-08-30,3273.753,3351.625,3273.65,3321.432,18869544300,1.3348156821850532
2024-09-02,3307.543,3307.763,3264.757,3265.011,14761235300,-1.6986950207019125
2024-09-03,3261.741,3281.594,3261.188,3273.428,12289730600,0.25779392473714857
2024-09-04,3253.898,3272.986,3249.981,3252.165,10483248200,-0.6495636989724551
2024-09-05,3252.96,3266.882,3247.173,3257.758,9710945000,0.17197774405663946
2024-09-06,3261.154,3274.814,3231.069,3231.346,8840041700,-0.8107416204641282
2024-09-09,3214.8,3222.928,3180.928,3192.952,10867306900,-1.1881735970087903
2024-09-10,3193.456,3205.097,3171.793,3195.755,9729007800,0.0877871010901421
2024-09-11,3187.051,3197.336,3174.034,3186.13,10248211000,-0.3011807851352799
2024-09-12,3189.427,3201.554,3171.878,3172.475,9286865700,-0.42857636066325755
2024-09-13,3174.034,3188.915,3159.247,3159.247,8833667700,-0.416961520579362
2024-09-18,3158.818,3179.901,3145.791,3171.01,8472281400,0.37233555970774823
2024-09-19,3178.396,3213.838,3149.793,3196.036,12543927200,0.7892122699076909
2024-09-20,3192.432,3207.988,3173.224,3201.05,11806409800,0.156881837376055
2024-09-23,3200.868,3230.161,3198.025,3212.764,9534485500,0.3659424251417409
2024-09-24,3244.647,3351.968,3222.489,3351.909,20407221700,4.331005950016875
2024-09-25,3403.702,3465.488,3393.438,3401.533,24156425500,1.4804697860234306
2024-09-26,3399.319,3545.325,3391.677,3545.32,24313401000,4.227123476385519
2024-09-27,3617.92,3708.495,3596.583,3703.685,26548777400,4.466874640370966
2024-09-30,3846.652,4038.697,3796.505,4017.855,51021770700,8.482632837295823
2024-10-08,4450.368,4450.368,4094.352,4256.096,58986789400,5.929556940208136
2024-10-09,4168.844,4197.6,3942.512,3955.984,48226929500,-7.051344706510376
2024-10-10,3979.612,4098.497,3912.771,3997.788,39505309900,1.0567282375257392
2024-10-11,3969.758,3978.239,3847.123,3887.167,27409650500,-2.7670551815153765
2024-10-14,3915.219,3979.543,3868.779,3961.342,30757899300,1.9082020402004796
2024-10-15,3942.534,3967.871,3855.995,3855.995,24248644800,-2.659376544615444
2024-10-16,3806.137,3877.748,3805.087,3831.589,21886640700,-0.6329365053637237
2024-10-17,3853.841,3882.073,3787.75,3788.222,21231382000,-1.131828074462049
2024-10-18,3780.314,3998.214,3765.162,3925.234,31295883400,3.6167890899741373
2024-10-21,3946.902,3979.264,3896.165,3935.197,29118563400,0.25381926274969935
2024-10-22,3923.744,3965.908,3917.522,3957.776,22343339600,0.573770512632521
2024-10-23,3955.319,4012.18,3939.099,3973.209,24587394900,0.38994121951319016
2024-10-24,3950.899,3957.983,3914.089,3928.833,17472406200,-1.116880586951241
2024-10-25,3931.321,3992.892,3921.94,3956.421,21069488500,0.7021932466969139
2024-10-28,3953.106,3964.157,3917.204,3964.157,21616041500,0.1955302532263392
2024-10-29,3970.008,3991.309,3921.58,3924.649,21729398400,-0.9966305572660317
2024-10-30,3904.16,3926.058,3864.305,3889.449,21943662600,-0.8968954930746675
2024-10-31,3888.423,3923.9,3859.108,3891.04,30063671800,0.04090553700537569
2024-11-01,3882.458,3933.22,3879.959,3890.02,30798648100,-0.026214071302277375
2024-11-04,3897.714,3944.762,3891.211,3944.762,22923906000,1.4072421221484666
2024-11-05,3937.623,4046.698,3925.414,4044.573,31686279400,2.5302160181019717
2024-11-06,4051.289,4091.703,4002.503,4024.283,33580793800,-0.5016598785582582
2024-11-07,3987.267,4146.151,3984.665,4145.695,34143641400,3.016984640493714
2024-11-08,4192.079,4200.908,4094.163,4104.047,33235038500,-1.004608394973583
2024-11-11,4066.934,4132.511,4048.039,4131.131,28959422700,0.6599339627445966
2024-11-12,4133.353,4181.71,4060.794,4085.743,29777808600,-1.098682176866339
2024-11-13,4059.59,4121.074,4059.59,4110.89,24048409900,0.6154816883979342
2024-11-14,4101.223,4118.169,4034.944,4039.619,23015278400,-1.733712164519119
2024-11-15,4025.648,4049.071,3968.831,3968.831,24739946300,-1.7523434759565193
2024-11-18,3982.104,4034.06,3931.187,3950.381,30677794600,-0.46487240197429225
2024-11-19,3954.604,3979.151,3896.749,3976.891,24294646500,0.6710745115471095
2024-11-20,3966.124,4001.085,3958.338,3985.773,18459937200,0.22334029270603128
2024-11-21,3979.455,3999.569,3966.066,3989.298,16612592700,0.08843955739574749
2024-11-22,3984.244,3990.265,3865.699,3865.699,21628580900,-3.098264406419371
2024-11-25,3875.613,3889.707,3812.318,3848.091,19070295300,-0.45549330147018896
2024-11-26,3836.259,3875.229,3833.284,3840.185,14989244100,-0.20545252178287843
2024-11-27,3829.344,3907.164,3817.913,3907.045,17413609600,1.7410619540464856
2024-11-28,3904.253,3908.392,3866.014,3872.551,15011729100,-0.8828667189653583
2024-11-29,3869.89,3962.7,3869.89,3916.583,18765671300,1.137028279291874
2024-12-02,3909.703,3955.125,3902.17,3947.632,19728978400,0.7927573601784976
2024-12-03,3946.703,3963.947,3922.843,3951.891,18249686700,0.10788746266114924
2024-12-04,3948.13,3957.365,3917.747,3930.557,17462631800,-0.5398428246123244
2024-12-05,3916.564,3936.336,3910.083,3921.588,13853403800,-0.2281864885816387
2024-12-06,3923.895,3995.117,3923.895,3973.141,19205790700,1.3145950059006761
2024-12-09,3970.663,3995.512,3948.421,3966.571,17595995800,-0.1653603534332193
2024-12-10,4094.05,4098.38,3988.968,3995.637,25346379500,0.7327739753051343
2024-12-11,3988.018,4005.325,3977.352,3988.831,17725284600,-0.17033579376705132
2024-12-12,3987.153,4031.744,3981.349,4028.505,18162177700,0.9946272479330442
2024-12-13,4000.985,4000.985,3931.739,3933.181,23035307900,-2.36623759930793
2024-12-16,3930.781,3938.76,3901.647,3911.842,17851125100,-0.5425379610040859
2024-12-17,3908.126,3955.945,3908.126,3922.033,16093909000,0.2605166568588446
2024-12-18,3934.543,3956.144,3933.969,3941.89,15773832100,0.5062935472496033
2024-12-19,3911.89,3954.349,3899.748,3945.464,16108104000,0.0906671672725512
2024-12-20,3937.472,3958.634,3923.256,3927.744,15498649600,-0.44912334772284623
2024-12-23,3928.149,3965.85,3928.149,3933.572,19006736200,0.14838034250703735
2024-12-24,3934.942,3985.859,3934.734,3983.688,16149458900,1.27405828595486
2024-12-25,3987.956,4007.763,3969.477,3985.629,15939074700,0.04872369522914699
2024-12-26,3981.732,3991.533,3965.546,3987.48,14342528600,0.04644185397084666
2024-12-27,3987.019,4007.131,3970.937,3981.031,16926866600,-0.16173121871457807
2024-12-30,3976.7,4005.778,3976.7,3999.055,16461248500,0.45274703964877094
2024-12-31,3995.871,4004.346,3934.911,3934.911,18392839700,-1.6039789400245752
2025-01-02,3931.816,3934.203,3796.339,3820.395,21789872400,-2.9102564200308434
2025-01-03,3825.243,3835.935,3767.665,3775.165,17534267600,-1.1839089937035308
2025-01-06,3775.99,3788.849,3743.073,3768.97,15094667000,-0.16409878773511188
2025-01-07,3760.866,3797.602,3749.058,3796.106,14645577900,0.7199845050504639
2025-01-08,3781.261,3810.736,3731.189,3789.215,16916696800,-0.18152812381951877
2025-01-09,3780.734,3795.261,3768.681,3779.877,12979400200,-0.24643626714240252
2025-01-10,3778.893,3786.807,3732.481,3732.481,13752317100,-1.2539032354756396
2025-01-13,3704.444,3737.885,3704.107,3722.513,13644619900,-0.26706097097346504
2025-01-14,3728.556,3826.64,3718.877,3820.54,17066465700,2.633355477872068
2025-01-15,3810.035,3816.828,3790.166,3796.026,14147552000,-0.64163704607203
2025-01-16,3812.194,3842.947,3776.286,3800.384,14450587100,0.11480427162511297
2025-01-17,3788.373,3831.64,3780.213,3812.343,12662196100,0.31467872720229995
2025-01-20,3835.304,3858.668,3821.982,3829.676,13958127700,0.45465478840702733
2025-01-21,3850.356,3850.911,3817.121,3832.615,14121840600,0.07674278450708893
2025-01-22,3823.945,3823.945,3783.144,3797.017,13725506200,-0.928817530589432
2025-01-23,3829.046,3864.259,3801.853,3803.744,18056955100,0.17716539062111458
2025-01-24,3793.85,3847.6,3793.484,3832.864,14897172200,0.765561509922863
2025-01-27,3836.958,3851.997,3817.08,3817.08,14667077200,-0.4118069412324621
2025-02-05,3844.7,3844.7,3785.162,3795.085,15716830800,-0.5762258061135728
2025-02-06,3789.609,3843.494,3788.32,3842.831,16728817600,1.2581009384506459
2025-02-07,3844.057,3919.35,3833.869,3892.703,22185770700,1.2977932154705663
2025-02-10,3898.102,3906.368,3878.831,3901.062,18890304000,0.21473510822684894
2025-02-11,3905.159,3905.159,3872.909,3883.135,16657490900,-0.4595415299731065
2025-02-12,3875.96,3920.723,3867.354,3919.862,16422854000,0.9458079618658521
2025-02-13,3913.904,3939.198,3904.985,3905.14,17248587400,-0.3755744462432653
2025-02-14,3900.827,3942.036,3900.827,3939.009,17297645200,0.867292849936252
2025-02-17,3954.415,3955.896,3921.702,3947.398,21358824600,0.21297234913655316
2025-02-18,3942.576,3965.423,3901.868,3912.783,20942510100,-0.8769067623786708
2025-02-19,3906.22,3943.674,3904.146,3940.16,18282951700,0.6996810198776737
2025-02-20,3934.65,3940.678,3916.177,3928.896,16389523600,-0.28587671566635553
2025-02-21,3938.052,3981.048,3927.787,3978.444,22740033000,1.2611176269364144
2025-02-24,3972.483,3995.946,3949.231,3969.717,22081061800,-0.21935711549539993
2025-02-25,3933.636,3955.434,3915.653,3925.651,17810858000,-1.1100539408728682
2025-02-26,3931.842,3960.33,3925.366,3959.941,19106250100,0.8734856970219695
2025-02-27,3961.064,3973.932,3933.461,3968.116,20288796300,0.20644246972367775
2025-02-28,3950.187,3972.481,3886.399,3890.049,19810414700,-1.9673568010612597
2025-03-03,3899.696,3930.005,3872.587,3888.474,17762316600,-0.04048792187449912
2025-03-04,3865.994,3890.424,3855.725,3885.221,14985096700,-0.08365749648834298
2025-03-05,3887.799,3906.421,3877.019,3902.571,15865275100,0.4465640435898033
2025-03-06,3923.383,3964.494,3917.083,3956.237,19396091500,1.3751447443236753
2025-03-07,3944.915,3967.074,3935.046,3944.014,16673237500,-0.30895520162214085
2025-03-10,3945.58,3949.145,3905.127,3928.802,15276523200,-0.38569842804817567
2025-03-11,3890.431,3941.416,3889.43,3941.416,14475440200,0.32106479277906885
2025-03-12,3946.862,3953.613,3921.474,3927.232,15673219000,-0.35987066577088944
2025-03-13,3925.744,3939.285,3897.376,3911.579,15653644300,-0.39857589263888604
2025-03-14,3919.616,4014.159,3919.616,4006.557,21613900300,2.4281242945623616
2025-03-17,4020.64,4021.728,3992.256,3996.788,16220291100,-0.24382530936162272
2025-03-18,4011.779,4016.873,3995.96,4007.723,14020849600,0.27359469654131274
2025-03-19,4004.825,4025.299,3989.512,4010.168,14441942800,0.061007210328667405
2025-03-20,4011.059,4012.042,3969.926,3974.992,13375467000,-0.8771702332670328
2025-03-21,3966.515,3983.148,3904.767,3914.696,16590529400,-1.5168835559920657
2025-03-24,3916.114,3938.183,3907.2,3934.849,15223467400,0.514803703786959
2025-03-25,3937.898,3946.357,3921.529,3932.295,14047539900,-0.0649071921184241
2025-03-26,3930.207,3942.026,3916.861,3919.357,13116418700,-0.32901905884477056
2025-03-27,3911.384,3952.985,3903.652,3932.412,12679373800,0.33309035129995834
2025-03-28,3930.776,3934.234,3907.384,3915.166,12635621400,-0.43856035430671625
2025-03-31,3905.982,3928.448,3872.403,3887.306,16679852300,-0.7115917945752503
2025-04-01,3892.779,3905.262,3882.405,3887.684,14038027400,0.009723957928708948
2025-04-02,3884.418,3900.495,3877.16,3884.386,11304317500,-0.08483199766237126
2025-04-03,3843.418,3883.703,3843.418,3861.503,14259978900,-0.589102112920803
2025-04-07,3675.202,3707.777,3514.117,3589.441,31257858600,-7.045494979545541
2025-04-08,3597.986,3650.759,3583.875,3650.759,28019731200,1.7082882822144319
2025-04-09,3606.104,3686.794,3587.337,3686.794,26230570800,0.9870550206135142
2025-04-10,3749.126,3756.139,3708.819,3735.115,22725222700,1.3106509341178185
2025-04-11,3730.315,3762.365,3708.462,3750.517,16875969100,0.4123567815180973
2025-04-14,3772.041,3776.634,3754.033,3759.142,16446240300,0.2299682950377191
2025-04-15,3756.479,3764.486,3737.85,3761.235,13400604000,0.055677598771208814
2025-04-16,3757.876,3775.166,3721.603,3772.82,15635900600,0.308010533774139
2025-04-17,3755.086,3779.125,3749.504,3772.222,12237100200,-0.01585021283814214
2025-04-18,3760.043,3782.044,3754.407,3772.523,10294850900,0.007979381913369998
2025-04-21,3768.142,3790.178,3763.138,3784.881,12135573000,0.32757918241981265
2025-04-22,3780.112,3799.23,3778.079,3783.952,12568825700,-0.024545025325750647
2025-04-23,3803.43,3807.954,3780.518,3786.882,13198687000,0.07743227186813861
2025-04-24,3787.459,3807.26,3775.207,3784.357,11716456000,-0.06667754632967426
2025-04-25,3792.084,3801.577,3780.777,3786.994,12459113300,0.06968158659450552
2025-04-28,3786.387,3792.008,3772.803,3781.619,12514509100,-0.14193315331368916
2025-04-29,3776.003,3785.316,3768.031,3775.077,11151469400,-0.1729946882538913
2025-04-30,3775.831,3787.564,3768.757,3770.571,14368165800,-0.1193618037459987
2025-05-06,3794.376,3809.094,3782.777,3808.542,15852045900,1.0070358043914318
2025-05-07,3861.577,3863.678,3814.987,3831.627,16117229900,0.6061374667786223
2025-05-08,3820.548,3867.331,3816.264,3852.896,12495983300,0.5550905659658545
2025-05-09,3848.619,3853.663,3836.535,3846.157,11938952600,-0.17490739433403402
2025-05-12,3866.531,3890.734,3859.035,3890.61,15333246000,1.1557770522628186
2025-05-13,3915.592,3915.592,3890.686,3896.258,14732029900,0.14517003760334823
2025-05-14,3894.839,3960.523,3890.65,3943.211,17203377900,1.2050793350953715
2025-05-15,3934.027,3936.465,3904.907,3907.199,13808174900,-0.913265863784607
2025-05-16,3898.666,3903.853,3874.862,3889.085,11840534500,-0.4636057697598672
2025-05-19,3882.568,3885.589,3866.57,3877.145,9864341400,-0.3070130891970724
2025-05-20,3883.102,3911.474,3881.744,3898.171,10488523400,0.5423062588580052
2025-05-21,3899.437,3928.634,3899.437,3916.381,10979134300,0.46714215461558517
2025-05-22,3912.601,3923.02,3903.09,3913.865,10759705200,-0.06424298350952151
2025-05-23,3910.374,3931.551,3882.274,3882.274,12027741900,-0.8071560976170566
2025-05-26,3875.789,3884.537,3849.038,3860.107,10960120700,-0.5709797917406112
2025-05-27,3857.627,3865.429,3834.846,3839.397,9857242500,-0.5365136251404445
2025-05-28,3843.075,3849.736,3833.958,3836.237,8903102600,-0.08230459105947885
2025-05-29,3838.009,3869.791,3831.458,3858.7,10847188600,0.5855477646453888
2025-05-30,3850.493,3858.613,3829.254,3840.232,11167222800,-0.47860678466841167
2025-06-03,3833.458,3863.295,3832.72,3852.013,13140309000,0.30677834047525554
2025-06-04,3855.488,3875.857,3855.488,3868.743,11680387300,0.4343183680844298
2025-06-05,3872.637,3883.135,3861.272,3877.556,12287818400,0.22780008907286042
2025-06-06,3878.103,3889.456,3869.387,3873.984,11098797100,-0.09211988169868235
2025-06-09,3877.798,3894.652,3871.992,3885.246,13630629300,0.29070847995242843
2025-06-10,3887.551,3897.457,3850.466,3865.465,14556385900,-0.5091312107392887
2025-06-11,3870.672,3911.611,3870.672,3894.625,14241477200,0.7543723717586381
2025-06-12,3885.52,3900.041,3870.384,3892.199,13399869700,-0.062290977950374415
2025-06-13,3881.492,3889.16,3853.819,3864.182,17253953600,-0.7198244488527017
2025-06-16,3853.619,3876.17,3853.619,3873.795,13734183500,0.24877192637406953
2025-06-17,3875.177,3880.416,3860.409,3870.379,12234252600,-0.08818226054811973
2025-06-18,3871.65,3881.346,3854.658,3874.971,12752862100,0.11864471153859579
2025-06-19,3870.049,3872.943,3834.951,3843.091,13028065800,-0.8227158345185059
2025-06-20,3839.783,3856.48,3839.783,3846.644,11815102000,0.09245162292539355
2025-06-23,3831.17,3867.59,3827.083,3857.902,13380089200,0.29267070204572754
2025-06-24,3862.388,3914.158,3862.388,3904.034,16365618800,1.1957794677003308
2025-06-25,3907.068,3963.037,3902.177,3960.066,18721367100,1.4352334021681123
2025-06-26,3953.16,3964.482,3945.259,3946.02,16531626300,-0.3546910581793239
2025-06-27,3949.788,3969.263,3918.204,3921.758,19455791300,-0.6148473651932829
2025-06-30,3920.315,3940.361,3911.604,3936.079,14517023600,0.3651678660437474
2025-07-01,3935.908,3946.245,3924.722,3942.762,12895936200,0.16978825882305593
2025-07-02,3943.323,3952.138,3929.696,3943.685,14706306200,0.0234099851829761
2025-07-03,3949.4,3971.616,3945.138,3968.068,14100400600,0.6182796039744698
2025-07-04,3967.464,4013.848,3958.376,3982.203,15719713300,0.356218693832866
2025-07-07,3977.288,3979.748,3956.566,3965.175,13113527300,-0.42760251046970454
2025-07-08,3965.426,4002.269,3965.426,3998.453,15640289500,0.8392567793350736
2025-07-09,3997.504,4016.743,3987.427,3991.401,17329379600,-0.17636821040537543
2025-07-10,3993.42,4032.983,3992.524,4010.024,20977890400,0.46657802611163035
2025-07-11,4011.465,4065.942,4010.105,4014.807,26205277300,0.1192760941081561
2025-07-14,4021.214,4034.92,4017.668,4017.668,20791717500,0.07126120882026132
2025-07-15,4023.99,4042.657,3994.263,4019.064,19104293100,0.034746524600826056
2025-07-16,4019.393,4027.857,3993.921,4007.202,15102730800,-0.29514334680910137
2025-07-17,4005.067,4034.594,4005.067,4034.491,16124904100,0.6809988615497753
2025-07-18,4039.871,4064.638,4039.318,4058.549,18621106300,0.5963081836097839
2025-07-21,4069.769,4086.117,4063.443,4085.607,22326847600,0.6666914702766924
2025-07-22,4087.335,4119.202,4068.338,4118.958,25759698500,0.8163046519158446
2025-07-23,4129.148,4155.678,4113.909,4119.769,30050615400,0.01968944572876552
2025-07-24,4116.831,4152.427,4111.885,4149.037,31963239200,0.7104281817742697
2025-07-25,4145.32,4150.499,4117.801,4127.163,27359496300,-0.5272066747054938
2025-07-28,4128.199,4146.12,4112.968,4135.824,22275981500,0.20985359676852777
2025-07-29,4132.683,4153.331,4117.577,4152.025,23080788000,0.3917236323402573
2025-07-30,4148.941,4185.206,4127.43,4151.238,24985304800,-0.01895460648717595
2025-07-31,4141.561,4141.824,4063.666,4075.591,26708740600,-1.8222756681259944
2025-08-01,4069.925,4085.354,4040.462,4054.929,19622182600,-0.5069694186683571
2025-08-04,4037.938,4070.702,4037.938,4070.702,16227590200,0.38898338293962276
2025-08-05,4080.388,4106.297,4075.584,4103.45,17885199900,0.8044804065735933
2025-08-06,4100.428,4116.709,4098.354,4113.485,17667615500,0.244550317415837
2025-08-07,4120.282,4129.738,4094.821,4114.666,19864190200,0.028710448682822687
2025-08-08,4109.273,4122.21,4097.416,4104.967,17317120100,-0.23571779580652263
2025-08-11,4110.294,4134.246,4103.605,4122.511,19044371600,0.4273846781228885
2025-08-12,4123.576,4153.295,4121.224,4143.825,17728782300,0.5170149940169733
2025-08-13,4150.504,4186.748,4147.199,4176.578,21393499900,0.7904050002111696
2025-08-14,4179.965,4220.311,4165.938,4173.313,22110359500,-0.07817404583370102
2025-08-15,4162.421,4214.729,4157.495,4202.353,26132756600,0.6958500356910591
2025-08-18,4218.247,4272.96,4203.419,4239.413,30147910200,0.8818868857518591
2025-08-19,4241.765,4264.23,4215.208,4223.374,25081877100,-0.3783306792709218
2025-08-20,4208.401,4272.146,4190.556,4271.396,24648177300,1.1370529818102826
2025-08-21,4284.371,4308.447,4273.652,4288.071,25903001400,0.3903875922532052
2025-08-22,4287.363,4378.388,4287.363,4377.998,29043489700,2.097143447484884
2025-08-25,4416.292,4472.653,4404.776,4469.222,35809000600,2.083692135080928
2025-08-26,4453.353,4476.803,4435.528,4452.591,27062139500,-0.3721229332532494
2025-08-27,4458.84,4494.913,4386.127,4386.127,33313389800,-1.4927039110486429
2025-08-28,4378.035,4464.803,4364.171,4463.782,29683453600,1.7704685705635104
2025-08-29,4455.803,4516.84,4452.363,4496.759,35193894700,0.7387681566886517
2025-09-01,4516.879,4528.134,4487.53,4523.711,32036670800,0.5993650093322866
2025-09-02,4521.983,4548.894,4454.417,4490.453,30393256600,-0.7351928538317232
2025-09-03,4501.339,4510.73,4427.518,4459.83,25432021700,-0.6819579227307471
2025-09-04,4461.25,4465.497,4327.507,4365.209,30793460900,-2.121627954428762
2025-09-05,4365.608,4466.56,4350.297,4460.325,24962565700,2.178956379866337
2025-09-08,4467.169,4482.763,4438.07,4467.573,26763838200,0.16249936944057186
2025-09-09,4448.739,4472.093,4412.691,4436.258,22137546000,-0.7009398615310913
2025-09-10,4438.3,4466.633,4414.594,4445.365,20359764600,0.20528562585855337
2025-09-11,4438.839,4548.035,4427.924,4548.035,25326405100,2.309596624799082
2025-09-12,4544.591,4564.667,4517.79,4521.998,26644200300,-0.5724889979958458
2025-09-15,4534.887,4566.905,4522.496,4533.056,23188567800,0.2445379232808076
2025-09-16,4539.922,4552.419,4494.788,4523.337,24926920600,-0.21440282229028274
2025-09-17,4517.286,4556.03,4503.796,4551.023,23571647200,0.6120702481375861
2025-09-18,4546.032,4573.833,4454.989,4498.109,30985982600,-1.162683642776574
2025-09-19,4499.091,4533.092,4491.844,4501.92,22504400000,0.08472449200318533
2025-09-22,4512.025,4523.87,4487.13,4522.608,19645995600,0.4595372641006623
2025-09-23,4536.757,4560.732,4459.728,4519.778,25282706200,-0.06257451452790219
2025-09-24,4495.266,4567.495,4494.113,4566.071,22048260800,1.0242317211154983
2025-09-25,4563.983,4613.949,4558.842,4593.488,22982333300,0.6004505843207442
2025-09-26,4576.914,4597.847,4550.049,4550.049,20848211400,-0.9456648194139272
2025-09-29,4555.034,4647.569,4541.425,4620.053,27435887700,1.5385328817338007
2025-09-30,4629.899,4647.503,4616.224,4640.694,24798035900,0.4467697664940262
2025-10-09,4662.113,4726.345,4651.99,4709.482,34767869600,1.4822782971684711
2025-10-10,4679.498,4692.586,4600.965,4616.834,31902089900,-1.967265189674794
2025-10-13,4490.866,4601.807,4490.866,4593.979,31501035400,-0.49503620879588484
2025-10-14,4634.054,4641.449,4520.926,4539.064,37295403000,-1.195368981878231
2025-10-15,4544.243,4608.824,4526.834,4606.288,28477185500,1.4810101818348187
2025-10-16,4588.921,4645.096,4586.28,4618.422,24823551800,0.2634225215618402
2025-10-17,4610.697,4618.562,4509.329,4514.235,25690561700,-2.2559003919520593
2025-10-20,4558.242,4570.438,4520.502,4538.22,21842040500,0.5313192600739702
2025-10-21,4556.122,4615.463,4547.928,4607.872,21571117500,1.5347867666177573
2025-10-22,4576.028,4603.488,4567.236,4592.57,18533396000,-0.33208387732993616
2025-10-23,4578.702,4611.341,4541.694,4606.345,20046391700,0.29994099164520893
2025-10-24,4622.787,4660.684,4622.787,4660.684,20881448300,1.1796554535103088
2025-10-27,4699.382,4720.429,4687.688,4716.019,26220067400,1.1872720828101535
2025-10-28,4697.728,4734.322,4679.229,4691.973,22090664500,-0.5098792010804098
2025-10-29,4701.036,4747.838,4697.268,4747.838,24621132400,1.1906505003332235
2025-10-30,4735.981,4761.834,4706.452,4709.911,27328911800,-0.7988267501966129
2025-10-31,4702.495,4706.14,4640.668,4640.668,28146474000,-1.4701551685371683
2025-11-03,4636.732,4653.403,4595.734,4653.403,23986980900,0.2744216996346305
2025-11-04,4649.348,4665.323,4595.066,4618.699,23322403200,-0.7457768003330201
2025-11-05,4562.112,4642.61,4558.765,4627.257,20304587100,0.18529027329989844
2025-11-06,4642.011,4698.094,4642.011,4693.403,22424100800,1.4294861945208792
2025-11-07,4673.762,4701.374,4666.041,4678.794,21249737700,-0.31126668645331534
2025-11-10,4688.124,4695.179,4654.21,4695.051,23602676400,0.3474613329845333
2025-11-11,4706.337,4707.128,4648.49,4652.166,18663885800,-0.9134086083410042
2025-11-12,4643.559,4669.607,4620.99,4645.908,20946059200,-0.1345179858156409
2025-11-13,4643.786,4703.49,4643.786,4702.074,20736747400,1.2089348303926606
2025-11-14,4663.318,4684.258,4628.024,4628.14,19209267600,-1.5723699797153157
2025-11-17,4616.806,4624.898,4580.261,4598.053,18895546600,-0.6500883724347206
2025-11-18,4584.79,4606.617,4552.804,4568.193,17771318500,-0.6494053026356972
2025-11-19,4568.037,4607.863,4568.037,4588.292,17292497400,0.4399770324940322
2025-11-20,4619.54,4620.653,4560.181,4564.948,19456259300,-0.5087731992645672
2025-11-21,4513.386,4527.044,4453.182,4453.608,22285101300,-2.439020115891799
2025-11-24,4473.156,4478.808,4421.812,4448.048,18583372900,-0.12484259952829646
2025-11-25,4475.836,4510.773,4467.353,4490.405,16957192900,0.9522604072617957
2025-11-26,4490.202,4538.136,4485.698,4517.626,15620036800,0.6062036720518638
2025-11-27,4520.014,4559.218,4509.864,4515.403,15031177200,-0.04920726062759284
2025-11-28,4511.497,4531.722,4492.426,4526.662,14290209600,0.24934651458574653
2025-12-01,4539.188,4576.965,4531.292,4576.486,20038231700,1.100678601583227
2025-12-02,4571.91,4575.495,4539.431,4554.335,14849313200,-0.484017650223334
2025-12-03,4554.589,4569.821,4523.502,4531.049,16976279000,-0.5112930866965182
2025-12-04,4533.6,4557.423,4514.188,4546.566,14719811000,0.34245932895451414
2025-12-05,4547.906,4593.828,4535.02,4584.537,19679996800,0.8351577872178773
2025-12-08,4593.14,4640.626,4592.741,4621.755,19962099000,0.8118158932952202
2025-12-09,4611.379,4628.705,4584.254,4598.223,18416034400,-0.5091572357253882
2025-12-10,4586.254,4598.537,4549.08,4591.827,16911110600,-0.13909721211867732
2025-12-11,4597.19,4610.279,4547.137,4552.185,16841940500,-0.863316496897637
2025-12-12,4558.738,4583.675,4530.784,4580.95,21282652000,0.6318943540299715
2025-12-15,4550.003,4595.046,4548.438,4552.06,16758996700,-0.630655213438247
2025-12-16,4542.423,4553.081,4484.27,4497.555,16516520100,-1.1973699819422423
2025-12-17,4499.773,4594.656,4498.93,4579.875,17842483000,1.83032781144421
2025-12-18,4553.979,4571.968,4544.142,4552.793,15168132800,-0.5913261824831539
2025-12-19,4561.373,4591.093,4546.847,4568.178,15487622000,0.3379244345174559
2025-12-22,4587.668,4615.872,4587.668,4611.624,16525285600,0.9510575113316433
2025-12-23,4616.026,4644.535,4607.799,4620.734,16925641200,0.19754429242280214
2025-12-24,4623.683,4639.428,4602.144,4634.059,15371124100,0.2883740981411087
2025-12-25,4629.32,4651.154,4621.921,4642.536,13943418600,0.18292818455698523
2025-12-26,4639.79,4676.131,4635.105,4657.24,17539656500,0.31672344597866164
2025-12-29,4658.265,4672.035,4629.057,4639.372,20039713300,-0.3836607089177213
2025-12-30,4617.316,4664.331,4616.632,4651.282,18037497400,0.2567157796356856
2025-12-31,4656.48,4667.047,4622.099,4629.94,17076022400,-0.4588412398990327
2026-01-05,4661.616,4721.638,4661.616,4717.746,23414483900,1.896482459815907
2026-01-06,4719.209,4790.694,4718.01,4790.694,29697068600,1.546246872977064
2026-01-07,4796.934,4802.603,4751.071,4776.666,25909556400,-0.29281770031649446
2026-01-08,4761.011,4765.486,4717.009,4737.654,23880495700,-0.8167202814682861
2026-01-09,4725.957,4771.428,4719.134,4758.922,25468803800,0.44891416722283584
2026-01-12,4769.65,4795.933,4737.57,4789.916,29483316500,0.6512819499878475
2026-01-13,4798.049,4836.955,4745.515,4761.032,30144949700,-0.6030168378735712
2026-01-14,4767.696,4818.101,4720.246,4741.931,36495102300,-0.4011945309336462
2026-01-15,4721.797,4769.548,4720.937,4751.429,25400363600,0.20029814858124606
2026-01-16,4778.43,4792.551,4715.365,4731.873,32527892900,-0.41158144213037096
2026-01-19,4720.195,4761.632,4715.087,4734.456,26761249200,0.05458726385938473
2026-01-20,4736.91,4748.23,4684.968,4718.878,28271957900,-0.32903463460216553
2026-01-21,4714.554,4758.279,4714.237,4723.069,26635333200,0.08881348490044072
2026-01-22,4741.755,4757.764,4700.448,4723.709,27419993200,0.013550511330651105
2026-01-23,4729.585,4734.794,4684.617,4702.497,31463544500,-0.44905391081456747
2026-01-26,4715.375,4754.178,4693.158,4706.964,36300448100,0.09499208611933874
2026-01-27,4705.174,4736.986,4675.641,4705.692,30147569700,-0.027023788582192232
2026-01-28,4725.601,4739.626,4697.906,4717.991,38225560200,0.26136432218684114
2026-01-29,4733.088,4770.96,4696.054,4753.87,41551305500,0.7604719890309308
2026-01-30,4723.081,4738.871,4645.471,4706.34,31978653100,-0.9998169912092569
2026-02-02,4674.276,4716.607,4601.76,4605.98,30477350000,-2.1324426199552216
2026-02-03,4648.357,4662.126,4578.209,4660.107,26554940500,1.1751462229536491
2026-02-04,4647.967,4701.477,4641.842,4698.683,26488103200,0.8277921515535969
2026-02-05,4664.748,4687.021,4639.43,4670.419,23785635100,-0.6015302585852256
2026-02-06,4622.975,4678.262,4606.638,4643.596,20271647700,-0.5743167797150561
2026-02-09,4693.672,4719.964,4679.904,4719.056,20725193800,1.6250337023289818
2026-02-10,4718.255,4732.087,4713.868,4724.296,18700095800,0.11103915698396083
2026-02-11,4715.67,4723.704,4703.687,4713.819,17339168100,-0.2217684920673868
2026-02-12,4720.009,4726.043,4707.736,4719.578,19784143900,0.1221727011580187
