date,open,high,low,close,volume,pct_change
2020-01-02,1005.617,1019.91,1005.617,1019.723,165906987,
2020-01-03,1021.669,1029.071,1018.681,1024.482,166149031,0.4666953672713081
2020-01-06,1019.999,1040.14,1019.999,1027.277,184335092,0.2728208011463451
2020-01-07,1025.663,1043.083,1019.858,1043.083,187496602,1.538630768526894
2020-01-08,1035.836,1059.436,1034.513,1051.16,237912351,0.77433914654923
2020-01-09,1060.58,1081.404,1060.58,1078.312,211330302,2.5830511054453886
2020-01-10,1082.31,1088.543,1076.438,1076.438,190319403,-0.17379014608015497
2020-01-13,1076.762,1105.848,1069.779,1105.848,185966316,2.7321592140002293
2020-01-14,1107.776,1133.899,1107.776,1118.306,245350228,1.1265562717480249
2020-01-15,1113.252,1120.346,1105.575,1114.766,179932386,-0.3165502107652096
2020-01-16,1116.508,1161.477,1116.508,1154.303,224341670,3.546663604738587
2020-01-17,1159.372,1252.556,1159.372,1238.664,440888969,7.30839303025288
2020-01-20,1239.439,1270.359,1208.69,1240.509,368152283,0.14895080506094338
2020-01-21,1233.646,1247.841,1194.797,1195.014,274756549,-3.6674461853964835
2020-01-22,1178.784,1247.61,1157.29,1244.525,342102813,4.1431313775403655
2020-01-23,1219.233,1262.436,1177.094,1202.102,273515940,-3.408770414415141
2020-02-03,1018.276,1082.789,1015.597,1030.55,386047260,-14.271001961564
2020-02-04,1049.956,1153.232,1049.956,1153.232,347965965,11.904517005482518
2020-02-05,1166.973,1240.368,1166.973,1203.613,392035999,4.368678635348311
2020-02-06,1191.731,1251.843,1191.731,1238.757,368434113,2.919875408457706
2020-02-07,1240.038,1307.757,1234.234,1307.757,374551341,5.570099704784726
2020-02-10,1310.526,1336.526,1293.43,1322.25,439487378,1.1082334103353908
2020-02-11,1318.42,1318.42,1266.214,1283.572,330464613,-2.925165437700894
2020-02-12,1274.796,1360.549,1274.796,1348.702,311360771,5.074121280302157
2020-02-13,1360.129,1409.684,1353.045,1360.709,399888022,0.8902633791601167
2020-02-14,1359.373,1382.955,1305.974,1327.224,353707254,-2.460849454218361
2020-02-17,1332.965,1381.553,1332.965,1381.553,327901095,4.0934311013062
2020-02-18,1381.583,1404.712,1372.526,1399.384,323524083,1.2906490015222039
2020-02-19,1398.781,1412.169,1373.444,1373.444,320905108,-1.85367275887105
2020-02-20,1377.756,1390.019,1321.734,1348.338,282919053,-1.8279594945261657
2020-02-21,1337.557,1373.667,1337.557,1346.863,241927963,-0.10939393534854513
2020-02-24,1341.988,1359.227,1328.747,1351.71,251136226,0.3598732759011014
2020-02-25,1312.479,1371.576,1312.479,1367.368,292358949,1.1583845647365143
2020-02-26,1348.075,1361.006,1286.345,1288.242,315549537,-5.786737732636715
2020-02-27,1293.187,1293.187,1251.451,1264.941,218239827,-1.8087440092777518
2020-02-28,1206.858,1231.094,1187.096,1191.055,260673872,-5.841062942856623
2020-03-02,1202.959,1259.076,1194.937,1252.624,292826072,5.169282694753807
2020-03-03,1278.269,1332.835,1272.063,1285.034,296796136,2.587368595843609
2020-03-04,1268.834,1277.686,1226.802,1255.723,193242042,-2.280951321132374
2020-03-05,1277.706,1277.706,1246.714,1264.788,262145959,0.7218948764974531
2020-03-06,1246.096,1255.074,1237.623,1243.373,182990820,-1.6931691319019393
2020-03-09,1216.035,1223.246,1171.859,1171.859,234517251,-5.751612750156243
2020-03-10,1148.397,1216.328,1135.209,1216.328,243077326,3.794739810847547
2020-03-11,1218.516,1233.426,1184.71,1184.71,284299305,-2.5994633026617753
2020-03-12,1161.922,1177.36,1151.785,1167.065,175273209,-1.489394028918467
2020-03-13,1103.956,1187.701,1103.956,1175.282,201067415,0.7040738947702074
2020-03-16,1188.078,1200.464,1115.084,1115.084,192052179,-5.122004761410437
2020-03-17,1132.949,1141.388,1079.838,1131.547,171222118,1.4763910162821858
2020-03-18,1145.302,1173.234,1115.019,1115.019,177120122,-1.4606551915209876
2020-03-19,1116.263,1133.695,1091.24,1128.973,162440873,1.2514584953260854
2020-03-20,1140.092,1148.09,1114.291,1127.369,123823848,-0.14207602839040323
2020-03-23,1092.501,1096.4,1037.528,1039.884,160985605,-7.760103391170048
2020-03-24,1067.014,1071.34,1020.249,1060.843,128689586,2.015513268787683
2020-03-25,1097.309,1110.099,1094.163,1101.319,148927443,3.8154561985138225
2020-03-26,1093.331,1111.484,1091.004,1095.338,106191661,-0.5430760751426233
2020-03-27,1109.542,1110.537,1082.932,1084.505,131457605,-0.9890097851074198
2020-03-30,1062.899,1062.899,1021.499,1035.827,122368363,-4.488499361459841
2020-03-31,1048.736,1055.268,1027.224,1029.749,90623043,-0.5867775217290094
2020-04-01,1026.575,1060.708,1026.575,1037.927,98042280,0.7941741142744485
2020-04-02,1033.559,1094.826,1033.559,1094.826,110178325,5.481984763861059
2020-04-03,1089.242,1095.311,1074.186,1080.53,94951658,-1.305778269788993
2020-04-07,1109.611,1117.789,1108.778,1111.654,111452591,2.88043830342517
2020-04-08,1104.955,1117.806,1100.31,1104.145,89813540,-0.6754799604913098
2020-04-09,1107.474,1110.06,1094.924,1101.281,82133870,-0.25938622191832295
2020-04-10,1100.368,1100.368,1054.346,1058.44,100964372,-3.8901061581921303
2020-04-13,1048.206,1052.006,1038.818,1042.145,67618853,-1.5395298741544217
2020-04-14,1049.212,1073.217,1049.212,1073.217,70567612,2.981542875511578
2020-04-15,1076.941,1101.674,1076.941,1088.203,81856129,1.3963625250065892
2020-04-16,1080.873,1097.198,1080.873,1091.933,73003011,0.34276692859696034
2020-04-17,1102.657,1129.12,1102.657,1117.07,144351118,2.3020643207962266
2020-04-20,1119.259,1133.361,1115.722,1133.361,93872771,1.458368768295637
2020-04-21,1127.658,1127.658,1108.476,1119.229,88406560,-1.2469107371790633
2020-04-22,1108.683,1135.849,1108.683,1135.849,85565078,1.4849508009531442
2020-04-23,1140.801,1157.869,1140.549,1149.716,118832048,1.220848898048943
2020-04-24,1148.59,1155.543,1139.305,1144.153,129037593,-0.4838586224771957
2020-04-27,1140.194,1145.748,1136.234,1138.1,88370033,-0.5290376374488481
2020-04-28,1130.615,1130.615,1037.26,1113.513,158296596,-2.1603549775942366
2020-04-29,1105.6,1125.193,1102.572,1102.698,89978997,-0.9712504479067463
2020-04-30,1107.426,1171.8,1107.426,1166.348,138747171,5.772205989309853
2020-05-06,1155.117,1252.754,1155.117,1247.513,217181485,6.95890077404
2020-05-07,1249.636,1249.636,1218.238,1224.105,161951936,-1.8763732321827375
2020-05-08,1230.907,1272.625,1230.907,1240.246,144063840,1.3185960354708204
2020-05-11,1244.303,1268.077,1215.97,1226.061,116680749,-1.1437247126779848
2020-05-12,1222.387,1233.639,1203.147,1233.592,108314234,0.6142435001194935
2020-05-13,1227.722,1252.578,1227.722,1247.034,109820020,1.089663357090509
2020-05-14,1241.844,1258.254,1238.23,1242.169,127744198,-0.390125690237797
2020-05-15,1244.741,1280.05,1244.741,1270.481,128687238,2.279238976338971
2020-05-18,1279.29,1279.29,1253.328,1254.299,151773963,-1.2736908304807448
2020-05-19,1260.221,1324.418,1260.221,1324.418,148417094,5.590293861352036
2020-05-20,1317.404,1348.577,1297.673,1306.998,201616810,-1.3152947181327868
2020-05-21,1305.912,1309.505,1251.523,1251.931,152917671,-4.213242866477229
2020-05-22,1247.605,1258.314,1208.82,1230.659,133437360,-1.6991351759801376
2020-05-25,1223.866,1227.559,1205.725,1212.087,99724588,-1.5091101596786838
2020-05-26,1217.622,1272.92,1217.622,1272.661,143623033,4.997496054326134
2020-05-27,1271.457,1281.205,1251.082,1253.272,147229634,-1.5235007594324168
2020-05-28,1251.059,1256.218,1206.617,1232.22,127009914,-1.679763052234462
2020-05-29,1227.2,1267.427,1227.2,1246.111,125881880,1.1273149275291772
2020-06-01,1257.966,1309.96,1257.966,1300.741,168550636,4.3840396240784285
2020-06-02,1305.797,1312.516,1294.219,1305.637,160370741,0.3764008361387905
2020-06-03,1305.734,1314.144,1293.595,1294.28,157891795,-0.8698436089050743
2020-06-04,1295.155,1306.067,1291.208,1299.803,186573206,0.42672373829466537
2020-06-05,1300.254,1307.887,1292.051,1297.306,159726228,-0.19210603452984865
2020-06-08,1306.497,1311.682,1277.289,1280.053,149418346,-1.3299098285215583
2020-06-09,1277.447,1278.852,1269.112,1278.507,120208771,-0.1207762491084341
2020-06-10,1278.074,1278.074,1265.111,1269.978,107419496,-0.6671062418899587
2020-06-11,1270.724,1294.34,1265.378,1273.59,130943837,0.28441437568209604
2020-06-12,1246.803,1268.46,1246.803,1262.29,104428796,-0.887255710236412
2020-06-15,1262.476,1271.905,1249.583,1249.909,122567360,-0.9808364163543914
2020-06-16,1259.086,1289.135,1259.086,1289.135,133849768,3.138308468856521
2020-06-17,1291.035,1299.777,1280.519,1291.117,151391484,0.15374650443902294
2020-06-18,1289.765,1304.486,1286.473,1302.371,139344674,0.8716483479034087
2020-06-19,1301.021,1329.202,1301.021,1325.147,122962822,1.7488104388073689
2020-06-22,1347.942,1380.374,1347.942,1371.207,203494454,3.475840793511975
2020-06-23,1365.329,1407.193,1365.329,1407.193,141352499,2.6244031718041017
2020-06-24,1408.548,1432.988,1406.869,1424.277,189403495,1.2140481085394894
2020-06-29,1415.911,1415.911,1393.715,1401.644,157755877,-1.5890869542933062
2020-06-30,1410.577,1455.666,1410.577,1447.886,155924789,3.2991258836052584
2020-07-01,1453.252,1460.488,1417.503,1439.878,167100256,-0.553082217798917
2020-07-02,1439.009,1452.71,1424.291,1437.052,177661687,-0.19626662814488105
2020-07-03,1435.082,1441.081,1408.033,1438.585,181236089,0.10667672429391928
2020-07-06,1445.607,1544.373,1445.607,1538.402,351757706,6.938554204304914
2020-07-07,1550.296,1615.663,1550.296,1572.189,357665743,2.196239994487792
2020-07-08,1572.776,1607.739,1568.372,1599.905,252891996,1.76289237489895
2020-07-09,1596.984,1680.924,1596.984,1666.85,348758204,4.184310943462255
2020-07-10,1653.505,1680.301,1641.648,1654.827,274890521,-0.7213006569277369
2020-07-13,1647.183,1721.976,1647.183,1721.976,304811979,4.057765554949255
2020-07-14,1714.871,1718.911,1653.797,1701.583,348267763,-1.1842789911125418
2020-07-15,1702.581,1702.581,1612.035,1612.035,292698954,-5.262628975489292
2020-07-16,1606.435,1606.435,1463.909,1469.798,256912329,-8.823443659722031
2020-07-17,1475.464,1489.356,1433.723,1443.397,154635054,-1.7962332238851908
2020-07-20,1459.784,1459.784,1392.959,1459.034,173256166,1.0833471318008936
2020-07-21,1456.487,1495.057,1456.487,1490.171,164225676,2.134083235894435
2020-07-22,1474.015,1518.855,1474.015,1497.231,301260784,0.47377113096416235
2020-07-23,1487.197,1510.65,1465.706,1494.139,232446583,-0.20651455920963624
2020-07-24,1467.103,1467.103,1389.305,1389.305,317758682,-7.016348545884943
2020-07-27,1396.488,1398.907,1365.778,1374.519,157965656,-1.0642731437661368
2020-07-28,1385.793,1403.547,1385.793,1400.535,144273762,1.8927348403332322
2020-07-29,1400.92,1476.925,1400.92,1476.925,195015729,5.454344232739627
2020-07-30,1484.43,1495.233,1470.439,1472.792,170630839,-0.27983817729404503
2020-07-31,1469.1,1512.977,1469.1,1512.977,171835590,2.7284911922389687
2020-08-03,1533.227,1622.813,1533.227,1622.813,262740474,7.259594825301385
2020-08-04,1620.795,1625.671,1555.926,1566.055,203627556,-3.4975071064873187
2020-08-05,1592.388,1593.61,1558.273,1588.622,173097126,1.441009415378125
2020-08-06,1582.475,1583.799,1555.598,1573.869,175444878,-0.9286664795023714
2020-08-07,1561.856,1561.856,1494.912,1526.804,192596809,-2.990401361231454
2020-08-10,1520.103,1550.954,1509.609,1535.597,177399138,0.5759088920385347
2020-08-11,1531.605,1536.251,1491.841,1491.841,161333338,-2.849445525095462
2020-08-12,1485.557,1485.557,1426.733,1458.643,172448546,-2.2253041711549626
2020-08-13,1465.605,1481.869,1459.716,1468.229,134856142,0.6571861654976585
2020-08-14,1466.795,1486.096,1455.451,1484.041,125329896,1.0769437192699405
2020-08-17,1486.813,1500.054,1473.949,1496.4,165296771,0.8327937031389343
2020-08-18,1496.421,1512.509,1495.768,1512.509,155087509,1.0765169740710956
2020-08-19,1516.976,1516.976,1472.021,1472.021,168359812,-2.676876633461356
2020-08-20,1460.035,1471.221,1442.322,1442.579,117335150,-2.0001073354252386
2020-08-21,1447.801,1466.311,1445.913,1447.714,120853904,0.3559597082724686
2020-08-24,1453.492,1455.719,1427.218,1450.667,119742053,0.20397675231433876
2020-08-25,1449.538,1455.599,1426.105,1427.705,117761881,-1.5828580921741553
2020-08-26,1422.003,1426.8,1377.588,1383.305,154325711,-3.1098861459475047
2020-08-27,1389.94,1426.826,1384.706,1417.559,133196518,2.47624348932447
2020-08-28,1415.649,1415.996,1394.335,1413.637,130178102,-0.2766727875171404
2020-08-31,1417.664,1441.082,1417.664,1423.236,146419252,0.6790286332347018
2020-09-01,1424.433,1434.23,1421.027,1426.651,114998590,0.23994615088431814
2020-09-02,1430.867,1433.662,1412.079,1422.953,112765141,-0.2592084539246198
2020-09-03,1422.415,1422.415,1399.509,1402.144,106983109,-1.4623813998072999
2020-09-04,1377.394,1392.426,1377.394,1390.284,102549565,-0.8458475021110412
2020-09-07,1387.493,1392.998,1351.589,1356.699,127136542,-2.4156934842089806
2020-09-08,1356.821,1356.821,1330.317,1344.613,107862948,-0.8908387195685985
2020-09-09,1331.429,1331.429,1289.753,1298.079,200377732,-3.460772727915029
2020-09-10,1309.316,1316.237,1277.815,1280.189,131759767,-1.3781903874879653
2020-09-11,1279.841,1313.028,1278.404,1312.512,88360899,2.5248615634097638
2020-09-14,1334.985,1371.698,1334.985,1348.07,135884252,2.7091561829529986
2020-09-15,1348.788,1369.589,1335.652,1364.603,110397444,1.2264199930270836
2020-09-16,1363.319,1363.319,1343.808,1349.672,85150685,-1.094164383340801
2020-09-17,1347.454,1390.303,1335.92,1383.59,211738987,2.513055023739086
2020-09-18,1386.382,1403.899,1382.8,1403.899,159985461,1.4678481342015992
2020-09-21,1407.069,1409.059,1391.572,1397.746,124980477,-0.438279391893559
2020-09-22,1389.783,1402.788,1381.531,1390.086,120443015,-0.5480251776789236
2020-09-23,1401.375,1438.792,1401.375,1423.904,205041936,2.4327991217809597
2020-09-24,1412.157,1414.335,1392.169,1394.926,151423923,-2.035109108479227
2020-09-25,1399.388,1399.388,1361.962,1364.025,108522827,-2.215242959124697
2020-09-28,1367.462,1367.462,1337.246,1338.952,91111509,-1.838162790271447
2020-09-29,1345.991,1402.876,1345.991,1389.963,110307599,3.8097706265795894
2020-09-30,1394.863,1431.145,1394.863,1418.796,114064705,2.0743717638527226
2020-10-09,1446.516,1467.148,1446.516,1465.959,154500333,3.3241565383606897
2020-10-12,1475.258,1490.575,1470.456,1490.575,191896323,1.6791738377403442
2020-10-13,1491.855,1498.041,1488.563,1497.596,138784833,0.47102628180399897
2020-10-14,1495.34,1495.34,1484.121,1488.67,138650712,-0.5960218910841086
2020-10-15,1489.381,1489.381,1452.864,1453.789,104785457,-2.3430982017505597
2020-10-16,1457.151,1457.922,1429.443,1438.528,104263073,-1.0497396802424563
2020-10-19,1444.841,1444.841,1411.367,1412.148,100507057,-1.83381901499311
2020-10-20,1413.866,1427.394,1405.386,1426.181,89125995,0.9937343677858257
2020-10-21,1427.236,1427.236,1396.966,1396.977,107782528,-2.047706427164575
2020-10-22,1395.131,1395.131,1375.114,1376.581,85625278,-1.4600097209904073
2020-10-23,1380.37,1387.322,1336.527,1336.527,99389555,-2.909672587374068
2020-10-26,1332.684,1361.0,1317.228,1356.107,83751167,1.4649909803543082
2020-10-27,1359.176,1386.135,1359.176,1385.745,83326248,2.1855207590551373
2020-10-28,1396.56,1412.98,1393.14,1406.075,103059419,1.4670808842896843
2020-10-29,1394.28,1417.593,1392.802,1412.055,109925795,0.42529737033942805
2020-10-30,1413.511,1429.012,1393.91,1393.91,143577796,-1.2850066038504138
2020-11-02,1402.083,1406.747,1371.03,1400.912,123017638,0.5023279838727079
2020-11-03,1403.643,1450.796,1403.643,1449.007,113125270,3.4331207099375316
2020-11-04,1454.73,1462.391,1446.872,1458.896,93621116,0.6824673724833641
2020-11-05,1477.614,1478.908,1455.012,1475.375,120175634,1.129552757701724
2020-11-06,1477.528,1477.528,1431.358,1441.474,116655418,-2.297788697788705
2020-11-09,1446.472,1490.903,1444.212,1485.148,182499932,3.029815314046602
2020-11-10,1483.656,1483.656,1441.404,1441.965,117214932,-2.9076563413208634
2020-11-11,1440.779,1440.779,1395.51,1395.51,103010340,-3.2216454629619973
2020-11-12,1404.81,1420.185,1404.81,1413.294,82633413,1.2743728099404494
2020-11-13,1406.685,1439.76,1403.843,1436.887,95438149,1.669362496409077
2020-11-16,1520.274,1520.274,1445.032,1446.951,151922126,0.7004030240373771
2020-11-17,1455.231,1455.231,1426.538,1430.809,116400219,-1.1155871898910208
2020-11-18,1431.659,1440.286,1418.663,1419.226,103015893,-0.8095420143429233
2020-11-19,1415.637,1435.925,1410.861,1435.925,87772978,1.1766272602108385
2020-11-20,1433.947,1436.074,1429.223,1430.72,92145365,-0.36248411302818306
2020-11-23,1429.389,1429.389,1412.708,1418.102,110188903,-0.8819335719078447
2020-11-24,1412.025,1419.234,1412.025,1412.747,95910818,-0.37761740692842105
2020-11-25,1414.189,1414.189,1388.316,1388.364,100504926,-1.725928280152078
2020-11-26,1386.214,1396.87,1380.853,1385.31,85831194,-0.21997113149001546
2020-11-27,1386.655,1396.536,1381.733,1387.769,83507687,0.17750539590417613
2020-11-30,1392.954,1395.741,1383.407,1385.483,115761791,-0.16472482091760554
2020-12-01,1386.578,1407.513,1386.578,1404.238,89651649,1.353679547132658
2020-12-02,1408.67,1418.215,1406.446,1408.488,112340253,0.30265524789956366
2020-12-03,1410.435,1417.029,1399.814,1410.829,91608767,0.16620659884925004
2020-12-04,1409.592,1409.795,1402.366,1404.866,81279478,-0.4226593017296887
2020-12-07,1410.498,1416.397,1404.419,1406.194,114011790,0.09452858849170465
2020-12-08,1405.719,1405.719,1398.065,1398.73,126364749,-0.5307944707486967
2020-12-09,1400.567,1400.567,1365.038,1365.038,151853414,-2.4087565148384615
2020-12-10,1363.003,1370.189,1357.686,1360.184,168930335,-0.3555944962704394
2020-12-11,1362.344,1362.961,1346.385,1362.961,249308884,0.2041635543426512
2020-12-14,1361.607,1378.047,1356.027,1375.064,192992196,0.8879931267292251
2020-12-15,1373.959,1377.674,1358.355,1363.183,202310335,-0.8640325104867896
2020-12-16,1357.222,1357.222,1341.592,1345.133,219678934,-1.3241068880700535
2020-12-17,1343.281,1364.428,1343.281,1363.36,175518337,1.35503329410549
2020-12-18,1381.482,1381.482,1358.661,1361.108,164691583,-0.16518014317568053
2020-12-21,1359.685,1389.368,1359.685,1388.669,198381484,2.024894424248491
2020-12-22,1383.289,1385.856,1356.537,1358.619,185044245,-2.16394259539171
2020-12-23,1359.728,1376.685,1356.423,1376.595,176575270,1.3231082444747244
2020-12-24,1378.384,1381.917,1348.013,1348.013,158088501,-2.076282421482001
2020-12-25,1348.472,1356.571,1343.409,1349.793,151953708,0.13204620430218306
2020-12-28,1345.299,1348.939,1335.706,1339.007,164114355,-0.7990854894046606
2020-12-29,1338.24,1351.183,1336.91,1337.47,140743720,-0.11478655451391262
2020-12-30,1336.72,1366.992,1336.72,1362.911,198135748,1.9021735066954815
2020-12-31,1370.441,1393.121,1370.441,1393.027,226877386,2.2096820702158793
2021-01-04,1398.956,1424.135,1397.505,1422.125,226209084,2.088832449048006
2021-01-05,1413.182,1426.216,1411.674,1425.16,243516740,0.21341302628110626
2021-01-06,1430.068,1430.068,1409.907,1415.022,255938745,-0.7113587246344366
2021-01-07,1414.897,1414.897,1372.173,1381.942,241362208,-2.3377728402809272
2021-01-08,1382.149,1382.149,1367.776,1378.74,233493730,-0.23170292240919377
2021-01-11,1385.353,1406.528,1380.396,1390.655,261926466,0.8641948445682335
2021-01-12,1389.467,1406.829,1383.557,1405.223,187406871,1.0475639177222273
2021-01-13,1412.073,1412.073,1390.619,1407.415,241864870,0.15598947640338423
2021-01-14,1406.05,1476.031,1405.706,1447.267,421889309,2.8315741980865727
2021-01-15,1450.857,1464.127,1432.586,1447.583,311857185,0.02183425725867938
2021-01-18,1443.82,1496.322,1440.773,1481.249,269640619,2.32566975434223
2021-01-19,1485.463,1485.463,1443.921,1443.921,248880002,-2.520035456564018
2021-01-20,1450.718,1481.453,1450.718,1481.453,219018690,2.5993111811518643
2021-01-21,1485.65,1491.019,1469.916,1482.285,219482534,0.05616107969677042
2021-01-22,1482.646,1487.615,1456.612,1486.308,227471669,0.27140529655227397
2021-01-25,1481.738,1512.114,1474.237,1498.595,215620488,0.8266792616335339
2021-01-26,1497.999,1506.611,1473.411,1478.451,194746465,-1.3441923935419542
2021-01-27,1481.486,1481.486,1447.094,1458.372,163643532,-1.3581106171256185
2021-01-28,1441.398,1458.746,1421.498,1421.587,149344743,-2.5223331221389422
2021-01-29,1435.284,1438.293,1402.794,1421.962,172904465,0.026378969419393883
2021-02-01,1419.18,1438.13,1412.762,1421.481,140889623,-0.03382650169273527
2021-02-02,1419.711,1438.059,1417.619,1438.059,143798605,1.1662484408866414
2021-02-03,1436.004,1439.92,1410.147,1410.147,197920135,-1.9409495716100733
2021-02-04,1402.089,1403.838,1368.848,1394.097,186370510,-1.1381792111035183
2021-02-05,1396.125,1404.869,1368.8,1368.8,169214376,-1.8145796167698514
2021-02-08,1371.754,1392.489,1371.754,1382.482,130526410,0.9995616598480472
2021-02-09,1389.065,1427.682,1389.065,1427.682,142835400,3.2694819896389227
2021-02-10,1424.774,1438.386,1413.64,1437.025,152693835,0.6544174402983272
2021-02-18,1457.797,1457.797,1429.74,1429.74,213531602,-0.5069501226492301
2021-02-19,1426.101,1428.157,1404.816,1427.907,170331564,-0.12820512820513885
2021-02-22,1431.558,1436.416,1389.126,1389.916,229679704,-2.6606074485243103
2021-02-23,1371.627,1400.285,1371.627,1390.527,169855255,0.04395949107716124
2021-02-24,1393.719,1393.719,1363.415,1365.637,179892505,-1.789968839152356
2021-02-25,1373.844,1373.844,1349.711,1349.711,160949955,-1.1661957020789537
2021-02-26,1319.89,1340.376,1319.89,1325.587,158902325,-1.787345587314615
2021-03-01,1339.994,1358.41,1337.887,1358.141,177828561,2.4558176868059167
2021-03-02,1373.032,1373.032,1345.712,1352.044,177372764,-0.44892246092268495
2021-03-03,1350.007,1359.398,1341.082,1359.398,133152105,0.5439172097949418
2021-03-04,1358.283,1358.283,1323.023,1324.158,204439708,-2.592323955162512
2021-03-05,1307.064,1335.957,1307.064,1329.839,137937518,0.4290273517208787
2021-03-08,1337.021,1337.021,1275.456,1275.456,194655799,-4.089442406186016
2021-03-09,1275.323,1275.323,1228.379,1230.137,181049436,-3.5531605951126477
2021-03-10,1251.183,1251.183,1230.656,1232.735,133160301,0.21119598873946543
2021-03-11,1241.103,1272.576,1229.211,1267.301,157883547,2.804008971920169
2021-03-12,1268.442,1268.442,1251.898,1261.325,125499249,-0.47155332474289047
2021-03-15,1254.675,1254.675,1215.351,1223.39,142602796,-3.0075515826610832
2021-03-16,1223.796,1230.5,1213.75,1220.367,134289405,-0.24710027055968586
2021-03-17,1220.446,1237.353,1214.207,1236.541,114863713,1.325339016869509
2021-03-18,1241.563,1251.505,1239.755,1241.31,120712690,0.38567261417130627
2021-03-19,1226.414,1241.077,1224.447,1231.292,146246481,-0.8070506158816104
2021-03-22,1229.467,1246.83,1229.467,1242.756,112874685,0.9310545345864396
2021-03-23,1246.361,1252.634,1234.487,1236.474,126709555,-0.505489412241833
2021-03-24,1228.605,1243.542,1220.609,1221.447,125498547,-1.2153106333008257
2021-03-25,1212.83,1230.788,1212.83,1219.71,113586503,-0.14220838071564712
2021-03-26,1224.644,1257.841,1224.644,1256.664,132586857,3.029736576727249
2021-03-29,1262.291,1262.291,1250.36,1250.77,116066800,-0.4690195629062366
2021-03-30,1250.282,1257.29,1245.357,1248.342,112539510,-0.1941204218201542
2021-03-31,1248.161,1252.736,1238.016,1248.332,111212530,-0.0008010625293430884
2021-04-01,1250.998,1269.5,1250.998,1266.745,152857963,1.4750082510101237
2021-04-02,1276.034,1301.837,1276.034,1299.92,218527502,2.618916988028386
2021-04-06,1304.642,1304.642,1293.73,1296.62,123530507,-0.2538617761093098
2021-04-07,1296.817,1300.316,1283.739,1298.785,133724519,0.16697259027318445
2021-04-08,1293.641,1303.075,1287.528,1291.857,139954481,-0.5334216209765374
2021-04-09,1290.315,1294.004,1270.925,1271.443,122499461,-1.5802058586979806
2021-04-12,1269.017,1278.235,1241.111,1243.496,132630179,-2.198053707480385
2021-04-13,1242.758,1257.906,1240.437,1241.398,102168387,-0.16871787283595507
2021-04-14,1243.245,1256.672,1243.245,1254.71,113884036,1.0723394108899997
2021-04-15,1250.359,1264.158,1246.127,1264.158,119895438,0.7530026858795891
2021-04-16,1265.15,1279.063,1258.437,1274.702,133554536,0.8340729560703641
2021-04-19,1273.08,1300.06,1271.7,1299.007,167305204,1.9067201589077376
2021-04-20,1295.611,1303.031,1290.503,1290.503,161773329,-0.6546539010182539
2021-04-21,1285.312,1290.001,1276.967,1286.855,135453296,-0.28268047420269005
2021-04-22,1288.583,1307.364,1288.583,1305.181,132543057,1.4240920694250647
2021-04-23,1303.293,1316.883,1303.293,1311.827,117294509,0.5092014057820338
2021-04-26,1315.515,1334.808,1314.907,1314.907,201584198,0.23478705652497656
2021-04-27,1310.659,1315.706,1299.086,1311.913,143302285,-0.22769671163055394
2021-04-28,1318.548,1325.463,1304.786,1324.236,126962982,0.9393153356967998
2021-04-29,1320.888,1334.042,1314.838,1324.055,149430540,-0.013668258527943511
2021-04-30,1319.008,1326.769,1314.505,1322.24,181221344,-0.13707889777992976
2021-05-06,1321.214,1321.214,1299.38,1310.125,143573640,-0.9162481848983495
2021-05-07,1311.657,1311.657,1263.897,1263.897,160294135,-3.5285182711573326
2021-05-10,1262.484,1264.897,1250.352,1254.486,148820371,-0.7446018148630662
2021-05-11,1243.809,1260.425,1240.389,1258.107,119237004,0.2886441140036444
2021-05-12,1254.738,1272.687,1252.757,1270.908,131270629,1.0174810250638489
2021-05-13,1257.867,1286.376,1257.867,1275.477,142064685,0.3595067463577406
2021-05-14,1277.969,1300.535,1276.842,1300.535,149662441,1.9645983424240399
2021-05-17,1303.083,1338.078,1303.083,1328.917,174721019,2.182332655407193
2021-05-18,1330.472,1330.472,1317.419,1321.641,129009841,-0.5475135015956534
2021-05-19,1320.68,1333.53,1320.68,1326.143,125694935,0.3406371321712953
2021-05-20,1322.046,1337.618,1322.046,1329.791,129974824,0.2750834563089999
2021-05-21,1334.601,1336.13,1314.876,1315.207,150574136,-1.09671369410681
2021-05-24,1314.792,1332.168,1305.462,1330.872,160986998,1.1910672616553875
2021-05-25,1329.676,1370.975,1329.676,1370.121,180323696,2.949119073810258
2021-05-26,1371.782,1371.782,1361.432,1364.037,167695031,-0.4440483723700317
2021-05-27,1362.947,1397.769,1362.947,1397.769,288585962,2.4729534462774705
2021-05-28,1395.427,1411.047,1382.62,1386.039,216464152,-0.8391944591702893
2021-05-31,1398.193,1442.668,1398.193,1442.668,238863707,4.0856714710047815
2021-06-01,1437.317,1464.957,1437.317,1460.543,315974251,1.239023808665607
2021-06-02,1461.736,1461.736,1425.534,1426.847,270787979,-2.3070871586800212
2021-06-03,1425.796,1438.319,1413.512,1414.534,204524452,-0.8629516689595884
2021-06-04,1406.315,1442.599,1406.315,1431.522,218602804,1.2009608818168926
2021-06-07,1443.862,1448.144,1427.076,1433.565,263324119,0.14271523595168478
2021-06-08,1443.745,1443.745,1412.457,1419.075,236310214,-1.0107668644254053
2021-06-09,1420.306,1440.59,1418.526,1427.321,206788776,0.581082747564432
2021-06-10,1427.871,1454.196,1427.871,1450.404,277999522,1.6172255575305217
2021-06-11,1453.6,1453.6,1435.998,1436.276,313937866,-0.9740734305751952
2021-06-15,1442.087,1466.275,1439.28,1448.2,246890253,0.8302025515987133
2021-06-16,1452.946,1452.946,1405.932,1406.47,226982853,-2.88150807899461
2021-06-17,1409.047,1474.293,1409.047,1473.512,378399556,4.766685389663472
2021-06-18,1475.209,1499.432,1475.209,1494.701,320243323,1.4379930397580898
2021-06-21,1485.66,1528.127,1485.66,1528.127,291619777,2.2363001028299356
2021-06-22,1531.52,1531.52,1512.862,1523.363,263688235,-0.3117541932051382
2021-06-23,1530.636,1551.081,1520.716,1534.301,311191299,0.7180166513168551
2021-06-24,1531.238,1534.458,1498.456,1504.808,250563079,-1.9222434189901438
2021-06-25,1505.287,1534.988,1504.058,1534.85,280765454,1.9964008697455071
2021-06-28,1538.019,1578.69,1538.019,1562.98,282858584,1.832752386226666
2021-06-29,1567.883,1575.502,1548.278,1562.078,239672454,-0.05771027140463181
2021-06-30,1564.317,1599.913,1564.317,1588.217,315445910,1.6733479378110427
2021-07-01,1587.527,1591.074,1571.433,1579.804,278840791,-0.5297135089222693
2021-07-02,1563.828,1563.828,1535.299,1538.158,263768707,-2.636149800861387
2021-07-05,1545.679,1578.579,1545.679,1575.894,280180405,2.4533240408332713
2021-07-06,1580.284,1581.986,1511.773,1532.792,305357989,-2.7350824357475823
2021-07-07,1523.827,1571.35,1523.558,1570.028,275969223,2.4292924284573525
2021-07-08,1577.497,1613.605,1577.497,1610.775,327994560,2.595304032794332
2021-07-09,1598.281,1598.281,1561.967,1583.714,255328274,-1.6799987583616671
2021-07-12,1593.574,1608.622,1582.454,1601.606,272676470,1.1297494370827055
2021-07-13,1602.119,1620.032,1575.98,1590.977,260157689,-0.6636463649611679
2021-07-14,1579.033,1583.933,1556.72,1556.72,220585786,-2.1532052317538297
2021-07-15,1549.277,1565.624,1541.086,1560.704,240138812,0.25592270928618266
2021-07-16,1568.171,1568.171,1525.072,1525.234,277500121,-2.272692323464287
2021-07-19,1514.83,1525.386,1507.516,1514.181,265043807,-0.724675689107368
2021-07-20,1505.078,1525.139,1505.078,1522.627,204191868,0.5577932889132775
2021-07-21,1528.598,1573.02,1528.598,1565.638,269188382,2.8247889995382858
2021-07-22,1570.488,1583.155,1553.723,1582.132,338358985,1.0535002344092437
2021-07-23,1593.314,1593.314,1548.506,1563.49,305248746,-1.1782834807715137
2021-07-26,1559.836,1562.096,1502.453,1556.979,425819723,-0.4164401435250653
2021-07-27,1556.933,1622.16,1545.289,1545.289,737410955,-0.7508129525189533
2021-07-28,1532.42,1547.378,1502.406,1518.703,497866197,-1.7204548793138374
2021-07-29,1554.134,1597.026,1549.349,1588.465,457562000,4.593524869576204
2021-07-30,1582.575,1607.554,1573.296,1591.219,453933135,0.17337492484883477
2021-08-02,1594.033,1613.485,1572.899,1599.474,470318283,0.5187846550348985
2021-08-03,1586.35,1589.427,1561.413,1564.193,422913810,-2.205787652690816
2021-08-04,1566.446,1607.217,1566.446,1605.894,349625744,2.6659753623753613
2021-08-05,1606.651,1612.693,1592.556,1604.807,368328953,-0.06768815376356763
2021-08-06,1630.303,1630.303,1576.059,1586.673,421638253,-1.1299801159890266
2021-08-09,1567.442,1579.807,1551.722,1574.438,317835221,-0.7711103674165942
2021-08-10,1574.012,1588.195,1573.101,1588.195,343564527,0.8737721015371624
2021-08-11,1589.427,1592.804,1566.751,1578.789,294845043,-0.5922446550958749
2021-08-12,1572.146,1599.761,1572.146,1586.501,279700188,0.4884756607754337
2021-08-13,1580.125,1583.808,1552.14,1552.781,333221047,-2.1254320041399266
2021-08-16,1547.395,1563.248,1540.288,1547.931,256716333,-0.3123428223297364
2021-08-17,1544.402,1548.521,1507.53,1509.247,243998399,-2.4990778012714987
2021-08-18,1514.459,1527.333,1503.534,1507.989,220534349,-0.08335282428919566
2021-08-19,1509.719,1550.824,1509.719,1546.11,256623298,2.5279362117362814
2021-08-20,1537.912,1550.396,1515.505,1529.086,254958544,-1.1010859511936366
2021-08-23,1534.391,1566.348,1529.706,1564.111,240320201,2.290584048248445
2021-08-24,1567.7,1585.13,1551.512,1578.031,265186819,0.8899624131535333
2021-08-25,1573.742,1573.742,1536.451,1542.776,267002850,-2.2341132715390177
2021-08-26,1546.324,1546.324,1497.338,1497.338,288152459,-2.945210451808955
2021-08-27,1491.341,1503.68,1478.201,1480.314,266048899,-1.1369510424499962
2021-08-30,1487.897,1505.335,1463.87,1471.455,321327833,-0.5984541117627806
2021-08-31,1463.13,1463.13,1425.537,1441.174,307539656,-2.0578950766418247
2021-09-01,1437.264,1437.264,1405.155,1424.664,296849208,-1.1455938006097788
2021-09-02,1416.158,1421.877,1397.117,1399.482,251372279,-1.7675746702380368
2021-09-03,1399.465,1414.139,1385.624,1400.89,275473792,0.1006086537733264
2021-09-06,1398.243,1441.253,1398.243,1438.995,222839568,2.7200565354881467
2021-09-07,1435.734,1440.23,1433.791,1438.569,196125079,-0.02960399445446349
2021-09-08,1439.664,1439.664,1411.136,1412.723,206186098,-1.7966465285989108
2021-09-09,1414.073,1423.907,1394.33,1402.191,227779802,-0.7455106202702066
2021-09-10,1398.332,1428.43,1394.881,1426.814,275340499,1.7560375155738495
2021-09-13,1426.54,1426.54,1384.434,1384.434,231170377,-2.9702540064787786
2021-09-14,1384.283,1412.409,1384.283,1396.669,226155979,0.8837546607494584
2021-09-15,1395.611,1395.611,1380.627,1384.521,176849681,-0.8697837497646299
2021-09-16,1378.177,1378.177,1348.533,1351.425,207148245,-2.390429614285372
2021-09-17,1349.342,1360.82,1333.389,1349.685,196021056,-0.12875298296243232
2021-09-22,1338.014,1360.071,1338.014,1355.281,181848123,0.41461526207966504
2021-09-23,1359.672,1376.046,1355.917,1363.787,167229208,0.6276189218324513
2021-09-24,1362.979,1389.438,1362.979,1375.0,186947014,0.8221958414327046
2021-09-27,1386.524,1390.823,1357.97,1368.691,194475887,-0.45883636363636127
2021-09-28,1362.328,1378.165,1352.736,1354.096,159709337,-1.0663473347892305
2021-09-29,1344.887,1356.05,1337.886,1345.77,192441749,-0.6148751639470151
2021-09-30,1348.65,1371.428,1348.65,1368.716,144857923,1.705046181739811
2021-10-08,1378.531,1385.266,1361.997,1364.458,154123136,-0.31109448563469977
2021-10-11,1367.213,1376.396,1349.126,1349.771,151301476,-1.076398100930931
2021-10-12,1348.225,1348.225,1313.797,1319.39,162464585,-2.2508262512678012
2021-10-13,1322.888,1347.761,1322.888,1344.763,156553836,1.9230856683770448
2021-10-14,1346.989,1354.033,1339.989,1347.268,130076115,0.18627817689809145
2021-10-15,1349.405,1366.298,1347.734,1363.164,158086673,1.1798691871253597
2021-10-18,1366.554,1366.554,1340.214,1352.575,159394784,-0.7767957487140209
2021-10-19,1355.07,1368.865,1355.07,1366.791,136385619,1.0510322902611557
2021-10-20,1370.213,1380.211,1367.738,1373.593,157171492,0.49766204196546315
2021-10-21,1374.649,1376.885,1356.778,1362.405,153376783,-0.814506189242381
2021-10-22,1367.059,1378.118,1361.462,1368.136,204436722,0.4206531831577154
2021-10-25,1366.205,1380.309,1361.575,1380.309,173563875,0.889750726535965
2021-10-26,1379.785,1386.982,1373.442,1376.126,177427293,-0.3030480856098139
2021-10-27,1371.791,1371.791,1355.01,1361.817,218498684,-1.0398030412912762
2021-10-28,1359.073,1365.746,1355.797,1356.375,195651554,-0.3996131638832501
2021-10-29,1363.25,1397.436,1363.25,1396.195,240981770,2.9357662888213065
2021-11-01,1398.585,1415.058,1395.832,1404.208,234933012,0.573916967185828
2021-11-02,1405.865,1422.705,1397.767,1405.641,281933844,0.10205040848649816
2021-11-03,1408.196,1416.164,1387.421,1399.55,209888787,-0.43332543658018974
2021-11-04,1404.659,1418.887,1404.659,1410.742,203834796,0.7996856132328256
2021-11-05,1416.243,1416.243,1396.738,1396.738,217288495,-0.9926691060448967
2021-11-08,1398.566,1400.795,1384.805,1400.795,200543416,0.2904624918918186
2021-11-09,1404.89,1421.813,1404.292,1420.509,250274327,1.4073436869777467
2021-11-10,1417.661,1422.776,1401.955,1420.452,238631568,-0.004012646171192014
2021-11-11,1418.484,1442.738,1418.484,1437.15,298636369,1.175541306570027
2021-11-12,1432.709,1443.838,1430.702,1440.157,291361006,0.2092335525171185
2021-11-15,1441.407,1444.43,1430.664,1432.599,229638331,-0.5248038929088983
2021-11-16,1428.481,1438.362,1419.248,1421.275,205511845,-0.7904514801420293
2021-11-17,1420.988,1437.326,1416.757,1436.158,181223200,1.0471583613304913
2021-11-18,1433.508,1433.508,1419.44,1423.97,185473296,-0.8486531426207922
2021-11-19,1424.759,1446.143,1424.759,1444.784,194082186,1.461688097361602
2021-11-22,1449.452,1482.764,1449.452,1479.988,272206812,2.4366272051739246
2021-11-23,1477.668,1483.414,1476.054,1476.253,242050334,-0.2523669110830684
2021-11-24,1477.961,1486.332,1471.994,1472.225,227451537,-0.27285295948594745
2021-11-25,1472.636,1474.56,1467.045,1468.072,207379813,-0.2820900337923926
2021-11-26,1466.363,1467.394,1452.409,1459.932,200244194,-0.5544687181555097
2021-11-29,1448.498,1473.974,1448.498,1471.229,241695664,0.7738031634350051
2021-11-30,1477.804,1478.03,1464.953,1475.713,215029388,0.3047792016062756
2021-12-01,1473.521,1473.521,1453.998,1456.483,191538959,-1.303098908798661
2021-12-02,1454.74,1454.74,1428.197,1429.5,188216945,-1.8526134530921334
2021-12-03,1432.229,1444.834,1432.229,1444.834,207018094,1.072682756208465
2021-12-06,1444.933,1444.933,1405.771,1405.771,214315065,-2.703632389603239
2021-12-07,1412.997,1412.997,1380.857,1389.437,193176791,-1.1619246662507687
2021-12-08,1394.989,1416.199,1394.989,1415.374,190068127,1.8667273147325192
2021-12-09,1417.344,1437.974,1411.402,1434.522,259260743,1.3528579725217371
2021-12-10,1431.848,1442.201,1426.784,1435.703,387400312,0.08232707480262391
2021-12-13,1439.187,1450.47,1436.171,1445.707,256189286,0.6968014972456027
2021-12-14,1445.052,1451.476,1436.487,1439.469,192637874,-0.4314843879153929
2021-12-15,1439.116,1441.817,1424.9,1424.9,192602785,-1.0121093264252257
2021-12-16,1425.529,1428.967,1420.114,1425.929,177554110,0.07221559407677436
2021-12-17,1426.792,1426.792,1396.493,1399.06,194268068,-1.88431541822911
2021-12-20,1389.179,1399.486,1363.956,1363.956,205223551,-2.5091132617614753
2021-12-21,1366.273,1377.197,1364.895,1374.65,166127765,0.7840428870139693
2021-12-22,1378.311,1385.157,1374.47,1375.03,151565388,0.027643400138210872
2021-12-23,1375.83,1379.844,1371.29,1375.968,145166516,0.06821669345395964
2021-12-24,1375.178,1375.612,1354.09,1358.73,163021852,-1.2527907625758727
2021-12-27,1356.41,1363.347,1349.479,1355.636,134278329,-0.22771264342438258
2021-12-28,1355.654,1370.295,1355.654,1369.619,132369609,1.0314715749655479
2021-12-29,1370.494,1370.494,1352.764,1356.214,128804294,-0.9787393428391411
2021-12-30,1355.968,1380.713,1355.968,1375.56,146167649,1.4264710436553418
2021-12-31,1384.278,1399.313,1384.278,1398.194,174665238,1.6454389485009768
2022-01-04,1403.394,1403.394,1362.87,1364.99,230536084,-2.3747777490105038
2022-01-05,1364.014,1364.014,1328.84,1333.335,205415451,-2.319064608531929
2022-01-06,1327.697,1329.263,1310.892,1320.935,175566233,-0.9299988375014556
2022-01-07,1322.892,1328.857,1305.492,1305.492,178315803,-1.1690961326636051
2022-01-10,1306.597,1322.564,1297.317,1318.267,178200075,0.9785582753475408
2022-01-11,1317.924,1317.924,1292.051,1294.404,169586344,-1.8101795766715
2022-01-12,1298.623,1316.388,1298.623,1316.353,174301261,1.6956838823118714
2022-01-13,1319.187,1319.187,1294.653,1294.653,170052789,-1.648493982996968
2022-01-14,1289.382,1315.459,1289.382,1312.292,221518746,1.3624500155640096
2022-01-17,1317.385,1340.499,1317.385,1338.317,219986114,1.983171428310171
2022-01-18,1340.414,1359.451,1337.858,1342.356,227390295,0.3017969584186764
2022-01-19,1340.713,1340.713,1319.469,1324.089,166227899,-1.3608163557208397
2022-01-20,1326.638,1328.8,1305.348,1306.023,170296426,-1.3644097942056788
2022-01-21,1304.158,1304.158,1289.594,1290.406,186900192,-1.1957676089931035
2022-01-24,1286.139,1311.126,1286.139,1307.742,181901937,1.3434531457541254
2022-01-25,1303.93,1307.98,1277.004,1277.004,190715900,-2.350463623558785
2022-01-26,1281.511,1286.276,1265.225,1276.362,163092784,-0.05027392239960182
2022-01-27,1274.627,1274.627,1240.408,1240.554,175362414,-2.8054736822312187
2022-01-28,1253.942,1253.942,1229.224,1229.224,155173315,-0.9133016378166658
2022-02-07,1247.585,1261.073,1230.994,1233.618,142171529,0.3574612926529275
2022-02-08,1233.657,1233.657,1194.244,1204.054,156328591,-2.396527936524906
2022-02-09,1204.241,1211.764,1195.993,1210.286,149908335,0.5175847594875327
2022-02-10,1214.982,1214.982,1183.926,1188.197,181296530,-1.8251058014386867
2022-02-11,1182.869,1187.011,1169.59,1169.59,168730011,-1.5659861117306328
2022-02-14,1161.845,1177.752,1161.845,1169.442,133853977,-0.012654006959700315
2022-02-15,1172.771,1204.207,1172.771,1203.124,164738386,2.880177041700227
2022-02-16,1210.416,1210.416,1197.24,1197.562,118141106,-0.462296488142544
2022-02-17,1196.598,1216.573,1196.598,1207.821,143403765,0.856657108358494
2022-02-18,1200.343,1204.609,1198.055,1204.371,133142138,-0.28563835204056254
2022-02-21,1207.148,1207.148,1193.019,1193.601,145611352,-0.8942427208891601
2022-02-22,1184.835,1185.903,1170.441,1183.982,163386346,-0.8058806921240946
2022-02-23,1182.422,1232.93,1182.422,1231.077,232276130,3.9776787147101977
2022-02-24,1226.948,1239.778,1201.395,1214.989,243331593,-1.3068232125204138
2022-02-25,1231.541,1251.896,1231.541,1240.878,197566671,2.130801184208253
2022-02-28,1243.98,1249.585,1236.51,1249.585,215608779,0.701680584231501
2022-03-01,1254.57,1254.57,1233.545,1239.019,176291441,-0.8455607261610876
2022-03-02,1233.104,1233.104,1219.363,1230.278,149062214,-0.7054774785535955
2022-03-03,1235.958,1235.958,1209.368,1209.819,172679964,-1.6629574779033707
2022-03-04,1201.124,1225.925,1199.633,1203.089,175840239,-0.5562815594729487
2022-03-07,1198.012,1198.012,1166.884,1169.983,190107008,-2.7517498705415755
2022-03-08,1167.594,1177.606,1136.495,1137.075,241442232,-2.8126904408012687
2022-03-09,1148.182,1151.955,1097.149,1129.647,275392906,-0.653255062330993
2022-03-10,1161.988,1167.032,1152.477,1153.358,246565850,2.0989742813462886
2022-03-11,1137.607,1161.634,1126.616,1161.21,262160979,0.6807946882060989
2022-03-14,1151.966,1151.966,1126.282,1126.282,224769457,-3.007896935093579
2022-03-15,1115.187,1140.484,1093.433,1093.433,283671567,-2.916587497624923
2022-03-16,1115.841,1127.764,1074.002,1125.485,288887385,2.9313181511807285
2022-03-17,1144.976,1160.811,1140.331,1142.713,299623724,1.5307178682967937
2022-03-18,1136.984,1144.321,1125.97,1144.321,196170010,0.1407177480259758
2022-03-21,1143.547,1158.967,1143.547,1152.326,208238377,0.6995414748134587
2022-03-22,1145.082,1145.354,1132.886,1134.318,183939777,-1.5627522072746758
2022-03-23,1138.73,1149.34,1130.555,1144.089,163412199,0.8613986554035113
2022-03-24,1135.847,1141.664,1123.517,1134.57,157407425,-0.8320156910869736
2022-03-25,1137.797,1137.797,1106.863,1106.863,160270955,-2.442070564178489
2022-03-28,1097.87,1099.388,1086.022,1090.734,145097472,-1.457181241038874
2022-03-29,1097.357,1098.48,1079.855,1079.933,139862753,-0.9902506018882651
2022-03-30,1084.764,1112.519,1084.764,1112.519,161827287,3.017409413361749
2022-03-31,1109.553,1109.553,1088.312,1091.059,160640949,-1.9289558200803802
2022-04-01,1085.306,1093.657,1079.187,1089.195,144834446,-0.17084318996498649
2022-04-06,1087.755,1087.755,1055.574,1058.493,188124946,-2.818779006513983
2022-04-07,1050.434,1053.348,1036.074,1036.074,167889090,-2.118011172487666
2022-04-08,1032.838,1038.27,1018.992,1027.244,165074455,-0.852255726907547
2022-04-11,1022.912,1022.912,986.814,988.761,190267504,-3.746237505402805
2022-04-12,987.451,994.521,970.139,994.438,165116661,0.5741529044936078
2022-04-13,989.663,989.663,964.832,964.832,135049440,-2.9771589581250923
2022-04-14,972.237,981.919,962.594,975.574,171462859,1.113354449271986
2022-04-15,968.907,977.645,958.861,973.363,154125524,-0.22663580620229107
2022-04-18,969.06,1005.28,969.06,1004.608,169407967,3.210004900535557
2022-04-19,1002.976,1006.882,988.805,989.933,138296993,-1.460768777473398
2022-04-20,988.751,990.058,973.51,973.51,128057298,-1.6590011647252934
2022-04-21,968.477,988.364,955.232,957.717,168514753,-1.622274039301086
2022-04-22,953.641,956.363,941.542,942.069,150289082,-1.633885584154826
2022-04-25,924.96,924.96,884.305,884.305,232935386,-6.131610317290981
2022-04-26,884.18,898.366,866.907,868.067,209207991,-1.836244282232935
2022-04-27,857.381,909.718,854.183,906.433,237227868,4.419704930610191
2022-04-28,899.661,906.937,890.786,903.064,214713691,-0.3716766710832542
2022-04-29,910.136,947.941,904.49,947.151,241893900,4.88193527811982
2022-05-05,944.554,966.503,944.554,956.127,230643953,0.9476841601814279
2022-05-06,933.011,958.976,933.011,942.227,175590133,-1.453781767484863
2022-05-09,938.393,952.136,938.393,946.725,160395069,0.4773796547965725
2022-05-10,935.059,980.979,935.059,972.141,217871441,2.684623306662437
2022-05-11,974.537,1025.391,974.537,1002.456,275443902,3.118374803655022
2022-05-12,999.538,1019.345,999.538,1013.063,201107608,1.0581013031993436
2022-05-13,1020.392,1020.392,1003.302,1010.804,169787341,-0.2229871192610977
2022-05-16,1016.941,1022.257,996.506,996.506,177390039,-1.4145175523642584
2022-05-17,995.974,1013.074,995.579,1010.37,188623118,1.3912610661651836
2022-05-18,1011.526,1022.236,1011.526,1013.997,173487619,0.3589774043172289
2022-05-19,1002.656,1036.341,1002.656,1036.341,217072300,2.203556815256835
2022-05-20,1045.69,1046.384,1029.469,1045.377,220760981,0.8719137812746913
2022-05-23,1044.184,1049.063,1034.574,1046.146,200230771,0.07356197811889675
2022-05-24,1045.007,1045.007,996.648,996.648,258762500,-4.7314619565529075
2022-05-25,996.753,1007.471,994.684,1006.523,172144301,0.9908212327722543
2022-05-26,1006.1,1012.706,989.28,1004.256,168920432,-0.22523081936528522
2022-05-27,1008.058,1010.663,989.079,993.699,169840794,-1.0512259822196723
2022-05-30,995.956,1005.631,986.623,1001.54,191587366,0.7890719423084835
2022-05-31,1004.081,1035.316,993.994,1035.316,317239246,3.372406493999258
2022-06-01,1029.091,1036.852,1026.143,1031.583,280336501,-0.36056624257714276
2022-06-02,1028.686,1080.685,1028.686,1079.854,433362644,4.67931324963673
2022-06-06,1084.656,1129.326,1084.656,1121.537,464000416,3.8600588598088237
2022-06-07,1124.162,1124.162,1105.505,1111.395,336730349,-0.9042947312482785
2022-06-08,1108.594,1124.477,1093.576,1111.674,289285142,0.02510358603375895
2022-06-09,1108.931,1108.931,1075.17,1081.173,259779669,-2.7437000415589496
2022-06-10,1074.072,1103.04,1073.528,1102.849,416652370,2.0048595368178823
2022-06-13,1088.76,1093.844,1082.92,1088.377,353799978,-1.312237668076044
2022-06-14,1073.748,1073.748,1040.281,1070.537,374094663,-1.639137909014976
2022-06-15,1069.938,1085.021,1061.419,1062.713,360020795,-0.7308481631181474
2022-06-16,1065.69,1092.45,1065.69,1078.947,301119944,1.5275996435538008
2022-06-17,1070.618,1093.638,1066.221,1092.087,329986800,1.217854074389213
2022-06-20,1099.465,1107.747,1090.531,1095.328,349074314,0.29677122793330124
2022-06-21,1094.328,1096.136,1075.042,1083.021,341328955,-1.1235903765812627
2022-06-22,1084.711,1085.278,1063.674,1063.69,311046735,-1.7849146046106101
2022-06-23,1064.731,1082.002,1055.271,1081.844,305119082,1.7067002604142179
2022-06-24,1084.609,1106.372,1084.609,1101.477,337457099,1.814771815529781
2022-06-27,1113.217,1117.901,1102.972,1103.399,367578767,0.17449297624914095
2022-06-28,1105.115,1117.284,1087.832,1117.284,360809883,1.2583843197248035
2022-06-29,1112.591,1120.752,1090.07,1090.683,356184174,-2.3808628781939123
2022-06-30,1092.459,1116.183,1090.857,1105.667,336576638,1.3738180571256642
2022-07-01,1105.974,1105.974,1087.047,1089.029,367407685,-1.5047930344307958
2022-07-04,1087.344,1097.81,1078.054,1095.09,395075954,0.5565508356526694
2022-07-05,1100.178,1103.116,1077.947,1090.93,332118076,-0.37987745299471465
2022-07-06,1092.701,1112.191,1091.767,1101.749,328410126,0.9917226586490413
2022-07-07,1103.78,1112.677,1088.115,1111.673,313991385,0.9007496262760428
2022-07-08,1117.183,1117.183,1103.012,1104.022,286354073,-0.6882419560428343
2022-07-11,1098.666,1098.666,1071.747,1081.163,281716812,-2.070520333833925
2022-07-12,1081.902,1081.902,1049.241,1049.241,260214242,-2.9525612696697956
2022-07-13,1051.778,1060.411,1042.627,1052.792,252552667,0.3384351164317678
2022-07-14,1052.431,1084.481,1052.431,1076.807,289886982,2.281077363809758
2022-07-15,1072.993,1093.372,1072.262,1072.262,252750657,-0.422081208610281
2022-07-18,1075.709,1075.709,1055.202,1069.332,309464413,-0.27325411140186606
2022-07-19,1068.693,1071.232,1053.799,1061.853,285035359,-0.6994086027538704
2022-07-20,1066.2,1082.08,1066.2,1079.527,262283351,1.6644488455558326
2022-07-21,1080.647,1109.25,1080.647,1091.407,362416135,1.1004819703444024
2022-07-22,1099.623,1099.623,1077.075,1084.974,278286658,-0.5894226443480699
2022-07-25,1082.617,1094.254,1071.643,1073.761,246030225,-1.0334809866411554
2022-07-26,1072.544,1086.361,1067.657,1084.657,266726445,1.0147509548214195
2022-07-27,1083.671,1097.321,1083.671,1095.699,272563647,1.0180176774777783
2022-07-28,1102.438,1115.719,1096.173,1108.791,328204970,1.1948536961336798
2022-07-29,1113.078,1113.078,1087.88,1088.913,253829667,-1.792763469400449
2022-08-01,1081.623,1100.182,1069.207,1100.182,277021472,1.0348852479491022
2022-08-02,1084.981,1105.435,1080.795,1094.915,357300965,-0.47873897227913575
2022-08-03,1099.441,1122.971,1092.412,1100.348,433272427,0.4962029015951108
2022-08-04,1106.151,1114.692,1102.201,1110.917,308998352,0.96051431001829
2022-08-05,1115.016,1157.811,1115.016,1157.333,461820458,4.178169926286146
2022-08-08,1161.043,1161.043,1146.77,1152.577,423598615,-0.41094481882052447
2022-08-09,1152.914,1162.956,1144.9,1162.32,389855089,0.8453231324241139
2022-08-10,1154.174,1169.69,1154.174,1156.156,370696229,-0.5303186729988307
2022-08-11,1163.539,1173.373,1152.518,1173.144,356301038,1.469351886769621
2022-08-12,1169.662,1169.662,1146.191,1146.191,295096216,-2.2975014150010575
2022-08-15,1145.022,1155.038,1143.313,1143.747,288307884,-0.21322798730751824
2022-08-16,1143.705,1153.174,1134.506,1137.302,297609093,-0.5634987457890706
2022-08-17,1136.802,1136.802,1128.81,1132.312,296371852,-0.43875769144871013
2022-08-18,1132.602,1147.395,1132.602,1146.634,352830833,1.2648457315651562
2022-08-19,1146.327,1153.523,1108.452,1108.452,440968552,-3.329920445408041
2022-08-22,1103.153,1108.293,1100.864,1107.281,352006674,-0.10564282440738149
2022-08-23,1109.253,1116.403,1106.682,1107.3,277731446,0.0017159149303669352
2022-08-24,1110.007,1110.007,1068.983,1068.983,316247408,-3.4603991691501856
2022-08-25,1071.981,1071.981,1045.711,1055.889,272984926,-1.2249025475615682
2022-08-26,1064.712,1067.506,1044.999,1045.994,227983755,-0.9371250197700687
2022-08-29,1032.041,1058.662,1032.041,1054.285,287861957,0.7926431700373104
2022-08-30,1054.256,1063.619,1048.399,1050.282,239200442,-0.37968860412508354
2022-08-31,1048.401,1048.401,1024.988,1029.656,271098021,-1.9638535174362648
2022-09-01,1032.775,1040.237,1025.66,1025.66,261395818,-0.38809077983325
2022-09-02,1027.468,1037.482,1022.633,1030.12,247502493,0.43484195542380366
2022-09-05,1030.596,1033.71,1019.319,1024.393,263422060,-0.5559546460606413
2022-09-06,1025.858,1038.633,1017.479,1035.784,272298332,1.1119755796847652
2022-09-07,1032.025,1062.882,1032.025,1049.579,287002430,1.3318413877796864
2022-09-08,1050.319,1054.172,1040.753,1040.773,229862155,-0.8390030669439885
2022-09-09,1039.588,1039.588,1022.864,1033.784,216185500,-0.671520110533208
2022-09-13,1034.497,1040.053,1029.208,1031.17,200110159,-0.25285746345464766
2022-09-14,1018.074,1031.794,1018.074,1031.304,192793680,0.012994947486832942
2022-09-15,1035.764,1035.764,991.325,1000.081,288889467,-3.0275263161977484
2022-09-16,997.358,1017.23,997.358,998.518,249745853,-0.15628734072540285
2022-09-19,997.526,997.828,972.136,975.548,225157121,-2.300409206443954
2022-09-20,982.368,996.389,980.561,985.151,206172473,0.9843698106090093
2022-09-21,980.621,982.651,970.393,970.393,197071893,-1.4980444622194944
2022-09-22,964.959,984.994,964.959,975.869,176369745,0.5643074506926471
2022-09-23,975.578,975.578,957.566,960.94,216590352,-1.5298159896461438
2022-09-26,955.041,976.57,955.041,961.829,207889684,0.09251358045245794
2022-09-27,963.488,976.445,960.134,976.445,211659073,1.5196048362027037
2022-09-28,973.475,974.229,955.752,956.188,179106269,-2.0745664118306806
2022-09-29,962.448,968.879,956.563,961.475,184981327,0.5529247386497183
2022-09-30,956.405,959.734,938.53,939.376,178643651,-2.298447697548045
2022-10-10,933.021,933.021,895.942,897.335,227813861,-4.475417724106212
2022-10-11,898.367,900.632,890.832,892.739,209280842,-0.5121832983222552
2022-10-12,890.286,925.738,877.392,924.914,271847321,3.6040768914542776
2022-10-13,917.397,941.131,917.397,926.52,247187324,0.17363776524088603
2022-10-14,936.422,958.748,927.558,954.924,345691952,3.0656650692915344
2022-10-17,948.642,964.411,948.308,963.224,310837719,0.8691791179193498
2022-10-18,964.97,966.238,953.227,960.0,247381597,-0.3347092680414998
2022-10-19,957.733,961.257,949.498,949.498,242282183,-1.0939583333333336
2022-10-20,944.161,975.359,940.986,963.952,329668426,1.522278088000184
2022-10-21,961.484,971.653,953.896,967.98,302432256,0.4178631301143598
2022-10-24,967.565,989.668,964.095,969.493,307116860,0.15630488233229212
2022-10-25,962.973,981.119,956.967,971.334,293099320,0.1898930678199795
2022-10-26,972.452,1007.454,972.452,1003.255,374308301,3.286305225596964
2022-10-27,1008.706,1017.419,997.112,1004.909,413865902,0.16486336973151605
2022-10-28,996.612,1014.849,991.339,993.721,389578774,-1.113334640251007
2022-10-31,991.887,1019.433,991.887,1010.327,442804080,1.6710927916387064
2022-11-01,1011.964,1029.567,1003.171,1024.522,402896098,1.4049906614393093
2022-11-02,1020.074,1045.647,1020.074,1037.179,419021474,1.2354053890497374
2022-11-03,1028.433,1052.43,1028.433,1048.07,375997941,1.0500598257388472
2022-11-04,1048.891,1075.387,1048.891,1072.87,395661615,2.3662541624128064
2022-11-07,1070.145,1079.133,1058.71,1061.351,356250265,-1.073662233075745
2022-11-08,1061.712,1061.712,1041.924,1051.709,270041987,-0.9084647774393217
2022-11-09,1049.721,1052.672,1037.199,1037.527,234389044,-1.3484718681688546
2022-11-10,1033.129,1041.046,1021.987,1023.064,258542545,-1.3939878191121857
2022-11-11,1053.859,1053.859,1023.265,1023.265,342474719,0.019646864712274947
2022-11-14,1021.409,1029.308,1015.014,1022.913,314527208,-0.034399691184583414
2022-11-15,1022.041,1052.563,1022.041,1052.045,394641735,2.8479450354037983
2022-11-16,1052.414,1052.414,1034.977,1036.492,273488184,-1.4783588154499205
2022-11-17,1029.315,1041.673,1016.195,1041.673,306642639,0.49985914025385547
2022-11-18,1039.855,1044.724,1030.984,1031.992,323567488,-0.9293703494282823
2022-11-21,1023.901,1032.692,1021.347,1032.472,251682516,0.04651198846503668
2022-11-22,1029.503,1029.503,1015.439,1017.822,343200348,-1.4189246778605114
2022-11-23,1014.738,1019.586,994.678,1017.016,327303585,-0.0791886990063162
2022-11-24,1019.177,1024.1,1014.427,1015.355,287946393,-0.16332093103745837
2022-11-25,1012.797,1012.797,999.988,999.988,294782854,-1.5134608092736035
2022-11-28,983.594,995.998,983.594,992.812,298337209,-0.7176086113033442
2022-11-29,995.34,1003.11,990.34,1002.447,316863620,0.970475779905966
2022-11-30,999.613,1002.753,991.778,1000.263,307788927,-0.21786687974526542
2022-12-01,1008.707,1015.503,1006.148,1009.332,308451841,0.9066615480128659
2022-12-02,1005.632,1021.517,1005.632,1008.145,294841200,-0.11760253316054348
2022-12-05,1011.281,1011.281,999.838,1003.6,392553765,-0.4508280058920011
2022-12-06,1003.306,1013.977,1001.039,1003.136,384228146,-0.046233559186936724
2022-12-07,999.278,1007.36,998.496,1000.475,328763014,-0.26526811917825244
2022-12-08,999.748,1001.675,995.985,997.315,365958409,-0.31584997126364867
2022-12-09,998.739,1001.686,993.365,1001.686,608898039,0.43827677313585944
2022-12-12,1000.289,1010.89,997.618,1004.622,390317637,0.293105823581441
2022-12-13,1002.54,1002.54,989.182,989.307,302227831,-1.5244539737333973
2022-12-14,1003.566,1003.566,983.868,984.219,326689856,-0.5142994035218562
2022-12-15,985.152,991.472,985.152,989.198,242003540,0.5058833450685141
2022-12-16,984.252,984.252,974.245,978.361,268062984,-1.0955339578122891
2022-12-19,973.598,976.129,955.503,956.186,254341926,-2.266545784224838
2022-12-20,955.078,957.614,951.565,952.767,225086848,-0.3575664149025326
2022-12-21,950.561,952.865,937.769,940.835,181095166,-1.2523523589712982
2022-12-22,944.573,944.573,929.062,930.805,212105891,-1.066074285076568
2022-12-23,925.141,927.227,915.311,920.351,204023247,-1.1231138638060578
2022-12-26,920.735,951.11,920.735,951.11,255354702,3.342094483517699
2022-12-27,951.856,964.583,948.508,963.136,236837243,1.264417364973558
2022-12-28,960.388,962.333,957.238,957.274,200710700,-0.6086367864974407
2022-12-29,956.098,968.936,956.098,962.253,197523002,0.5201227652688933
2022-12-30,963.294,969.506,959.738,959.905,179590004,-0.2440106707903289
2023-01-03,960.509,980.923,958.748,979.913,252245377,2.084372932738132
2023-01-04,982.026,982.026,966.719,972.378,232161941,-0.7689458145774153
2023-01-05,972.606,984.397,972.094,983.52,259813494,1.1458506876955266
2023-01-06,985.994,1002.625,985.994,991.095,343837531,0.7701927769643735
2023-01-09,994.74,998.166,986.628,988.669,253088059,-0.24477976379660982
2023-01-10,989.849,997.05,989.085,990.315,212406446,0.1664864580562364
2023-01-11,990.145,991.813,973.962,973.962,218461819,-1.6512927704821267
2023-01-12,978.361,978.361,971.727,974.194,222952948,0.023820231179438878
2023-01-13,976.58,976.58,968.107,974.312,203777239,0.012112577166356608
2023-01-16,972.703,999.489,972.703,992.613,358093741,1.8783510826100969
2023-01-17,994.642,1004.781,994.642,1003.677,242356138,1.1146337998797051
2023-01-18,1006.688,1009.088,1004.98,1006.746,197321023,0.3057756628875641
2023-01-19,1004.786,1023.651,1004.786,1023.651,224389273,1.6791723036396533
2023-01-20,1025.004,1034.357,1024.805,1029.135,221179006,0.5357294624828146
2023-01-30,1046.437,1046.437,1031.61,1031.61,422914268,0.24049322975119303
2023-01-31,1027.819,1028.399,1014.358,1014.358,301869921,-1.6723374143329361
2023-02-01,1016.311,1026.701,1011.441,1026.398,318856769,1.1869576618905642
2023-02-02,1030.335,1039.021,1030.09,1031.68,358709299,0.5146151882603256
2023-02-03,1029.118,1034.23,1017.921,1033.87,260581432,0.21227512406947202
2023-02-06,1031.918,1035.282,1021.437,1024.426,271323763,-0.9134610734425008
2023-02-07,1024.237,1027.33,1014.994,1020.166,248806345,-0.41584262796920957
2023-02-08,1021.161,1025.071,1010.694,1010.694,229414383,-0.928476346006446
2023-02-09,1007.839,1037.703,1007.839,1036.861,332865899,2.5890130939730582
2023-02-10,1034.218,1034.536,1019.619,1024.538,314944280,-1.188491032066985
2023-02-13,1020.55,1031.082,1020.55,1024.036,301104883,-0.04899769457061831
2023-02-14,1026.45,1028.94,1017.285,1022.669,265546706,-0.1334914006929533
2023-02-15,1022.794,1025.483,1016.342,1024.217,342396388,0.15136862464786294
2023-02-16,1024.121,1029.125,1003.237,1005.18,380585769,-1.8586881490934237
2023-02-17,1002.082,1004.788,986.335,986.335,285835035,-1.8747885950774923
2023-02-20,985.113,999.597,981.402,998.832,274188708,1.2670137427952977
2023-02-21,997.554,1001.288,990.235,995.725,257621765,-0.3110633219600478
2023-02-22,988.789,991.808,987.803,989.653,193071438,-0.6098069246026738
2023-02-23,988.196,996.898,988.196,992.462,255840885,0.28383685999031627
2023-02-24,996.028,997.75,989.217,990.632,243714818,-0.18438993130216463
2023-02-27,988.108,993.674,984.353,986.282,278120428,-0.43911361635803337
2023-02-28,991.44,993.021,981.05,990.467,298112961,0.42432083318968417
2023-03-01,989.108,996.492,985.423,994.634,371550526,0.4207106344784828
2023-03-02,994.544,996.074,988.436,988.894,294984095,-0.5770967008970174
2023-03-03,996.1,1000.906,990.435,998.901,357453518,1.0119385899803213
2023-03-06,999.724,1010.755,993.254,1007.635,389609464,0.874360922654005
2023-03-07,1005.619,1005.619,990.474,990.575,359445178,-1.693073384707755
2023-03-08,989.707,995.697,989.124,994.886,267468185,0.4352017767458305
2023-03-09,996.563,1002.977,994.359,998.303,291613944,0.34345643621480626
2023-03-10,990.9,1003.721,989.051,993.552,399946691,-0.4759076152230257
2023-03-13,992.942,999.259,992.775,998.907,350858205,0.538975312817036
2023-03-14,997.77,1016.918,989.632,1013.391,556303288,1.4499848334229126
2023-03-15,1016.178,1026.837,1007.304,1007.304,469241649,-0.6006566073706976
2023-03-16,1001.517,1008.783,990.492,992.435,487586352,-1.4761184309801223
2023-03-17,1002.366,1020.266,999.181,1015.758,615227386,2.350078342662254
2023-03-20,1016.229,1033.873,1016.229,1025.321,585638108,0.9414644039229758
2023-03-21,1024.533,1030.186,1020.851,1030.186,415727039,0.4744855513541646
2023-03-22,1031.614,1037.403,1028.921,1034.049,435278600,0.3749808287047296
2023-03-23,1030.466,1058.988,1030.466,1058.988,569829372,2.411781259882284
2023-03-24,1058.119,1063.229,1052.386,1060.987,496546404,0.1887651229286913
2023-03-27,1057.172,1067.476,1045.724,1057.487,532019058,-0.32988151598464244
2023-03-28,1059.666,1061.126,1037.42,1038.625,427864489,-1.78366258875996
2023-03-29,1039.795,1074.536,1036.592,1062.136,510839760,2.263665904440959
2023-03-30,1065.387,1069.116,1053.579,1065.69,451236010,0.33460875066846363
2023-03-31,1063.288,1081.988,1063.288,1081.541,448629840,1.4873931443477817
2023-04-03,1093.075,1127.548,1093.075,1126.489,687767404,4.155921966897247
2023-04-04,1122.383,1146.038,1120.681,1129.084,816347182,0.23036177006610092
2023-04-06,1127.032,1162.937,1127.032,1146.964,803889966,1.5835845694385675
2023-04-07,1149.536,1161.765,1144.519,1161.021,588450425,1.225583366173666
2023-04-10,1164.983,1168.089,1129.172,1129.172,670119891,-2.7431889690195055
2023-04-11,1132.222,1135.727,1109.51,1121.74,581264851,-0.6581813930915725
2023-04-12,1118.129,1137.59,1116.297,1129.406,576207175,0.6834025710057645
2023-04-13,1122.371,1123.379,1098.9,1100.126,498549641,-2.59251323261962
2023-04-14,1107.625,1137.053,1097.287,1136.213,633546953,3.2802606246920885
2023-04-17,1134.051,1145.764,1134.051,1140.13,557730383,0.34474169895961637
2023-04-18,1130.813,1136.103,1117.344,1129.817,513796111,-0.9045459728276639
2023-04-19,1131.74,1149.378,1128.989,1134.404,590754690,0.4059949531649787
2023-04-20,1134.938,1165.064,1134.938,1164.948,845716798,2.692515188592437
2023-04-21,1162.938,1162.938,1116.825,1116.825,796004725,-4.130913997878016
2023-04-24,1116.666,1116.666,1090.867,1096.378,689418675,-1.8308150336892592
2023-04-25,1095.946,1101.063,1072.292,1076.865,669734035,-1.7797693861058783
2023-04-26,1072.696,1084.365,1062.6,1069.005,716155437,-0.7298965051329431
2023-04-27,1063.53,1082.016,1060.29,1068.012,531203420,-0.09289011744567643
2023-04-28,1060.706,1088.364,1060.706,1087.869,577992439,1.8592487724856888
2023-05-04,1077.852,1077.852,1061.168,1064.205,547659381,-2.1752619111308436
2023-05-05,1062.663,1065.137,1047.288,1049.089,431187763,-1.4204030238534893
2023-05-08,1050.1,1060.352,1048.87,1057.214,405624114,0.774481478692457
2023-05-09,1058.373,1061.139,1034.213,1034.213,538421450,-2.1756238566647768
2023-05-10,1031.129,1035.843,1019.15,1025.706,487600090,-0.8225578289965507
2023-05-11,1035.183,1035.889,1025.971,1025.971,331728950,0.025835863298073747
2023-05-12,1028.36,1034.15,1014.105,1014.105,380719600,-1.156562904799452
2023-05-15,1013.526,1025.785,1008.018,1025.785,409359926,1.1517545027388776
2023-05-16,1029.33,1032.942,1023.363,1025.866,333612358,0.007896391544037762
2023-05-17,1025.447,1032.918,1024.395,1029.65,297781428,0.36885909075845547
2023-05-18,1031.404,1038.227,1029.893,1034.822,336449700,0.5023066090418915
2023-05-19,1040.346,1048.744,1037.667,1040.161,327482796,0.5159341413305985
2023-05-22,1040.829,1040.829,1028.12,1032.112,272546546,-0.7738225140146548
2023-05-23,1029.144,1029.144,1016.106,1016.106,275031801,-1.5508006882974046
2023-05-24,1011.124,1022.726,1007.737,1011.774,423524911,-0.42633347308252967
2023-05-25,1016.916,1021.719,1007.029,1021.719,392516583,0.9829270172983406
2023-05-26,1023.858,1040.11,1023.858,1038.661,342135482,1.6581858612788825
2023-05-29,1041.27,1041.27,1027.868,1028.38,503242007,-0.9898321011378997
2023-05-30,1025.826,1046.069,1025.072,1044.425,391313643,1.5602209300064063
2023-05-31,1040.339,1053.91,1040.339,1053.91,482928511,0.9081552050171249
2023-06-01,1048.954,1065.233,1048.954,1053.549,393400168,-0.03425339924661985
2023-06-02,1055.948,1058.142,1048.51,1053.291,375879273,-0.024488656911070272
2023-06-05,1063.15,1065.045,1050.291,1051.734,373523439,-0.14782239665961372
2023-06-06,1047.919,1047.919,1022.984,1022.984,368138988,-2.733580924454271
2023-06-07,1023.95,1025.174,1015.835,1019.051,325014241,-0.3844634911200906
2023-06-08,1012.656,1012.994,1004.887,1007.12,410022789,-1.1707951810066453
2023-06-09,1008.903,1032.551,1005.19,1032.551,687191158,2.525121137500985
2023-06-12,1030.258,1031.939,1023.177,1026.639,437757823,-0.5725625174930915
2023-06-13,1025.21,1042.849,1022.649,1039.463,398824069,1.2491245705647414
2023-06-14,1038.89,1038.89,1031.9,1035.314,329444779,-0.39914840643677785
2023-06-15,1036.311,1036.311,1029.904,1033.85,403135011,-0.14140637526394162
2023-06-16,1034.425,1054.58,1034.425,1052.883,422904937,1.8409827344392449
2023-06-19,1053.343,1059.285,1046.569,1055.454,373642700,0.2441866760124256
2023-06-20,1054.511,1057.512,1043.849,1055.412,414960336,-0.00397933022187047
2023-06-21,1050.124,1050.124,1020.222,1020.222,335338225,-3.334242930722797
2023-06-26,1011.149,1028.411,1008.407,1010.314,393941436,-0.97116117864543
2023-06-27,1011.082,1015.452,1008.503,1011.352,343199276,0.10274033617272416
2023-06-28,1017.081,1017.081,998.753,1008.219,344432903,-0.30978333952965675
2023-06-29,1004.543,1010.324,1001.458,1001.458,312190977,-0.6705884336637213
2023-06-30,999.182,1008.635,999.182,1005.15,309419801,0.3686624900894442
2023-07-03,1006.577,1012.748,999.941,1008.399,421868111,0.3232353380092645
2023-07-04,1008.433,1022.093,1005.724,1015.396,352508594,0.6938721676637893
2023-07-05,1013.379,1016.037,1005.329,1005.732,285157717,-0.9517469046559146
2023-07-06,1004.667,1011.882,1001.783,1002.111,285142475,-0.36003627208838207
2023-07-07,1001.016,1001.016,990.554,991.849,287710462,-1.024038255243176
2023-07-10,992.744,999.596,990.748,993.731,275074599,0.18974662473822956
2023-07-11,996.559,1002.207,994.425,1001.414,297128031,0.7731468576506195
2023-07-12,999.236,999.236,984.065,984.981,349246013,-1.6409796547681599
2023-07-13,988.697,997.569,988.697,995.973,293353425,1.115960612438216
2023-07-14,999.789,999.939,991.003,991.559,320273114,-0.44318470480625427
2023-07-17,988.881,988.881,982.617,984.821,274577057,-0.679535963064215
2023-07-18,985.244,986.428,980.019,980.019,259320015,-0.48760130013474345
2023-07-19,986.998,986.998,974.109,975.115,222785443,-0.5003984616624768
2023-07-20,978.384,978.384,960.868,961.13,222958921,-1.434189813509179
2023-07-21,958.886,962.394,954.756,955.549,231398993,-0.5806706689001517
2023-07-24,953.965,959.875,949.718,950.552,194577555,-0.5229454481141205
2023-07-25,961.522,965.027,957.631,964.396,236336450,1.4564169030205631
2023-07-26,963.554,967.208,959.49,961.597,211861421,-0.2902334725569111
2023-07-27,962.609,962.609,951.59,952.296,236110818,-0.9672451141174432
2023-07-28,950.515,962.86,949.222,962.645,259766765,1.0867419373808085
2023-07-31,961.689,973.628,961.689,968.994,321841846,0.6595370048148697
2023-08-01,969.405,969.683,966.578,969.683,286751520,0.07110467144275656
2023-08-02,967.687,971.523,966.774,968.439,260184767,-0.12828934816841997
2023-08-03,962.55,971.86,962.55,970.373,274695190,0.19970282072490075
2023-08-04,972.484,976.956,969.501,975.778,285033218,0.5570023073601549
2023-08-07,973.289,975.915,967.63,968.898,238645530,-0.7050784092283324
2023-08-08,967.433,968.91,965.532,965.532,211711915,-0.3474049899989451
2023-08-09,961.504,964.215,956.919,957.369,187017109,-0.8454406482643728
2023-08-10,957.218,961.252,954.797,959.17,187908388,0.18811973230801193
2023-08-11,960.095,960.095,938.765,938.765,246244524,-2.127360113431398
2023-08-14,932.092,932.092,921.171,930.495,271907642,-0.8809446453585279
2023-08-15,933.057,933.057,911.999,917.45,352614753,-1.4019419771197028
2023-08-16,916.586,919.324,901.787,901.787,269476847,-1.7072320017439635
2023-08-17,899.799,912.877,898.151,910.378,265412742,0.9526639882810439
2023-08-18,924.296,924.296,904.249,904.249,261578108,-0.6732368312942549
2023-08-21,900.224,905.081,892.093,892.093,246779469,-1.3443199826596475
2023-08-22,896.745,903.4,877.793,901.128,319495889,1.0127867834407445
2023-08-23,899.961,899.961,879.459,879.459,235049677,-2.40465283511333
2023-08-24,883.799,893.692,880.614,885.476,313887101,0.6841706094314892
2023-08-25,880.167,880.167,865.979,870.399,282751949,-1.702700016714176
2023-08-28,926.0,926.0,879.355,880.191,424009670,1.1250012925106745
2023-08-29,878.78,918.901,878.78,916.455,470447222,4.120014860410981
2023-08-30,935.818,949.14,932.309,939.648,551898343,2.530729823068234
2023-08-31,936.195,947.514,936.195,942.613,491387592,0.3155436929573652
2023-09-01,944.251,944.251,927.494,934.787,313685975,-0.8302452862415488
2023-09-04,935.821,942.428,930.413,942.428,374720849,0.8174054624208393
2023-09-05,942.556,944.178,929.492,930.629,379857636,-1.251978931016473
2023-09-06,926.25,935.477,921.931,934.604,366371587,0.4271304676729315
2023-09-07,929.358,929.358,899.828,899.828,422681592,-3.72093421384887
2023-09-08,895.504,906.169,894.597,901.506,284540618,0.18648008286028528
2023-09-11,901.542,914.893,901.542,907.505,330897115,0.6654420491932322
2023-09-12,905.915,909.252,901.622,901.622,227315937,-0.6482608911245746
2023-09-13,900.004,900.341,883.182,889.132,243037852,-1.3852811932273168
2023-09-14,888.26,888.26,878.113,880.802,220830000,-0.9368687663923847
2023-09-15,883.074,891.192,876.734,887.013,326667826,0.7051528039218713
2023-09-18,881.383,887.414,878.555,879.534,278597650,-0.8431668983430951
2023-09-19,879.345,880.021,870.796,873.618,200076405,-0.6726289148571762
2023-09-20,870.032,872.972,866.023,866.023,173903668,-0.8693731127334847
2023-09-21,862.638,867.888,860.394,860.394,180235972,-0.6499827371790334
2023-09-22,860.728,882.958,860.228,882.878,282757395,2.613221384621478
2023-09-25,880.317,880.317,874.555,874.555,234069741,-0.942712356633657
2023-09-26,876.258,883.867,875.51,876.051,223099059,0.17105842399849358
2023-09-27,875.435,883.837,875.435,880.17,275342610,0.47017810606915234
2023-09-28,880.394,889.528,878.851,887.8,243733479,0.8668779894793088
2023-10-09,884.204,889.148,882.132,887.212,247684226,-0.06623113313809492
2023-10-10,888.146,890.934,882.044,882.044,305081127,-0.5824988841449441
2023-10-11,885.628,894.165,884.583,893.449,347104613,1.2930193958577973
2023-10-12,896.002,901.006,891.434,899.984,322927936,0.731435146270254
2023-10-13,895.468,895.952,889.038,891.72,272726514,-0.918238546463046
2023-10-16,890.483,890.483,871.989,874.026,272130272,-1.9842551473556846
2023-10-17,874.282,884.391,872.019,882.191,239802135,0.9341827359826915
2023-10-18,884.706,884.706,869.644,869.762,291251270,-1.4088785761813605
2023-10-19,864.459,877.728,864.459,870.101,413030014,0.038976179690553
2023-10-20,865.775,871.358,861.461,861.809,392139160,-0.9529928134779819
2023-10-23,857.482,857.482,837.162,840.144,335959329,-2.5138980911083464
2023-10-24,844.085,855.392,840.475,850.614,334372630,1.2462149345826568
2023-10-25,859.765,861.144,848.646,848.646,293169809,-0.23136228653656277
2023-10-26,841.987,850.621,838.139,849.309,282096329,0.0781244476495413
2023-10-27,843.877,865.792,843.877,861.852,362648605,1.4768476490888416
2023-10-30,862.117,881.781,862.117,878.129,493875051,1.8886073246914936
2023-10-31,882.427,882.427,870.056,874.406,378010833,-0.4239695989996961
2023-11-01,874.04,875.787,869.918,869.918,355063435,-0.5132627177764082
2023-11-02,871.551,874.932,859.932,859.932,307492343,-1.1479242871167195
2023-11-03,861.545,876.343,861.545,875.373,362971628,1.7956070945144509
2023-11-06,880.603,891.262,880.603,890.207,502630438,1.6945919053934722
2023-11-07,887.204,892.557,884.059,891.456,410405904,0.14030444604458125
2023-11-08,890.873,905.389,890.873,899.626,546978324,0.916478210926841
2023-11-09,897.931,903.12,891.922,893.798,522680978,-0.6478247627347389
2023-11-10,888.987,893.692,887.3,889.75,360725944,-0.45289875340960295
2023-11-13,893.5,896.551,889.804,896.551,323684982,0.764372014610859
2023-11-14,895.814,904.341,895.162,904.341,411850032,0.8688853171765931
2023-11-15,912.627,912.627,900.894,902.18,404540539,-0.23895853444663162
2023-11-16,898.744,898.744,887.111,887.111,310948267,-1.6702875257709082
2023-11-17,886.673,891.38,885.473,891.38,241032768,0.4812250101734694
2023-11-20,890.898,895.351,883.581,892.631,339377606,0.1403441854203491
2023-11-21,892.92,896.046,884.895,884.895,305616940,-0.8666515054933099
2023-11-22,881.957,883.388,870.76,870.76,266414351,-1.5973646590838442
2023-11-23,869.853,878.026,867.58,877.77,270553977,0.8050438697229989
2023-11-24,875.58,875.58,864.031,864.774,254649325,-1.4805700810007205
2023-11-27,864.267,869.369,861.929,868.03,384963673,0.3765145575606921
2023-11-28,868.812,872.314,865.863,871.906,361416131,0.44652834579450573
2023-11-29,870.4,870.998,862.036,862.036,364485254,-1.1320027617656048
2023-11-30,861.51,865.685,858.346,865.685,446915632,0.4233001869991426
2023-12-01,863.334,869.228,857.091,867.537,364111615,0.21393462980183742
2023-12-04,867.834,872.334,861.92,861.92,332188482,-0.6474651801594677
2023-12-05,859.485,859.485,845.8,845.8,335116371,-1.8702431780211581
2023-12-06,843.815,851.56,843.815,848.791,392712097,0.3536296996926147
2023-12-07,847.102,849.281,839.69,847.476,457866952,-0.15492624214913375
2023-12-08,849.161,868.234,848.999,868.234,765772528,2.44939089720535
2023-12-11,859.974,880.021,859.915,878.516,473102803,1.1842429575436908
2023-12-12,876.69,876.69,867.224,869.967,334807187,-0.9731183040491032
2023-12-13,868.866,874.022,861.251,861.251,328983164,-1.0018770826939472
2023-12-14,865.092,866.404,855.846,855.898,263643073,-0.6215377398690936
2023-12-15,857.01,857.172,847.17,847.507,275203635,-0.9803738295918518
2023-12-18,845.538,846.623,838.425,840.681,257439894,-0.8054210761680891
2023-12-19,839.644,850.047,839.644,845.859,249453026,0.6159292288037799
2023-12-20,847.272,847.272,835.458,835.713,230243719,-1.1994906952577322
2023-12-21,832.37,850.122,832.37,847.817,316790510,1.4483441085635818
2023-12-22,846.666,851.002,840.413,843.318,329647859,-0.5306569696054697
2023-12-25,840.379,843.052,835.577,837.222,275584635,-0.7228589926931428
2023-12-26,836.531,836.531,822.5,825.258,230413104,-1.4290116599898206
2023-12-27,826.831,832.804,826.831,830.057,265536951,0.581515114061304
2023-12-28,828.401,852.348,828.401,850.385,455135170,2.448988442962352
2023-12-29,849.611,853.645,849.459,852.005,336622123,0.19050194911716112
2024-01-02,850.969,850.969,839.801,839.801,275595747,-1.4323859601762856
2024-01-03,838.302,841.765,827.849,829.772,257018226,-1.1942114858162767
2024-01-04,831.23,831.23,818.141,823.848,262662520,-0.7139310557599088
2024-01-05,820.397,825.375,805.109,807.729,276040375,-1.9565502374224275
2024-01-08,802.895,802.895,784.17,784.433,295239608,-2.8841356445045374
2024-01-09,786.48,792.684,777.677,782.926,297549041,-0.19211328437227504
2024-01-10,779.08,789.592,773.229,777.153,281445810,-0.7373621517231532
2024-01-11,775.372,792.774,775.372,789.864,283362427,1.635585270854012
2024-01-12,788.025,789.555,778.358,778.358,299829400,-1.4567064709874233
2024-01-15,774.957,782.852,772.86,773.405,260440086,-0.636339576390299
2024-01-16,771.841,777.403,765.971,777.403,306515034,0.5169348530200901
2024-01-17,775.864,775.864,757.045,757.045,249674807,-2.6187189913082443
2024-01-18,752.286,768.586,742.931,768.282,410735921,1.4843239173365053
2024-01-19,767.239,771.027,762.521,765.47,316208954,-0.36601143850826245
2024-01-22,763.601,763.601,740.892,742.227,358637823,-3.036435131357207
2024-01-23,738.383,753.826,738.383,749.743,359488249,1.0126282121238006
2024-01-24,753.01,753.01,728.499,750.275,359405675,0.07095764815410188
2024-01-25,749.133,766.742,746.701,765.791,450804912,2.0680417180367394
2024-01-26,759.938,760.32,746.096,746.096,347279173,-2.571850544077958
2024-01-29,748.264,748.264,725.308,725.308,450582709,-2.7862366237052627
2024-01-30,720.193,721.178,697.845,697.845,343237741,-3.786391436465608
2024-01-31,693.847,699.06,681.598,684.852,401058280,-1.8618747716183437
2024-02-01,680.718,702.234,679.624,690.005,353458757,0.7524253415336579
2024-02-02,693.02,693.02,661.705,673.407,421634629,-2.405489815291184
2024-02-05,675.396,686.024,641.34,676.793,545344075,0.5028162760410737
2024-02-06,675.453,721.295,673.972,720.8,519876110,6.502283563807532
2024-02-07,723.312,743.799,723.312,743.423,616634535,3.138596004439509
2024-02-08,749.639,767.517,745.832,751.504,554963682,1.0869989225515075
2024-02-19,762.644,763.316,750.455,763.316,492867690,1.5717813877238251
2024-02-20,756.084,757.359,749.069,754.702,334294127,-1.1284972409853933
2024-02-21,747.25,768.351,747.227,755.155,404566780,0.06002369147026787
2024-02-22,757.262,767.418,757.26,762.382,356074332,0.9570220683170927
2024-02-23,768.509,768.509,755.807,764.482,370273008,0.2754524634632105
2024-02-26,764.033,775.89,762.383,768.488,459637345,0.5240149539165184
2024-02-27,763.665,796.907,763.035,796.907,480664264,3.6980408282237365
2024-02-28,797.825,810.082,771.592,771.592,602971687,-3.176656749156437
2024-02-29,769.557,807.707,769.557,807.707,592730507,4.68058248400709
2024-03-01,809.401,817.019,805.449,815.487,525423115,0.9632205737971855
2024-03-04,819.958,821.703,808.141,818.513,476915423,0.37106661418269127
2024-03-05,812.621,823.25,812.621,817.772,471673908,-0.0905300221254901
2024-03-06,816.145,819.613,806.251,811.899,444813163,-0.7181708349026428
2024-03-07,814.168,815.225,794.239,794.239,500957504,-2.175147401339328
2024-03-08,795.322,804.727,792.605,803.2,481370502,1.1282498089365989
2024-03-11,800.899,818.439,800.899,818.439,507397588,1.8972858565736939
2024-03-12,818.516,826.339,814.684,817.75,478020550,-0.08418464906975176
2024-03-13,821.323,823.9,814.006,814.932,404983911,-0.3446040966065378
2024-03-14,811.514,813.651,799.3,804.856,373920910,-1.2364221800101105
2024-03-15,802.911,808.918,794.878,808.674,367216774,0.47437057063624
2024-03-18,810.387,825.681,810.387,825.4,427764869,2.0683241949166264
2024-03-19,822.182,823.992,811.774,811.774,373021611,-1.650835958323238
2024-03-20,810.689,814.904,806.693,814.027,317828599,0.277540300625545
2024-03-21,820.143,823.28,805.949,806.138,378251587,-0.9691324734928952
2024-03-22,804.023,805.198,793.824,794.201,393878064,-1.4807638394418787
2024-03-25,792.846,797.023,781.646,781.646,350784710,-1.5808340709719704
2024-03-26,781.727,786.834,770.027,772.089,332015981,-1.2226762498624533
2024-03-27,771.545,771.545,752.821,752.821,338564839,-2.4955672208773927
2024-03-28,753.896,769.989,753.896,763.275,334929522,1.3886435155236132
2024-03-29,761.651,763.203,751.456,762.742,277378701,-0.06983066391537118
2024-04-01,765.633,776.329,765.633,775.526,336025180,1.6760582215218145
2024-04-02,774.727,774.727,764.627,768.787,294104333,-0.8689586164744911
2024-04-03,768.214,768.214,756.47,756.764,325992467,-1.5638922094156182
2024-04-08,753.835,753.835,740.665,740.665,338441180,-2.1273474953882654
2024-04-09,739.392,749.626,737.126,749.626,284971886,1.2098587080529022
2024-04-10,749.225,749.225,732.596,735.734,271684842,-1.8531907911411793
2024-04-11,735.67,745.989,735.67,738.674,348804118,0.39960094273201463
2024-04-12,742.929,746.603,738.43,738.43,377182435,-0.03303216303809364
2024-04-15,739.198,754.46,738.548,750.899,412498049,1.6885825332123572
2024-04-16,746.881,746.881,733.147,733.147,343406335,-2.364099565986899
2024-04-17,737.658,750.966,737.658,750.888,363333117,2.4198421326146136
2024-04-18,747.132,756.644,741.695,745.695,338215519,-0.6915811678972039
2024-04-19,741.285,741.285,729.819,730.562,338340711,-2.029381985932588
2024-04-22,723.408,734.881,722.579,731.811,316577882,0.17096427134180026
2024-04-23,732.868,732.868,725.516,727.853,281268745,-0.5408500282176765
2024-04-24,731.711,738.635,730.073,738.635,305997194,1.4813430733953137
2024-04-25,735.563,739.059,731.693,733.344,293131054,-0.7163213224393616
2024-04-26,733.016,752.444,733.016,752.25,473126801,2.5780534101322194
2024-04-29,752.924,779.343,752.924,776.154,615028995,3.1776669990029927
2024-04-30,773.844,773.844,765.877,767.464,439612911,-1.1196231675672519
2024-05-06,778.988,784.008,774.36,777.663,448559684,1.3289222686666768
2024-05-07,776.824,778.276,768.624,769.792,356765880,-1.012135076504861
2024-05-08,769.688,769.688,761.581,761.658,310783341,-1.056649068839377
2024-05-09,762.401,779.254,762.401,778.873,473420000,2.2602007725252005
2024-05-10,778.152,778.152,764.737,767.172,363484971,-1.50229883434142
2024-05-13,760.098,767.351,760.098,763.69,350313005,-0.4538747503819218
2024-05-14,766.645,767.808,759.651,760.305,265576651,-0.44324267700246445
2024-05-15,758.8,759.513,749.474,749.474,263428038,-1.4245598805742277
2024-05-16,753.452,753.743,745.186,746.472,288570133,-0.4005475840389461
2024-05-17,743.795,754.461,743.084,754.418,368112976,1.0644739521375346
2024-05-20,752.202,759.957,750.559,753.542,399579788,-0.1161159993531391
2024-05-21,752.288,754.246,747.68,748.235,266632843,-0.7042739488973382
2024-05-22,749.909,755.401,744.09,754.973,529042026,0.9005192219021962
2024-05-23,754.403,754.403,741.569,742.396,385086687,-1.6658873893503512
2024-05-24,741.677,744.883,727.021,727.207,382592764,-2.0459431354694746
2024-05-27,726.366,739.168,720.473,738.653,406238273,1.5739672472899757
2024-05-28,736.7,745.939,734.849,734.849,360148314,-0.5149914777304088
2024-05-29,734.288,740.237,731.712,734.333,415551455,-0.07021850747569447
2024-05-30,733.547,745.129,733.547,742.704,410331189,1.139946046276008
2024-05-31,743.177,750.647,741.641,743.228,397393872,0.07055300631206851
2024-06-03,743.608,753.33,743.453,750.427,625587297,0.968612592636453
2024-06-04,748.302,754.532,747.741,753.638,415315093,0.42788972145191284
2024-06-05,752.049,761.038,751.827,752.045,400623451,-0.21137469182818114
2024-06-06,756.788,758.843,743.229,743.229,476992033,-1.1722702763797277
2024-06-07,744.385,747.973,732.715,737.926,389314242,-0.7135082188665987
2024-06-11,735.838,756.386,735.838,755.835,512807489,2.426937118356043
2024-06-12,758.382,760.626,754.105,754.933,482919539,-0.11933821535123901
2024-06-13,758.606,765.013,756.061,758.982,571928362,0.536338986373619
2024-06-14,756.411,756.411,750.899,754.261,917422537,-0.6220173864465828
2024-06-17,749.943,759.716,749.943,757.106,643134846,0.37719038900327906
2024-06-18,757.852,763.008,753.629,756.904,499578285,-0.026680544071766565
2024-06-19,758.41,758.41,747.958,751.688,488736063,-0.6891230591990594
2024-06-20,752.153,765.931,752.153,755.151,613119884,0.46069645916921864
2024-06-21,749.733,758.374,747.076,758.374,448496740,0.4268020568071851
2024-06-24,754.413,759.801,738.487,739.142,603254344,-2.535951918182844
2024-06-25,738.324,738.324,714.292,717.749,539176136,-2.8943017715134634
2024-06-26,719.84,730.155,713.472,729.644,474964559,1.6572645869238345
2024-06-27,725.52,725.52,715.357,715.357,360983011,-1.958078186074308
2024-06-28,713.363,723.202,710.755,712.077,436386570,-0.45851232321763025
2024-07-01,711.655,713.374,699.881,709.603,361606095,-0.34743433645518795
2024-07-02,709.155,709.155,698.703,699.123,333730508,-1.4768821439593571
2024-07-03,698.958,706.588,693.917,701.785,365157494,0.3807627556238202
2024-07-04,702.089,702.666,690.247,690.376,321460085,-1.6257115783323894
2024-07-05,688.529,699.811,684.306,698.849,330948143,1.2273022237157871
2024-07-08,700.024,701.511,691.305,692.488,406966969,-0.9102109325476615
2024-07-09,689.787,711.071,689.787,709.888,516251730,2.5126789200679234
2024-07-10,707.194,714.851,707.194,710.369,381961272,0.06775716732780879
2024-07-11,722.043,724.361,713.3,718.04,462914072,1.079861311515562
2024-07-12,713.312,720.28,711.205,718.37,376064941,0.04595844242660796
2024-07-15,716.475,718.61,713.115,715.864,355811573,-0.3488453025599636
2024-07-16,712.758,732.279,712.758,732.064,450173820,2.2629996759160775
2024-07-17,733.073,733.881,729.002,729.002,448698856,-0.4182694409232024
2024-07-18,721.765,737.07,719.174,735.41,524333046,0.8790099341291269
2024-07-19,731.409,750.656,731.409,749.471,579844364,1.9119946696400714
2024-07-22,749.316,754.927,748.101,752.001,480597561,0.3375714337179092
2024-07-23,750.129,750.129,721.097,721.108,428081633,-4.108106239220433
2024-07-24,720.47,724.386,712.503,713.321,373510287,-1.0798659840134839
2024-07-25,708.936,721.594,708.936,713.883,382218573,0.0787864089238921
2024-07-26,713.893,722.802,711.081,719.87,323530900,0.8386528324669351
2024-07-29,719.554,720.108,707.597,707.597,342202855,-1.704891160904054
2024-07-30,706.857,710.785,701.016,710.015,324773241,0.3417199338041188
2024-07-31,707.66,743.653,707.66,743.374,498492235,4.698351443279369
2024-08-01,745.964,746.088,735.792,738.871,427619129,-0.6057516135888563
2024-08-02,730.652,740.093,725.66,725.66,368161876,-1.7879981755949292
2024-08-05,719.156,727.919,704.296,704.296,455944896,-2.9440784940605647
2024-08-06,714.489,714.489,705.141,713.864,380670597,1.358519713302364
2024-08-07,712.736,714.125,707.336,707.588,272349975,-0.8791590555063844
2024-08-08,703.055,714.931,700.317,708.923,315469287,0.188669112534412
2024-08-09,717.138,717.138,705.546,705.546,292571529,-0.47635638849352624
2024-08-12,704.375,709.11,704.249,707.331,268666617,0.25299555238069704
2024-08-13,707.695,710.797,703.038,710.747,262761072,0.482942215172244
2024-08-14,711.664,711.664,700.93,700.93,244018595,-1.3812228542645966
2024-08-15,699.094,713.123,699.094,707.551,343648840,0.9446021714008657
2024-08-16,707.387,710.138,704.297,705.224,270107800,-0.3288808863248005
2024-08-19,705.039,711.756,703.233,703.322,273288747,-0.26970154163784565
2024-08-20,704.116,704.116,692.077,693.523,251764630,-1.3932451992117345
2024-08-21,691.134,697.64,691.134,691.636,227915781,-0.2720890294914624
2024-08-22,692.189,694.834,684.394,685.531,281461016,-0.8826897385329935
2024-08-23,683.587,687.398,676.72,685.759,250224373,0.033258889824105964
2024-08-26,684.773,687.284,679.891,682.499,264956970,-0.47538566755959133
2024-08-27,679.753,679.753,673.063,674.347,274112198,-1.1944339845186613
2024-08-28,672.967,673.622,669.707,671.22,242983203,-0.4637078536717687
2024-08-29,667.882,683.042,667.497,679.595,296257423,1.2477280176395267
2024-08-30,678.613,699.19,678.613,694.164,466204547,2.1437768082460895
2024-09-02,693.675,693.675,670.011,670.011,408179847,-3.47943713589296
2024-09-03,670.065,679.503,670.065,674.955,306555868,0.7378983330124544
2024-09-04,668.931,677.586,668.931,672.284,241035793,-0.3957300857094226
2024-09-05,672.995,678.662,670.302,671.265,242829293,-0.15157284718958497
2024-09-06,672.621,673.703,662.337,662.337,246938906,-1.3300261446671624
2024-09-09,659.502,663.66,652.965,654.939,249732704,-1.116954058130537
2024-09-10,656.036,661.085,649.506,660.014,249426507,0.7748813248256825
2024-09-11,657.386,665.555,657.386,664.332,292335092,0.6542285466671904
2024-09-12,666.218,670.13,658.854,658.854,300827653,-0.8245877061469176
2024-09-13,658.983,661.903,650.796,655.046,346360491,-0.5779732687363204
2024-09-18,654.511,654.511,642.336,647.409,299156433,-1.165872320417205
2024-09-19,649.726,656.405,644.793,651.466,347059592,0.6266517765431079
2024-09-20,651.821,653.843,643.096,648.36,286888778,-0.4767708522010361
2024-09-23,649.003,652.254,643.042,643.042,275770620,-0.8202233327163855
2024-09-24,648.13,667.218,640.742,667.049,511201020,3.7333486770692925
2024-09-25,673.181,684.092,667.104,667.338,522622288,0.04332515302474249
2024-09-26,667.548,693.309,664.476,693.149,536397129,3.8677551705432744
2024-09-27,704.522,741.855,704.522,740.016,500850183,6.761461099994359
2024-09-30,782.307,872.365,782.307,872.365,1637527856,17.88461330565827
2024-10-08,1045.047,1045.047,981.612,1023.967,2291390563,17.378276294899496
2024-10-09,993.781,1083.629,971.908,997.852,2367512512,-2.550375158574447
2024-10-10,1014.357,1014.357,954.172,954.172,1541633947,-4.377402660915641
2024-10-11,939.571,939.571,896.33,898.899,1057682433,-5.792771114641804
2024-10-14,904.144,926.307,875.696,925.955,1076626678,3.009904338529701
2024-10-15,920.986,937.736,898.827,898.827,931997092,-2.929732006414998
2024-10-16,874.275,891.507,873.796,875.689,733104696,-2.5742439868851275
2024-10-17,897.2,900.965,879.096,879.096,746998568,0.38906506762104165
2024-10-18,879.952,1008.314,879.627,978.661,1526347034,11.32583927125137
2024-10-21,999.535,1051.262,979.165,1000.375,1848234444,2.218745816988732
2024-10-22,988.701,993.387,973.358,985.834,1299285299,-1.4535549169061635
2024-10-23,976.249,1000.453,974.962,979.151,1261816218,-0.6779031763968324
2024-10-24,968.993,987.02,968.993,977.601,868664719,-0.15830040514690502
2024-10-25,981.406,1003.037,976.741,991.216,1157389543,1.3926949747391948
2024-10-28,988.434,988.735,978.237,986.56,907848156,-0.4697260738325548
2024-10-29,988.5,1005.062,975.372,975.372,1039213435,-1.1340415180019492
2024-10-30,967.841,972.701,950.65,958.822,962893541,-1.696788507359237
2024-10-31,960.682,977.865,948.412,969.448,1080036035,1.108234896570992
2024-11-01,960.211,965.435,939.765,939.765,867759933,-3.061845503833105
2024-11-04,938.191,954.667,938.191,954.667,622598493,1.5857155778306264
2024-11-05,954.141,997.675,954.141,996.169,1167570210,4.3472750184095466
2024-11-06,1002.063,1014.545,992.791,998.095,1265136478,0.19334068817640215
2024-11-07,986.502,1029.169,986.502,1028.439,1284113836,3.040191564931205
2024-11-08,1053.452,1063.752,1025.637,1025.637,1697143980,-0.2724517448288277
2024-11-11,1033.547,1074.369,1033.547,1073.835,1814167034,4.699323444844539
2024-11-12,1070.644,1080.119,1044.382,1050.537,1514569984,-2.1696070625375374
2024-11-13,1042.195,1062.323,1041.548,1061.366,1091457243,1.0308061496168142
2024-11-14,1056.21,1060.932,1027.111,1027.316,951590028,-3.2081299005244146
2024-11-15,1024.599,1027.121,986.876,986.876,968850259,-3.9364713486405356
2024-11-18,989.403,996.919,963.468,968.713,865925760,-1.8404541198691615
2024-11-19,973.997,999.295,961.582,998.015,758963630,3.024838109945871
2024-11-20,992.673,1007.064,988.323,1002.539,681479498,0.4532998001032018
2024-11-21,1002.975,1018.552,1002.975,1011.463,730221561,0.8901399347057692
2024-11-22,1011.644,1016.384,969.353,969.353,797046574,-4.16327636305035
2024-11-25,970.817,970.817,941.409,957.921,682298864,-1.1793433351936722
2024-11-26,955.579,967.011,951.046,951.593,516596889,-0.6605972726352216
2024-11-27,947.945,987.756,941.948,985.975,732682282,3.61309929770397
2024-11-28,985.787,1000.285,982.997,983.684,702852183,-0.23235883262761048
2024-11-29,980.427,1018.322,980.118,1007.391,880084499,2.4100219176076854
2024-12-02,1008.71,1020.793,1007.327,1015.787,882093802,0.8334400446301515
2024-12-03,1017.067,1017.067,998.27,1005.265,772046020,-1.0358470821146604
2024-12-04,1020.082,1020.922,996.319,999.358,885706863,-0.587606253077555
2024-12-05,993.168,1005.039,993.168,1001.844,590800606,0.24875970372979506
2024-12-06,1004.77,1022.479,996.259,1014.446,809886055,1.2578804684162392
2024-12-09,1012.875,1015.069,997.584,1003.382,674342315,-1.0906445488473637
2024-12-10,1051.528,1051.528,1009.567,1010.911,897720009,0.7503622747866645
2024-12-11,1007.547,1015.768,1004.238,1007.188,829932454,-0.3682816786047427
2024-12-12,1008.136,1011.35,999.919,1010.895,795871997,0.36805442479457273
2024-12-13,1003.994,1008.058,989.776,989.776,1493424530,-2.0891388324207782
2024-12-16,990.575,990.575,971.989,975.268,834927456,-1.4657861980892584
2024-12-17,974.045,978.059,966.121,967.276,540282605,-0.8194670593108855
2024-12-18,970.463,982.981,966.645,981.513,557128791,1.4718653207564492
2024-12-19,969.381,995.938,969.381,993.002,659808529,1.1705397687040264
2024-12-20,990.058,1020.798,990.058,1011.209,947624295,1.8335310502899382
2024-12-23,1011.193,1023.571,998.529,998.607,878762426,-1.246230996757347
2024-12-24,1002.505,1015.883,992.84,1014.017,676624072,1.543149607403116
2024-12-25,1018.57,1024.43,1009.951,1017.357,696305801,0.329383037956954
2024-12-26,1014.07,1030.172,1014.07,1027.023,725416393,0.9501089588020761
2024-12-27,1026.707,1040.785,1018.579,1018.579,845229294,-0.8221821711879795
2024-12-30,1014.781,1028.726,1013.532,1020.633,687428291,0.20165347999516747
2024-12-31,1020.522,1020.522,988.935,988.935,729141242,-3.1057196857244618
2025-01-02,986.822,986.822,946.654,955.333,746345556,-3.3977966195958276
2025-01-03,955.722,962.24,941.48,941.819,602927367,-1.4145852807345705
2025-01-06,943.756,945.069,933.232,938.707,494765389,-0.33042442337646305
2025-01-07,938.599,966.063,938.599,965.53,560780232,2.85744113978057
2025-01-08,956.711,973.311,938.859,965.119,617672416,-0.042567294646456144
2025-01-09,962.235,971.431,961.439,961.439,545885378,-0.38130012982855455
2025-01-10,962.222,977.261,950.592,950.592,653186020,-1.1282047014943175
2025-01-13,938.382,952.954,938.382,952.186,518265363,0.16768497946544336
2025-01-14,958.494,983.141,948.824,981.779,717669791,3.107901187373052
2025-01-15,976.13,987.74,975.121,977.661,657254631,-0.4194426647952443
2025-01-16,982.086,989.284,955.239,956.397,747426043,-2.1749870353834244
2025-01-17,949.843,976.42,948.6,965.903,664767047,0.993938709552622
2025-01-20,969.841,976.028,965.184,968.271,565571926,0.24515919300385214
2025-01-21,973.909,979.215,965.89,976.296,641570762,0.8287968967365611
2025-01-22,972.212,976.762,967.845,975.34,547772168,-0.09792112228258487
2025-01-23,987.265,992.953,966.106,966.106,662841822,-0.9467467754834202
2025-01-24,966.092,978.951,966.092,974.834,545581953,0.9034205356347913
2025-01-27,972.189,972.216,955.09,955.09,534105584,-2.0253704733318667
2025-02-05,989.119,989.119,978.411,982.829,787830014,2.9043336230093475
2025-02-06,977.019,1011.86,977.019,1011.22,901897926,2.8887019003305925
2025-02-07,1011.056,1035.086,1007.546,1018.799,1043693929,0.7494907141868179
2025-02-10,1023.02,1037.487,1022.524,1036.765,821804821,1.7634489236836748
2025-02-11,1034.955,1035.553,1020.605,1024.412,722229778,-1.1914946974483143
2025-02-12,1026.872,1041.229,1023.334,1041.137,817007254,1.6326438971819845
2025-02-13,1040.425,1040.425,1017.088,1017.088,706633808,-2.3098785270334266
2025-02-14,1012.612,1022.932,1011.899,1022.464,730172173,0.5285678328718957
2025-02-17,1030.859,1037.74,1029.231,1037.307,796916174,1.4516892526289293
2025-02-18,1034.63,1034.63,1007.256,1011.168,783746491,-2.5198904470904004
2025-02-19,1010.669,1035.063,1010.669,1034.571,960904689,2.3144521978543553
2025-02-20,1034.787,1040.587,1026.809,1033.085,831691895,-0.14363441465108373
2025-02-21,1042.401,1098.193,1040.222,1094.774,1263189168,5.971338273230176
2025-02-24,1093.03,1107.717,1093.03,1100.054,1007704669,0.48229132222725735
2025-02-25,1083.94,1115.513,1083.94,1102.901,992674442,0.2588054768220438
2025-02-26,1108.584,1128.726,1096.941,1126.82,1177727772,2.1687349997869143
2025-02-27,1127.247,1135.73,1102.731,1126.287,1059824213,-0.04730125485880032
2025-02-28,1118.521,1118.521,1077.134,1078.798,1100278172,-4.216420858981773
2025-03-03,1079.644,1085.724,1058.073,1062.351,896283915,-1.5245671571508135
2025-03-04,1052.468,1086.344,1052.468,1080.665,810914621,1.7239123415895286
2025-03-05,1081.097,1088.633,1072.594,1083.817,715338429,0.29167225736006497
2025-03-06,1100.442,1124.227,1100.442,1121.585,956305494,3.484721129120505
2025-03-07,1113.838,1120.408,1104.934,1107.623,807235865,-1.2448454642314255
2025-03-10,1107.31,1109.91,1088.652,1105.164,740080048,-0.2220069464068608
2025-03-11,1086.383,1100.742,1086.383,1100.742,688111474,-0.40012161091024234
2025-03-12,1107.957,1110.648,1092.708,1092.708,658625820,-0.7298713049924355
2025-03-13,1093.594,1093.594,1065.807,1069.703,723402721,-2.1053199939965794
2025-03-14,1070.796,1088.433,1070.285,1088.113,730353908,1.7210384564687597
2025-03-17,1089.998,1089.998,1080.939,1083.213,640170601,-0.450320876600141
2025-03-18,1087.345,1101.571,1087.345,1089.825,647930605,0.6104062635880592
2025-03-19,1084.902,1087.377,1075.9,1076.937,541079408,-1.1825751840892074
2025-03-20,1075.132,1075.394,1064.793,1064.793,509089878,-1.1276425640497134
2025-03-21,1063.331,1063.366,1038.314,1042.893,621512087,-2.056737788471552
2025-03-24,1042.33,1047.374,1030.392,1045.942,595845576,0.2923598106421288
2025-03-25,1045.849,1049.215,1028.955,1031.697,503432923,-1.3619302026307456
2025-03-26,1029.807,1038.47,1029.055,1029.055,422890173,-0.25608293907996016
2025-03-27,1028.695,1049.799,1026.91,1040.57,531008510,1.1189878092035865
2025-03-28,1037.756,1042.926,1029.476,1029.476,425316968,-1.0661464389709274
2025-03-31,1024.264,1027.709,1012.946,1022.714,510965440,-0.6568390132455804
2025-04-01,1027.961,1034.933,1023.739,1024.376,508244261,0.16250877566943434
2025-04-02,1021.821,1028.025,1020.724,1022.748,354801680,-0.1589260193522568
2025-04-03,1011.605,1030.559,1011.605,1018.072,463622367,-0.45719962297653405
2025-04-07,960.489,983.153,877.69,924.173,1168939792,-9.223218004227595
2025-04-08,932.237,950.779,923.767,940.091,894676893,1.722404787848153
2025-04-09,922.862,992.05,917.548,980.569,925387597,4.305753379194144
2025-04-10,1003.683,1006.162,985.806,991.224,698586429,1.0866139965673094
2025-04-11,990.831,1027.491,987.52,1011.709,756411666,2.066636804597133
2025-04-14,1018.258,1025.368,1006.268,1014.283,553808671,0.2544209846902623
2025-04-15,1011.671,1011.793,995.796,1006.34,410208546,-0.7831147717155873
2025-04-16,1016.755,1016.755,996.381,1014.509,461582074,0.8117534829182871
2025-04-17,1007.63,1023.948,1006.358,1016.812,374853289,0.2270063646552245
2025-04-18,1011.511,1012.934,1003.425,1008.597,300095971,-0.8079172944457813
2025-04-21,1012.813,1021.376,1008.561,1019.411,339410900,1.0721824474988484
2025-04-22,1018.42,1023.497,1012.595,1016.218,427546700,-0.3132200849313982
2025-04-23,1019.016,1022.656,1010.087,1012.648,405506800,-0.35130257484121685
2025-04-24,1012.335,1012.395,1000.465,1003.316,360620600,-0.9215443075975105
2025-04-25,1003.871,1011.589,997.978,1004.572,388692700,0.1251848869149974
2025-04-28,1004.048,1008.589,997.905,1002.832,357234800,-0.17320809260062964
2025-04-29,996.967,1005.706,994.218,1003.867,400422200,0.10320771574898746
2025-04-30,1000.651,1014.374,1000.651,1012.417,552138700,0.8517064511534
2025-05-06,1016.437,1027.022,1013.58,1026.521,539684100,1.393101854275458
2025-05-07,1044.173,1044.573,1021.791,1030.186,555616300,0.3570311761766254
2025-05-08,1024.966,1030.085,1022.493,1026.439,439933800,-0.36372072616011053
2025-05-09,1020.787,1020.787,1006.319,1006.319,455958800,-1.960174934896286
2025-05-12,1008.961,1016.727,1004.488,1011.231,512787100,0.48811559753916267
2025-05-13,1020.343,1021.531,1009.634,1009.682,585073400,-0.15317963946912538
2025-05-14,1014.095,1021.393,1006.512,1013.772,486794500,0.40507803447025204
2025-05-15,1011.574,1011.69,999.257,1000.969,380856400,-1.2629072414704678
2025-05-16,997.448,999.415,991.418,995.237,363515700,-0.572645106891434
2025-05-19,994.281,998.623,985.984,995.255,431333100,0.0018086144305318186
2025-05-20,995.752,1002.0,993.691,997.677,365994300,0.24335471813756726
2025-05-21,996.656,999.964,993.736,995.487,398585200,-0.21950992154775584
2025-05-22,994.079,1000.384,989.055,990.711,348305900,-0.4797651802585068
2025-05-23,989.711,997.018,980.578,980.578,396657000,-1.022800796599621
2025-05-26,982.065,985.472,978.142,982.261,332997100,0.17163346516033684
2025-05-27,982.019,983.429,972.673,972.92,346266500,-0.9509692434088279
2025-05-28,973.904,975.856,969.677,970.64,299887600,-0.23434609217612978
2025-05-29,972.257,986.447,970.692,986.302,358830400,1.6135745487513509
2025-05-30,981.346,981.346,974.114,977.027,349103400,-0.9403813436452468
2025-06-03,977.23,987.621,976.105,981.71,588520000,0.47931121657844855
2025-06-04,982.364,988.164,981.615,986.111,388337900,0.44829939595196766
2025-06-05,987.529,997.932,982.854,996.407,416000400,1.044101526095953
2025-06-06,995.315,995.704,989.155,991.642,369298600,-0.47821823812960185
2025-06-09,991.308,1002.401,989.527,997.612,428859600,0.6020317816308518
2025-06-10,1004.554,1004.777,978.787,982.904,579086400,-1.474320677778529
2025-06-11,982.598,990.137,980.293,980.933,431685600,-0.20052823063086977
2025-06-12,978.686,982.125,974.629,977.973,468891400,-0.30175353464507726
2025-06-13,971.695,978.42,966.872,972.941,909895100,-0.5145336323190808
2025-06-16,968.186,975.541,968.186,970.891,490835300,-0.21070136832552766
2025-06-17,971.535,972.199,960.64,963.083,444514100,-0.8042097413612836
2025-06-18,962.245,971.796,960.02,968.179,418841400,0.5291340414065981
2025-06-19,966.917,974.483,960.54,962.943,405625300,-0.5408090859231551
2025-06-20,963.783,967.981,956.871,957.872,437414200,-0.5266147632829843
2025-06-23,952.325,966.192,952.325,961.489,466469000,0.37760786409875013
2025-06-24,963.79,980.52,963.79,978.714,495520200,1.7914921543564333
2025-06-25,979.971,996.661,976.16,995.61,576087900,1.7263470227257383
2025-06-26,995.575,1005.895,989.972,989.972,525005600,-0.5662859955203325
2025-06-27,996.684,998.576,987.831,988.211,497366800,-0.17788381893628635
2025-06-30,992.297,1004.471,992.297,1003.414,573673900,1.538436629424278
2025-07-01,1002.085,1002.085,992.549,994.795,488084900,-0.8589674850061901
2025-07-02,992.383,992.473,981.22,982.636,595127400,-1.222261873049224
2025-07-03,984.338,987.094,980.814,984.949,461081000,0.23538726446008518
2025-07-04,984.528,997.406,976.829,984.802,530478700,-0.01492463061538718
2025-07-07,983.198,987.106,976.905,978.293,379110700,-0.660945042759864
2025-07-08,978.905,993.186,977.6,991.948,615751700,1.3957986002148592
2025-07-09,991.342,993.611,981.501,983.111,470230800,-0.8908733119074808
2025-07-10,981.735,986.309,978.893,979.989,543718100,-0.3175633270302125
2025-07-11,980.375,1000.035,979.176,994.448,600255700,1.4754247241550722
2025-07-14,995.288,998.969,992.389,992.389,457645500,-0.20704953904074896
2025-07-15,990.731,998.084,986.499,996.246,516786900,0.38865807662116225
2025-07-16,996.332,1008.467,994.38,997.63,426207800,0.13892151135361797
2025-07-17,997.712,1005.665,992.556,1005.648,535346500,0.803704780329384
2025-07-18,1008.133,1013.121,1003.089,1007.525,497635100,0.18664582438387978
2025-07-21,1007.585,1010.345,1005.031,1007.894,580870500,0.036624401379614646
2025-07-22,1007.513,1019.03,1005.838,1016.265,697700700,0.8305436881259398
2025-07-23,1016.581,1030.545,1014.845,1020.855,705393200,0.4516538501276868
2025-07-24,1019.72,1032.838,1019.309,1032.838,721447800,1.1738199842288966
2025-07-25,1032.448,1059.734,1028.789,1054.196,743388800,2.0678944810318622
2025-07-28,1054.906,1059.05,1048.548,1055.109,631929800,0.08660628573813334
2025-07-29,1053.118,1071.437,1051.553,1070.448,691330600,1.4537834479660505
2025-07-30,1065.939,1073.816,1051.108,1058.572,683250800,-1.109442028010721
2025-07-31,1057.32,1070.759,1045.451,1047.87,836001800,-1.0109846094550012
2025-08-01,1047.375,1056.418,1029.53,1036.775,626311300,-1.0588145476060795
2025-08-04,1034.127,1049.459,1033.854,1049.406,592839200,1.2182971232909567
2025-08-05,1048.714,1054.107,1046.528,1053.646,548712600,0.404038093931236
2025-08-06,1051.872,1060.402,1049.598,1059.761,607042900,0.5803657015734043
2025-08-07,1059.845,1069.044,1053.731,1058.205,618381800,-0.1468255578380484
2025-08-08,1052.461,1052.736,1042.839,1043.537,679274200,-1.3861208366998778
2025-08-11,1043.227,1053.695,1043.077,1049.73,634311100,0.5934624263442378
2025-08-12,1048.207,1077.876,1044.326,1069.809,774462600,1.9127775713754902
2025-08-13,1069.522,1079.139,1067.501,1077.698,749692800,0.7374213527835405
2025-08-14,1079.224,1109.854,1079.224,1085.736,963996000,0.7458490226389891
2025-08-15,1079.161,1104.5,1076.997,1101.293,952712800,1.4328529218889052
2025-08-18,1114.32,1138.421,1105.584,1124.822,1260547700,2.136488654699531
2025-08-19,1122.639,1133.629,1111.66,1112.266,842576900,-1.1162655068979621
2025-08-20,1109.701,1148.736,1105.274,1148.147,1000487200,3.2259369611225885
2025-08-21,1150.98,1173.278,1143.162,1149.151,981130200,0.08744524873558479
2025-08-22,1162.291,1248.067,1162.291,1247.862,1624784100,8.589906809461944
2025-08-25,1282.054,1320.715,1252.844,1287.734,1883804500,3.1952251130333176
2025-08-26,1266.586,1284.073,1257.444,1270.871,1137635600,-1.3095095726291195
2025-08-27,1285.444,1332.816,1272.555,1272.556,1611894800,0.13258623416538828
2025-08-28,1280.237,1365.918,1275.499,1364.605,1900940100,7.233394836848039
2025-08-29,1335.647,1346.761,1314.742,1341.311,1561683000,-1.707014117638439
2025-09-01,1348.533,1366.921,1322.801,1357.148,1543817900,1.1807105138182061
2025-09-02,1353.944,1364.195,1314.116,1328.279,1339363800,-2.1271814127862165
2025-09-03,1318.506,1325.75,1296.709,1306.479,1093792300,-1.6412214602504416
2025-09-04,1301.976,1304.052,1210.867,1226.985,1529605300,-6.084598374715567
2025-09-05,1232.214,1275.1,1220.783,1268.552,1365915700,3.387734976385204
2025-09-08,1266.475,1280.819,1253.73,1275.868,1295355100,0.5767205443687029
2025-09-09,1250.962,1271.964,1239.938,1245.528,1120618700,-2.3779889455648906
2025-09-10,1253.504,1272.915,1246.263,1259.096,989643700,1.0893372128125467
2025-09-11,1254.19,1332.759,1244.139,1326.033,1354350400,5.316274533474807
2025-09-12,1324.844,1360.066,1323.447,1338.018,1369601100,0.9038236604971495
2025-09-15,1362.851,1366.46,1332.426,1340.397,1424889500,0.1778002986506877
2025-09-16,1347.196,1370.286,1347.196,1358.047,1158610900,1.3167740602224587
2025-09-17,1351.637,1378.873,1338.953,1370.43,1256012000,0.9118241121257142
2025-09-18,1385.503,1433.574,1351.137,1380.351,1742902500,0.7239333639806445
2025-09-19,1388.859,1400.694,1359.286,1362.649,1213906200,-1.2824274405567992
2025-09-22,1361.255,1422.741,1353.715,1408.645,1265197300,3.3754840755029436
2025-09-23,1406.607,1419.284,1364.441,1407.302,1518367400,-0.09533984786799232
2025-09-24,1395.374,1479.704,1394.685,1456.469,1978034100,3.493706397063323
2025-09-25,1449.655,1486.43,1448.686,1474.487,1654722000,1.2371015105711258
2025-09-26,1461.953,1485.876,1448.961,1450.824,1725102900,-1.604829340645253
2025-09-29,1448.545,1470.414,1424.841,1470.414,1541410700,1.350267158525087
2025-09-30,1488.293,1505.907,1478.423,1495.288,1473150600,1.6916324246096792
2025-10-09,1526.918,1588.833,1522.786,1539.081,2214971600,2.9287334613800065
2025-10-10,1511.164,1512.339,1444.985,1452.675,1797651300,-5.614129470768592
2025-10-13,1409.684,1476.13,1409.684,1473.017,1677396600,1.4003132152752729
2025-10-14,1488.048,1489.168,1399.967,1410.3,1846890800,-4.2577241131636745
2025-10-15,1409.527,1430.28,1390.989,1429.997,1288930800,1.3966531943558236
2025-10-16,1419.553,1444.231,1409.7,1416.575,1089813700,-0.9386033676993755
2025-10-17,1411.74,1415.658,1360.449,1363.168,1167923100,-3.770149833224512
2025-10-20,1390.71,1397.733,1358.686,1367.899,936950300,0.3470592032676745
2025-10-21,1374.983,1410.071,1368.006,1406.318,951331300,2.808613793854664
2025-10-22,1392.588,1424.232,1380.976,1405.407,816675700,-0.06477908979335423
2025-10-23,1396.091,1403.94,1375.746,1401.256,777447300,-0.295359280265417
2025-10-24,1421.209,1466.85,1416.462,1462.222,1081786200,4.35081098671477
2025-10-27,1489.663,1491.107,1457.649,1484.206,1320700300,1.5034652740828713
2025-10-28,1470.484,1496.064,1463.463,1471.731,1085480600,-0.8405167476751796
2025-10-29,1466.439,1495.381,1465.311,1489.123,1266585900,1.1817376952717673
2025-10-30,1485.937,1494.402,1461.3,1461.3,1358141800,-1.8684151678538319
2025-10-31,1451.057,1452.239,1415.525,1415.525,1407525200,-3.132484773831512
2025-11-03,1403.456,1406.009,1372.254,1400.859,1343344200,-1.0360820190388864
2025-11-04,1406.864,1415.734,1378.642,1387.239,1078230200,-0.9722605915370441
2025-11-05,1355.722,1398.368,1355.722,1390.395,1180566100,0.2275022544781402
2025-11-06,1405.154,1442.812,1403.073,1436.858,1370438500,3.3417122472390925
2025-11-07,1420.229,1434.387,1414.468,1415.686,1319918500,-1.4734928573317596
2025-11-10,1422.322,1431.766,1389.774,1407.558,1344762300,-0.5741386154839323
2025-11-11,1416.858,1423.679,1385.067,1387.534,1175212700,-1.4226056759295114
2025-11-12,1377.147,1388.508,1362.378,1379.452,1272404100,-0.5824722132935167
2025-11-13,1376.369,1404.629,1373.493,1399.292,1211163000,1.4382522914896612
2025-11-14,1379.437,1390.62,1361.232,1361.232,1152590000,-2.7199469445976954
2025-11-17,1363.478,1377.547,1344.908,1354.038,1130595500,-0.5284918368066549
2025-11-18,1350.507,1374.032,1348.1,1357.926,1153598500,0.28714112897865185
2025-11-19,1355.131,1363.855,1338.451,1344.796,900613000,-0.9669157229480807
2025-11-20,1362.852,1364.482,1327.294,1328.186,774703900,-1.235131573859538
2025-11-21,1300.479,1311.324,1282.454,1285.83,1007064900,-3.189011177651324
2025-11-24,1295.88,1306.044,1273.492,1296.602,881365300,0.83774682500799
2025-11-25,1309.674,1323.205,1298.854,1302.167,827302300,0.4291987826642085
2025-11-26,1296.455,1327.536,1293.185,1315.041,781582700,0.9886596726840668
2025-11-27,1325.849,1351.436,1308.847,1310.701,803048900,-0.33002773297562404
2025-11-28,1307.962,1329.327,1303.199,1327.149,882469200,1.2549010033562125
2025-12-01,1329.422,1341.95,1310.424,1336.756,1119198600,0.7238825482293487
2025-12-02,1334.002,1335.746,1315.464,1320.156,762146400,-1.2418122679082932
2025-12-03,1317.582,1324.706,1303.338,1308.367,702705800,-0.8930005241804762
2025-12-04,1303.993,1326.226,1294.758,1326.165,677877100,1.3603216834420229
2025-12-05,1319.723,1330.586,1303.716,1326.101,709168600,-0.004825945489428385
2025-12-08,1325.97,1360.711,1325.738,1350.795,831105000,1.862150771321347
2025-12-09,1338.845,1358.899,1337.318,1347.105,705705700,-0.27317246510388804
2025-12-10,1337.524,1350.653,1317.711,1346.703,827364000,-0.029841771799532513
2025-12-11,1349.669,1350.867,1325.831,1325.831,812499600,-1.5498591745915835
2025-12-12,1324.3,1351.558,1314.011,1348.881,1218971100,1.7385322865433261
2025-12-15,1333.361,1343.781,1318.53,1318.906,847012000,-2.222212337485674
2025-12-16,1313.526,1317.154,1286.252,1293.382,733072600,-1.9352402673124436
2025-12-17,1294.697,1327.761,1289.235,1325.335,773892100,2.470499821398464
2025-12-18,1314.665,1323.676,1305.966,1305.966,627046500,-1.4614418241425842
2025-12-19,1314.75,1323.86,1306.796,1308.589,643658500,0.200847495264056
2025-12-22,1314.066,1338.145,1314.066,1335.245,801867000,2.037003214913158
2025-12-23,1333.539,1348.538,1331.385,1340.015,762758600,0.3572378102895124
2025-12-24,1342.128,1352.743,1332.916,1352.126,733909000,0.903795853031486
2025-12-25,1347.784,1356.604,1339.966,1349.058,726230500,-0.2269019307372222
2025-12-26,1346.109,1356.108,1339.141,1345.827,852160100,-0.2395004514261112
2025-12-29,1345.98,1364.272,1341.942,1346.319,1039029700,0.03655744757684598
2025-12-30,1346.132,1367.007,1346.029,1359.873,794150500,1.0067450581920045
2025-12-31,1367.166,1368.48,1342.683,1344.2,730691500,-1.1525340969340547
2026-01-05,1360.897,1403.535,1360.897,1403.414,1034546600,4.405148043445917
2026-01-06,1401.789,1442.104,1400.405,1429.302,1182033200,1.8446445596238759
2026-01-07,1442.507,1452.045,1427.98,1443.388,1233854800,0.9855160071139624
2026-01-08,1441.186,1483.231,1441.186,1455.173,1348228800,0.8164817775955013
2026-01-09,1442.224,1477.239,1437.577,1475.968,1330640500,1.4290397086806905
2026-01-12,1490.499,1515.107,1478.847,1511.836,1567591900,2.430133986644689
2026-01-13,1508.183,1511.653,1460.409,1469.57,1523474700,-2.7956736048089903
2026-01-14,1479.295,1532.578,1479.295,1500.911,1777974500,2.1326646570085206
2026-01-15,1491.232,1504.844,1468.024,1493.945,1408817300,-0.46411812559172816
2026-01-16,1509.7,1528.783,1495.679,1514.068,1676577600,1.3469706046742136
2026-01-19,1513.59,1525.122,1502.725,1506.857,1287625700,-0.47626658776224184
2026-01-20,1508.367,1525.809,1473.194,1482.994,1403065800,-1.5836273780458265
2026-01-21,1482.658,1546.049,1482.658,1535.393,1444741400,3.533325151686384
2026-01-22,1563.38,1574.966,1530.245,1541.638,1521219400,0.40673625579898953
2026-01-23,1530.285,1553.707,1523.501,1553.707,2124468700,0.782868611178511
2026-01-26,1556.568,1575.452,1529.316,1532.796,2123161200,-1.345877955109942
2026-01-27,1530.07,1562.579,1507.406,1555.978,1978728100,1.5123995626293407
2026-01-28,1566.188,1569.435,1535.905,1554.804,1554361000,-0.07545093825234161
2026-01-29,1550.989,1560.645,1507.299,1507.64,1640834400,-3.033437011996365
2026-01-30,1501.512,1522.329,1465.324,1509.402,1486558300,0.1168714016608785
2026-02-02,1492.811,1508.543,1450.098,1450.898,1315396700,-3.8759720737086667
2026-02-03,1475.568,1478.051,1430.004,1471.069,1389145900,1.390242456740598
2026-02-04,1452.976,1455.124,1432.597,1453.476,1563905000,-1.1959330255752687
2026-02-05,1423.662,1441.163,1416.265,1432.522,1519927800,-1.4416474713032867
2026-02-06,1415.047,1440.808,1405.874,1422.406,1303509900,-0.7061671653210255
2026-02-09,1453.54,1458.927,1441.897,1458.163,1574783900,2.5138392273373444
2026-02-10,1463.348,1485.966,1463.348,1471.498,1177039100,0.9145068143959323
2026-02-11,1461.999,1467.281,1453.006,1455.114,897850900,-1.1134231918765836
2026-02-12,1463.609,1481.979,1454.628,1480.995,1001520900,1.77862353052749
