date,open,high,low,close,volume,pct_change
2014-10-17,6118.979,6140.119,5943.592,6058.668,9712586400,
2014-10-20,6068.776,6154.685,6068.517,6154.52,7902498400,1.582063912397924
2014-10-21,6153.02,6176.069,6097.366,6103.008,7954840800,-0.8369783508705875
2014-10-22,6102.464,6131.886,6024.404,6027.51,7355880000,-1.2370621175656238
2014-10-23,6009.84,6032.613,5899.89,5930.483,7429696000,-1.6097360269829553
2014-10-24,5930.571,5980.336,5917.556,5941.926,5943126000,0.1929522435187847
2014-10-27,5927.149,6007.159,5899.772,6006.838,6164242400,1.0924403972718544
2014-10-28,6021.653,6163.672,6021.638,6163.672,8458316000,2.610924416473348
2014-10-29,6179.458,6269.957,6179.16,6246.699,11142717600,1.3470379345299266
2014-10-30,6248.47,6284.7,6222.814,6241.588,10395894400,-0.08181921363586975
2014-10-31,6242.84,6261.706,6158.802,6208.61,9256130400,-0.5283591291190604
2014-11-03,6217.097,6276.232,6216.876,6275.993,9173112800,1.0853153926563497
2014-11-04,6274.997,6280.834,6207.398,6231.816,8906783200,-0.7039045454639736
2014-11-05,6222.944,6241.068,6188.344,6227.245,7808875200,-0.07334940569490023
2014-11-06,6223.078,6289.828,6201.274,6289.192,7680781600,0.9947737723503769
2014-11-07,6297.351,6319.085,6204.807,6228.167,9171222400,-0.9703154236665013
2014-11-10,6236.195,6247.719,6196.991,6246.612,7710688000,0.296154550769101
2014-11-11,6252.391,6253.217,5973.742,6023.004,10183034400,-3.5796684666824174
2014-11-12,6005.863,6120.249,5992.895,6120.058,6637915200,1.6113886027636637
2014-11-13,6116.978,6117.105,5986.999,6023.782,8313601600,-1.5731223462261301
2014-11-14,6002.051,6024.372,5965.807,6009.446,6106637600,-0.23799002022317772
2014-11-17,6016.541,6118.006,5992.797,6100.833,6486996800,1.520722542477282
2014-11-18,6095.869,6139.763,6094.605,6139.522,6380190800,0.6341593025083636
2014-11-19,6134.374,6206.815,6134.054,6193.562,7149502400,0.8801988167808528
2014-11-20,6174.89,6189.443,6158.344,6185.919,6504845600,-0.1234023329386269
2014-11-21,6183.472,6240.784,6183.335,6240.774,7143662400,0.8867720382371713
2014-11-24,6281.558,6304.448,6253.737,6293.023,9636399200,0.8372198704840184
2014-11-25,6295.683,6392.799,6290.373,6392.442,10162903200,1.5798289629642248
2014-11-26,6400.587,6435.335,6381.889,6435.14,10840820000,0.6679450513590979
2014-11-27,6450.506,6472.788,6420.725,6472.587,11363669600,0.5819143017867567
2014-11-28,6476.57,6499.2,6419.198,6478.108,11821694400,0.08529819684153228
2014-12-01,6477.995,6477.995,6360.929,6392.464,10627638400,-1.3220526734040283
2014-12-02,6385.949,6466.689,6382.65,6457.556,9759043200,1.0182615029196818
2014-12-03,6465.46,6514.307,6393.726,6513.957,13192296800,0.873410931318297
2014-12-04,6517.677,6608.226,6515.225,6605.322,13502196800,1.4026036708562728
2014-12-05,6612.186,6612.186,6294.194,6462.089,14961028800,-2.168448411750401
2014-12-08,6445.512,6494.321,6390.902,6457.511,12904352800,-0.07084396392559311
2014-12-09,6435.574,6435.675,6153.779,6161.367,15810198400,-4.5860394198322
2014-12-10,6137.272,6367.07,6111.762,6366.81,10295152800,3.334373686878256
2014-12-11,6361.339,6463.716,6335.855,6463.316,11161980800,1.515766922524775
2014-12-12,6469.268,6549.42,6455.974,6545.19,10446072000,1.2667491423906885
2014-12-15,6528.867,6664.252,6510.357,6658.145,11447153600,1.725771138805765
2014-12-16,6663.473,6678.409,6590.841,6635.255,10686379200,-0.3437894488630189
2014-12-17,6613.966,6613.966,6494.305,6551.119,11048224000,-1.2680145676390753
2014-12-18,6538.885,6581.062,6529.341,6540.881,8866739200,-0.15627864491546406
2014-12-19,6524.554,6524.759,6346.303,6438.042,10038936800,-1.5722499767233167
2014-12-22,6406.507,6406.552,6097.914,6120.582,11679419200,-4.931002314057597
2014-12-23,6087.268,6153.647,6012.568,6023.366,7418941600,-1.5883456834660525
2014-12-24,6045.09,6155.291,6045.09,6154.878,6849392800,2.1833639197750943
2014-12-25,6166.467,6222.655,6159.037,6222.506,6834942400,1.0987707636122224
2014-12-26,6218.913,6233.964,6196.217,6233.936,7820916800,0.1836880510842409
2014-12-29,6222.939,6222.939,6068.545,6098.979,9193861600,-2.1648762515367403
2014-12-30,6083.956,6088.871,5967.82,5982.636,7947724800,-1.9075815804579732
2014-12-31,5981.124,6027.52,5945.722,6027.52,7059781600,0.7502378550190869
2015-01-05,6025.747,6052.442,5948.272,6049.787,9480519200,0.36942224994691575
2015-01-06,6021.449,6172.644,5986.401,6172.392,9399203200,2.0266002753485335
2015-01-07,6161.482,6171.146,6118.14,6166.769,8062012800,-0.09109920432791574
2015-01-08,6161.553,6211.46,6126.966,6164.111,8131564800,-0.04310198744269522
2015-01-09,6148.109,6214.288,6128.012,6128.012,7326784000,-0.5856318940395511
2015-01-12,6098.815,6102.437,6033.711,6062.283,6608878800,-1.0725990745448777
2015-01-13,6059.381,6167.353,6058.596,6167.117,6071431200,1.729282516174191
2015-01-14,6167.746,6170.906,6114.237,6139.29,5869060800,-0.45121569770769643
2015-01-15,6136.556,6177.052,6136.1,6168.658,5469730400,0.4783615043433498
2015-01-16,6172.959,6252.143,6169.052,6252.075,6855902400,1.3522714340785225
2015-01-19,6133.545,6296.612,6033.878,6109.285,9341697600,-2.2838817512585763
2015-01-20,6135.607,6336.711,6135.607,6336.631,8683555200,3.721319270585677
2015-01-21,6358.017,6465.832,6357.682,6465.733,10380960000,2.0373917938412367
2015-01-22,6472.166,6569.902,6466.646,6568.636,10366393600,1.5915132901405116
2015-01-23,6576.98,6577.377,6481.212,6502.067,10447511200,-1.0134371884817583
2015-01-26,6508.733,6642.719,6508.087,6642.612,9817861600,2.161543398430066
2015-01-27,6652.205,6694.818,6582.438,6693.806,10977496800,0.7706908065682416
2015-01-28,6680.081,6725.665,6649.187,6666.264,9399427200,-0.41145500780870314
2015-01-29,6620.23,6661.728,6594.445,6625.005,7668146400,-0.6189223829119239
2015-01-30,6629.278,6655.605,6546.138,6546.597,8217629600,-1.1835160879123952
2015-02-02,6485.155,6567.402,6449.567,6535.903,6826962400,-0.16335204381756618
2015-02-03,6547.753,6661.892,6547.621,6654.549,7622086400,1.8152962184414312
2015-02-04,6665.879,6692.315,6645.191,6653.338,7943750400,-0.01819807773599802
2015-02-05,6685.76,6729.51,6649.217,6654.082,9040683200,0.01118235688613023
2015-02-06,6637.537,6658.952,6503.594,6526.949,7927086400,-1.910601642720977
2015-02-09,6508.376,6541.719,6458.177,6474.817,5760236800,-0.7987192790996134
2015-02-10,6468.519,6556.067,6458.43,6555.818,5110833600,1.2510160518822477
2015-02-11,6563.873,6645.978,6563.734,6645.51,6097063200,1.3681282793390537
2015-02-12,6652.564,6707.653,6652.473,6703.815,6754187200,0.8773592997377122
2015-02-13,6732.302,6824.594,6731.719,6815.848,8705156800,1.6711827519106714
2015-02-16,6831.259,6965.463,6831.085,6965.301,8751565600,2.192727889471713
2015-02-17,6987.392,7020.201,6948.218,7020.053,8290924800,0.7860679674862592
2015-02-25,7037.96,7060.066,6984.165,7004.665,8444718400,-0.2192006242687894
2015-02-26,7001.178,7045.527,6967.939,7045.268,9036487200,0.5796565574513579
2015-02-27,7045.792,7142.26,7042.144,7141.888,10004133600,1.3714169567431655
2015-03-02,7187.527,7317.873,7172.745,7317.677,13074560000,2.461379960032972
2015-03-03,7306.437,7386.821,7272.462,7282.108,14115728000,-0.4860695545867877
2015-03-04,7277.542,7411.267,7277.542,7411.034,12037211200,1.7704488865037282
2015-03-05,7417.531,7451.24,7375.111,7450.906,12569136000,0.5380085963712977
2015-03-06,7454.922,7467.427,7330.45,7338.404,11432283200,-1.5099103384205836
2015-03-09,7314.931,7450.816,7284.734,7450.816,10041077600,1.5318317170872398
2015-03-10,7460.611,7577.374,7458.682,7566.481,10914912000,1.5523803030433214
2015-03-11,7573.262,7573.745,7538.486,7566.312,10946719200,-0.0022335349814550653
2015-03-12,7566.489,7592.534,7455.081,7514.445,11002433600,-0.6854990912349423
2015-03-13,7530.209,7649.757,7530.209,7649.345,9765895200,1.7952090939517218
2015-03-16,7707.401,7903.623,7706.947,7903.363,14432553600,3.3207810603391508
2015-03-17,7946.126,8031.466,7896.748,7993.243,17120049600,1.1372374013442155
2015-03-18,7992.921,8150.963,7968.122,8150.951,16470760000,1.9730164590266996
2015-03-19,8149.478,8217.376,8103.787,8216.624,16808956800,0.8057096650439854
2015-03-20,8216.303,8336.827,8213.724,8318.829,15379254400,1.2438806984474304
2015-03-23,8360.92,8560.765,8360.92,8560.441,17837585600,2.9043991648343814
2015-03-24,8593.783,8665.249,8319.356,8655.38,21137980800,1.1090433308283743
2015-03-25,8662.766,8834.245,8604.238,8784.909,18216331200,1.496514306708674
2015-03-26,8730.364,8786.737,8523.364,8611.864,17218214400,-1.9697984350207864
2015-03-27,8586.403,8715.285,8578.526,8710.291,13191347200,1.142923297441767
2015-03-30,8721.209,8758.753,8663.827,8719.22,15608990400,0.10251092644322224
2015-03-31,8734.951,8859.415,8676.628,8780.739,15664822400,0.7055562309472574
2015-04-01,8785.125,9015.015,8782.129,9008.201,14979398400,2.5904653355486307
2015-04-02,9061.497,9238.352,9061.497,9238.053,17843017600,2.551586049201182
2015-04-03,9204.84,9422.843,9159.571,9419.201,17610633600,1.9608893778808145
2015-04-07,9457.735,9600.831,9457.653,9600.722,18085603200,1.9271379812364264
2015-04-08,9625.208,9628.226,9264.544,9455.59,18749150400,-1.5116779758855614
2015-04-09,9446.683,9446.683,8988.708,9369.657,17409697600,-0.9088063251473599
2015-04-10,9325.424,9621.503,9276.954,9600.401,14730177600,2.462672859849624
2015-04-13,9652.531,9838.876,9616.395,9813.596,17113800000,2.220688489991196
2015-04-14,9830.531,9926.394,9741.701,9830.062,17541208000,0.16778762851048512
2015-04-15,9800.64,9800.64,9434.623,9441.192,15766755200,-3.9559262189801103
2015-04-16,9319.961,9654.155,9209.41,9541.766,13521184000,1.0652680297148942
2015-04-17,9612.733,9663.935,9526.087,9567.695,16182315200,0.27174214919962747
2015-04-20,9541.259,9591.215,9317.303,9353.612,17543966400,-2.237560875425071
2015-04-21,9364.308,9716.608,9362.868,9716.349,15181822400,3.8780419799324672
2015-04-22,9798.163,9995.598,9798.163,9995.262,18096548800,2.87055353816541
2015-04-23,10035.43,10157.04,9977.372,10105.27,18855728000,1.1006014649741047
2015-04-24,9990.335,10153.96,9909.479,10123.91,17419427200,0.1844582084397528
2015-04-27,10202.03,10297.1,10093.25,10174.9,17248884800,0.5036591593564177
2015-04-28,10184.26,10184.26,9744.378,9847.893,16926606400,-3.2138595956716975
2015-04-29,9817.446,10111.91,9792.637,10107.4,13462344000,2.6351525143500254
2015-04-30,10156.36,10298.49,10155.19,10180.49,14074512000,0.7231335457189791
2015-05-04,10206.21,10281.71,10085.33,10270.13,13215675200,0.8805077162297614
2015-05-05,10273.57,10286.56,9950.573,10007.27,14857816000,-2.559461272642105
2015-05-06,10032.05,10264.64,9913.609,9973.991,13319897600,-0.33254823743139594
2015-05-07,9934.935,9989.861,9789.184,9806.508,11342813600,-1.679197424581591
2015-05-08,9913.854,10274.58,9913.854,10274.38,12780709600,4.77103572443931
2015-05-11,10424.97,10772.06,10386.63,10771.62,16040961600,4.839610759968016
2015-05-12,10871.48,11051.87,10782.2,11051.43,17809291200,2.597659404991992
2015-05-13,10969.33,11259.27,10834.98,11137.3,17698054400,0.7770035190016067
2015-05-14,11158.42,11272.84,11093.57,11211.1,16981518400,0.6626381618525246
2015-05-15,11165.97,11316.89,11000.63,11217.93,16038270400,0.06092176503642577
2015-05-18,11234.72,11557.17,11222.2,11542.28,15285585600,2.8913533958582427
2015-05-19,11624.3,11837.65,11525.34,11831.36,16296310400,2.504531167152413
2015-05-20,11912.38,12321.41,11909.24,12132.37,19811521600,2.54417074622022
2015-05-21,12214.48,12586.64,12213.73,12586.05,19195612800,3.7394177724549893
2015-05-22,12782.05,12848.23,12386.94,12687.29,22874699200,0.8043826299752643
2015-05-25,12513.18,12894.44,12408.1,12877.87,22281299200,1.5021332372791907
2015-05-26,12962.67,13402.18,12960.29,13401.31,22803457600,4.06464733686549
2015-05-27,13484.77,13642.14,13174.12,13582.55,23041222400,1.3524051006953863
2015-05-28,13610.78,13806.21,12816.46,12818.99,25665592000,-5.621624805356873
2015-05-29,12775.09,13250.95,12237.6,13027.21,21002555200,1.6243089354153417
2015-06-01,13146.12,13691.6,13146.07,13691.17,18801438400,5.096716795077394
2015-06-02,13805.72,14277.33,13763.64,14276.32,21223550400,4.273922535473584
2015-06-03,14381.02,14461.29,13928.16,14356.6,21656032000,0.5623297880686495
2015-06-04,14366.78,14424.36,13459.88,14308.65,20307708800,-0.3339927280832544
2015-06-05,14513.11,14656.25,14174.18,14465.75,22874588800,1.0979372617263117
2015-06-08,14445.11,14445.11,13967.37,14099.73,21378219200,-2.5302524929575076
2015-06-09,14018.54,14217.84,13899.36,14106.23,16987537600,0.04610017354942375
2015-06-10,14047.11,14596.06,13918.59,14461.81,17912358400,2.52073020218726
2015-06-11,14486.94,14769.59,14478.84,14768.88,18550515200,2.1233165143228927
2015-06-12,14844.62,15086.44,14825.28,15006.34,20535094400,1.607840269539751
2015-06-15,15050.58,15076.49,14675.21,14707.78,22276396800,-1.9895590796956464
2015-06-16,14514.85,14514.85,13981.68,14102.22,19258966400,-4.117276706613793
2015-06-17,14061.98,14446.51,13603.85,14407.31,18035931200,2.1634182419505654
2015-06-18,14392.32,14499.87,13894.26,13934.21,16969619200,-3.2837497076137034
2015-06-19,13564.22,13688.94,12999.07,13024.72,15020172800,-6.527029519434546
2015-06-23,12955.75,13131.65,12168.35,13047.02,15652884800,0.17121289363610792
2015-06-24,13176.06,13382.76,12935.57,13313.79,16515632000,2.044681467492193
2015-06-25,13357.21,13361.77,12585.36,12760.48,17286382400,-4.155916534660687
2015-06-26,12309.8,12311.04,11710.78,11730.75,14740321600,-8.069680764359955
2015-06-29,11923.42,11933.72,10787.16,10906.04,18227384000,-7.030326279223398
2015-06-30,10543.23,11389.19,10110.66,11381.47,21688094400,4.359327491921894
2015-07-01,11264.87,11641.03,10685.37,10734.01,19036148800,-5.688720349831778
2015-07-02,10626.73,10696.42,9959.56,10002.36,16921731200,-6.816185190809398
2015-07-03,9545.27,10055.57,9282.592,9358.732,16450766400,-6.434761396310473
2015-07-06,9943.956,9943.956,8755.035,8858.912,20266118400,-5.3406807674373
2015-07-07,8517.291,8528.495,8352.938,8356.126,7838327200,-5.675482497173467
2015-07-08,8057.109,8128.539,8056.458,8114.604,7850768000,-2.890358522597669
2015-07-09,7951.431,8349.732,7951.431,8348.875,13413590400,2.8870293608905584
2015-07-10,8488.349,8621.386,8478.257,8620.272,8226998400,3.2507014418110325
2015-07-13,8930.792,9034.352,8879.572,9032.556,13273756800,4.782726113514735
2015-07-14,9311.511,9501.082,9236.839,9338.169,18654009600,3.383460894125645
2015-07-15,9424.223,9424.223,8918.929,8942.905,21409852800,-4.232778395850401
2015-07-16,8615.931,9241.729,8470.126,9041.229,20267448000,1.099463764850439
2015-07-17,9087.156,9588.172,9078.858,9541.259,18798280000,5.530553423655138
2015-07-20,9657.624,9940.922,9579.164,9839.917,23039609600,3.1301739110111138
2015-07-21,9762.603,10139.15,9652.933,10062.89,20816137600,2.266004886016826
2015-07-22,10082.96,10270.11,9923.162,10228.86,22086115200,1.6493273801065245
2015-07-23,10251.56,10585.68,10197.66,10553.22,23520744000,3.1710278564766714
2015-07-24,10579.16,10782.59,10351.93,10449.75,25880692800,-0.9804590447275774
2015-07-27,10235.63,10556.48,9716.968,9719.551,22717969600,-6.98771740950741
2015-07-28,9125.958,9769.622,9036.616,9284.541,21978732800,-4.475618266728576
2015-07-29,9435.391,9727.53,9019.913,9727.232,18633107200,4.768043999159466
2015-07-30,9679.096,9910.54,9422.045,9460.729,20116852800,-2.73976193844252
2015-07-31,9283.384,9512.494,9081.719,9223.636,14950542400,-2.506075377489403
2015-08-03,9076.072,9109.276,8656.513,8723.594,14617515200,-5.421311075155188
2015-08-04,8720.241,9265.349,8720.241,9265.221,16639467200,6.208759829950816
2015-08-05,9285.295,9465.775,9131.798,9240.885,18859100800,-0.2626596818359639
2015-08-06,9025.668,9331.654,8996.405,9229.349,14382318400,-0.12483652810310053
2015-08-07,9321.985,9585.511,9319.25,9585.136,18553276800,3.8549522832000527
2015-08-10,9704.078,10133.76,9680.442,10077.94,22400708800,5.141335501134248
2015-08-11,10093.88,10300.82,10050.24,10153.71,24234324800,0.7518401578100242
2015-08-12,10053.47,10227.34,10003.36,10005.93,20256043200,-1.4554286068835798
2015-08-13,9946.407,10309.77,9893.158,10308.79,20465323200,3.026805104573005
2015-08-14,10400.5,10505.92,10295.33,10377.98,23401124800,0.6711747935499668
2015-08-17,10339.26,10563.51,10267.23,10563.13,22307774400,1.7840658779454177
2015-08-18,10582.23,10603.36,9781.748,9806.701,25701516800,-7.1610308686913875
2015-08-19,9442.91,10118.27,9224.174,10057.84,22939907200,2.5608917820580057
2015-08-20,9947.823,10149.46,9734.622,9739.916,19871241600,-3.1609570245698992
2015-08-21,9531.917,9661.604,9159.43,9208.154,16887377600,-5.459615873483903
2015-08-24,8782.487,8833.714,8505.74,8506.724,10930497600,-7.617487717950855
2015-08-25,7889.784,8073.073,7878.485,7882.112,11286036800,-7.342568067331213
2015-08-26,7836.281,8103.104,7457.889,7543.784,20115736000,-4.292352100553765
2015-08-27,7666.505,7794.85,7370.213,7793.539,16520643200,3.3107390137363524
2015-08-28,7912.791,8271.598,7861.964,8270.959,18887257600,6.1258434711111365
2015-08-31,8222.53,8222.53,7950.098,7950.459,16185587200,-3.8750040956556653
2015-09-01,7848.657,7848.657,7433.889,7441.338,13552019200,-6.403668014639152
2015-09-02,7072.792,7619.511,7057.553,7129.97,14211358400,-4.18430126410062
2015-09-07,7243.442,7465.766,7219.474,7291.468,13083151200,2.265058618759963
2015-09-08,7247.574,7660.614,7204.361,7651.5,12774965600,4.937716245891766
2015-09-09,7716.554,7980.588,7697.808,7956.729,18952344000,3.989139384434437
2015-09-10,7831.5,7999.54,7798.753,7842.999,14658441600,-1.4293562090653134
2015-09-11,7826.736,7975.509,7808.479,7952.136,12906175200,1.3915212790413634
2015-09-14,7997.34,8022.056,7391.904,7412.302,15716441600,-6.788540839844803
2015-09-15,7183.326,7351.996,7008.99,7034.9,12842604800,-5.091562648148984
2015-09-16,7062.838,7517.622,7049.416,7500.61,14545905600,6.619994598359602
2015-09-17,7516.356,7771.455,7428.567,7428.637,17920257600,-0.959561955627608
2015-09-18,7484.283,7599.358,7386.122,7556.203,12746752800,1.7172194576205557
2015-09-21,7453.17,7850.807,7430.944,7847.885,14657248000,3.860166276633903
2015-09-22,7868.638,7974.878,7765.782,7880.836,16812774400,0.4198710862863164
2015-09-23,7734.279,7924.523,7716.132,7824.066,14683715200,-0.7203550486268306
2015-09-24,7856.024,7951.788,7814.336,7928.825,14369206400,1.338932979348595
2015-09-25,7877.925,7934.523,7585.15,7640.173,14633481600,-3.6405394241895928
2015-09-28,7643.161,7841.219,7536.817,7839.618,10864716800,2.610477537615985
2015-09-29,7702.647,7824.227,7658.196,7720.677,11115331200,-1.5171785155858486
2015-09-30,7753.353,7794.639,7642.7,7727.509,9567723200,0.08848964928853675
2015-10-08,7961.002,8099.15,7902.548,8056.279,14074278400,4.254540499402859
2015-10-09,8045.772,8213.561,8028.609,8180.397,15500313600,1.5406368126029246
2015-10-12,8226.547,8590.912,8225.243,8522.629,20946190400,4.183562240316707
2015-10-13,8447.741,8672.868,8420.64,8651.052,18967592000,1.506847241619913
2015-10-14,8610.349,8682.823,8515.65,8534.726,18600267200,-1.3446457147639257
2015-10-15,8476.312,8808.9,8476.312,8808.465,19466164800,3.2073554558166295
2015-10-16,8866.794,8948.617,8742.429,8943.018,22804022400,1.5275419724094963
2015-10-19,8961.66,9008.608,8806.431,8935.391,22127763200,-0.08528440846256036
2015-10-20,8915.867,9117.305,8891.941,9116.539,20310648000,2.027309157483992
2015-10-21,9116.476,9157.919,8515.135,8541.607,25880256000,-6.306472225918203
2015-10-22,8531.691,8901.216,8525.978,8894.757,20363136000,4.1344679051611655
2015-10-23,8977.877,9220.984,8942.331,9182.553,22877516800,3.2355689986809155
2015-10-26,9296.188,9347.637,9126.578,9262.89,24222182400,0.8748874087631142
2015-10-27,9183.788,9398.735,8882.218,9345.966,22213168000,0.8968691196808098
2015-10-28,9277.728,9406.347,9091.558,9131.87,20545649600,-2.2907851366033127
2015-10-29,9197.468,9320.226,9058.939,9214.588,17635028800,0.9058166618666208
2015-10-30,9183.494,9332.908,9031.78,9188.266,18426280000,-0.2856557449991248
2015-11-02,8946.883,9236.419,8915.767,8944.683,16832227200,-2.6510225106674
2015-11-03,8963.773,9033.582,8837.315,8924.415,14035809600,-0.22659271435332418
2015-11-04,8973.156,9396.991,8973.156,9396.842,20404584000,5.293646698411036
2015-11-05,9416.494,9525.222,9295.371,9391.446,24507576000,-0.057423547187451796
2015-11-06,9396.095,9640.436,9395.731,9629.28,21652025600,2.532453468826845
2015-11-09,9560.538,9861.105,9473.458,9816.034,23649632000,1.9394388780884952
2015-11-10,9770.132,9958.154,9739.17,9911.24,23582203200,0.9699029159841999
2015-11-11,9910.119,10106.02,9873.236,10100.51,22320051200,1.9096500538782202
2015-11-12,10137.46,10223.71,9990.756,10135.08,23027267200,0.3422599452898911
2015-11-13,10030.15,10102.65,9813.033,9934.769,22084636800,-1.9764126183513087
2015-11-16,9749.108,10195.72,9736.481,10194.78,18206408000,2.6171821408228046
2015-11-17,10308.23,10361.3,10088.03,10109.4,23570729600,-0.8374874200326121
2015-11-18,10116.71,10203.4,9902.834,9928.663,17833160000,-1.7878113438977494
2015-11-19,9954.657,10235.83,9944.382,10235.35,17287393600,3.0889053239091746
2015-11-20,10272.35,10477.22,10265.66,10440.35,22041068800,2.0028626280488737
2015-11-23,10447.81,10546.74,10297.14,10341.42,22933843200,-0.9475735966706145
2015-11-24,10324.04,10460.35,10204.42,10459.6,16860736000,1.1427830994196198
2015-11-25,10470.93,10707.77,10468.34,10696.31,20127148800,2.263088454625417
2015-11-26,10745.06,10772.62,10595.1,10620.83,21464993600,-0.7056639158737887
2015-11-27,10560.39,10619.71,9859.022,9933.496,22280913600,-6.471565781582045
2015-11-30,9935.402,10058.66,9406.725,10001.19,19745446400,0.6814720617998038
2015-12-01,9985.79,10101.51,9832.261,9955.205,16458051200,-0.4597952843611641
2015-12-02,9928.269,9954.862,9506.1,9822.055,14894643200,-1.3374912922435978
2015-12-03,9833.301,10103.48,9832.952,10102.89,14632444800,2.8592285422958774
2015-12-04,10073.67,10199.95,9996.294,10081.57,16144011200,-0.21102872544390694
2015-12-07,10105.79,10238.79,10038.58,10238.02,15151238400,1.551841627841699
2015-12-08,10189.87,10210.75,10022.62,10057.74,16377225600,-1.7608873590791996
2015-12-09,10002.729,10111.556,9945.79,10034.194,14217327900,-0.234108258913035
2015-12-10,10024.19,10145.99,10008.74,10035.45,14075964800,0.012517198690797926
2015-12-11,10003.76,10043.54,9915.112,9946.121,12448637600,-0.8901344732921923
2015-12-14,9845.073,10119.68,9829.337,10118.9,11808540000,1.7371495882666288
2015-12-15,10137.46,10312.42,10136.87,10278.47,13173382400,1.5769500637420997
2015-12-16,10319.56,10438.45,10314.86,10374.23,14145144000,0.9316561706168347
2015-12-17,10436.8,10680.39,10436.8,10679.96,18657212800,2.947013898862849
2015-12-18,10678.37,10721.66,10562.68,10629.97,17309161600,-0.46807291413075713
2015-12-21,10596.41,10712.04,10579.92,10699.61,15978536000,0.6551288479647699
2015-12-22,10724.023,10809.845,10652.006,10809.242,15399100000,1.0246354773678634
2015-12-23,10817.28,10828.97,10613.43,10638.16,16942334400,-1.5827381790508577
2015-12-24,10600.47,10662.43,10413.92,10633.19,12995076800,-0.046718605473117236
2015-12-25,10651.664,10760.154,10645.44,10726.991,12380066500,0.8821529569207343
2015-12-28,10765.906,10859.828,10515.361,10515.361,16984814000,-1.9728738469156792
2015-12-29,10499.501,10654.419,10406.062,10653.709,12930432400,1.3156752297900143
2015-12-30,10678.114,10813.016,10661.28,10806.704,13909642800,1.4360726391156264
2015-12-31,10810.35,10839.045,10614.379,10614.379,12997947400,-1.7796823157180897
2016-01-04,10598.272,10602.647,9694.629,9694.836,11730414400,-8.663182273781644
2016-01-05,9140.672,9680.156,9084.872,9452.041,16862804400,-2.5043744938026857
2016-01-06,9511.734,9710.118,9404.067,9709.569,13963013900,2.724575570503762
2016-01-07,9511.141,9511.141,8850.15,8856.491,4049542800,-8.785951261070391
2016-01-08,9049.767,9141.573,8404.505,8876.253,15692429900,0.22313577691210895
2016-01-11,8651.329,8754.359,8203.432,8205.122,14356881300,-7.560971955170737
2016-01-12,8164.336,8304.141,7968.749,8187.96,12117124200,-0.20916203317877802
2016-01-13,8230.082,8311.725,7836.057,7836.123,11317753000,-4.297004382043889
2016-01-14,7548.028,8174.306,7534.041,8157.737,12293407700,4.104249001706584
2016-01-15,8092.868,8202.341,7813.258,7868.168,11923095300,-3.5496241175708487
2016-01-18,7689.658,8158.564,7685.472,8060.879,10650582700,2.449248668813375
2016-01-19,8041.864,8400.601,8018.637,8388.384,12730422400,4.062894381617688
2016-01-20,8328.723,8468.793,8244.73,8321.392,12908104800,-0.7986281982322208
2016-01-21,8167.95,8410.155,7944.567,7944.567,12047289600,-4.528389000301869
2016-01-22,8036.324,8115.402,7787.618,8074.285,10111675900,1.6327887976776978
2016-01-25,8153.349,8256.161,8076.396,8180.504,9624817400,1.3155220555132852
2016-01-26,8071.363,8093.238,7526.594,7545.544,12067395100,-7.761868950861706
2016-01-27,7557.456,7585.828,7047.788,7466.746,12425157700,-1.0442984627748508
2016-01-28,7344.025,7438.694,7067.55,7100.901,9636216600,-4.899657762564846
2016-01-29,7071.752,7459.369,7037.829,7385.759,10228517900,4.011575432469772
2016-02-01,7358.754,7420.484,7163.913,7292.613,8684368600,-1.2611567748148755
2016-02-02,7296.223,7600.076,7295.802,7576.065,9797843200,3.886837269439636
2016-02-03,7480.301,7665.653,7428.9,7630.459,9448356400,0.71797166470986
2016-02-04,7661.647,7839.282,7661.647,7807.401,10829571600,2.3188906460279712
2016-02-05,7828.61,7856.735,7716.207,7718.708,8629786200,-1.136011843121676
2016-02-15,7434.275,7772.489,7432.403,7726.37,7879468400,0.09926531745987344
2016-02-16,7767.03,8088.712,7767.03,8069.594,11556592500,4.442241311249662
2016-02-17,8060.911,8214.939,8010.819,8202.147,12969795000,1.642622912627334
2016-02-18,8256.952,8282.91,8155.075,8176.14,13406347700,-0.31707551693478386
2016-02-19,8146.062,8289.208,8133.495,8239.256,11278702100,0.7719535135161548
2016-02-22,8350.285,8407.881,8303.21,8407.852,13315805100,2.0462527199057945
2016-02-23,8414.674,8437.155,8230.982,8357.355,13053093700,-0.600593350120826
2016-02-24,8316.833,8399.432,8160.996,8364.663,13609474500,0.08744393411552753
2016-02-25,8340.456,8340.591,7673.216,7702.591,15743616300,-7.915106681524408
2016-02-26,7750.735,7799.295,7487.27,7666.823,12157417100,-0.46436322530950536
2016-02-29,7614.158,7614.158,7113.073,7183.676,11534440300,-6.301788889609162
2016-03-01,7183.114,7402.305,7038.612,7345.086,11556340800,2.246899776660305
2016-03-02,7324.491,7724.296,7323.366,7711.886,14716481900,4.993814912446237
2016-03-03,7711.297,7875.949,7693.902,7727.16,15706242300,0.1980579069763122
2016-03-04,7684.924,7735.548,7321.555,7418.801,14115240500,-3.990586450908218
2016-03-07,7494.038,7670.957,7494.038,7600.437,11095140800,2.4483201530813403
2016-03-08,7585.863,7670.99,7276.674,7670.69,13182252600,0.9243284300626264
2016-03-09,7486.949,7634.001,7430.434,7500.17,10176186500,-2.223007317464265
2016-03-10,7503.42,7568.243,7364.287,7376.697,8740149900,-1.6462693512280357
2016-03-11,7284.948,7401.512,7239.558,7349.567,7524588200,-0.36777978002892064
2016-03-14,7441.093,7715.642,7441.038,7640.131,12033572900,3.9534846066441753
2016-03-15,7612.971,7668.848,7537.789,7571.82,9963609400,-0.8941077057448399
2016-03-16,7633.747,7659.053,7426.952,7484.226,9135938400,-1.1568420802396284
2016-03-17,7514.679,7795.707,7514.575,7779.875,13355063600,3.950294926957043
2016-03-18,7823.568,8118.706,7820.287,8097.204,18132273600,4.078844454441755
2016-03-21,8206.527,8326.382,8172.851,8325.977,19167507000,2.8253332878855675
2016-03-22,8248.53,8387.554,8203.085,8311.211,16407444100,-0.17734855621149848
2016-03-23,8279.881,8408.948,8262.26,8408.639,14611744800,1.1722479431697685
2016-03-24,8324.852,8453.302,8247.286,8279.649,16063735600,-1.5340175740687578
2016-03-25,8252.424,8353.015,8211.835,8343.242,12455555200,0.7680639601992834
2016-03-28,8400.214,8482.573,8266.554,8298.778,14298861300,-0.5329343197764125
2016-03-29,8274.094,8292.432,8040.759,8118.996,12465056200,-2.1663671446567223
2016-03-30,8187.45,8439.089,8187.45,8438.684,13963561000,3.937531192280419
2016-03-31,8475.431,8541.457,8414.885,8447.179,15013944500,0.10066735524165704
2016-04-01,8399.177,8426.46,8240.873,8389.287,12716105900,-0.6853412245673929
2016-04-05,8401.343,8642.981,8380.456,8635.667,15630836300,2.936840758934567
2016-04-06,8601.658,8699.521,8579.429,8691.23,15996893600,0.6434129523521515
2016-04-07,8715.006,8733.504,8549.513,8549.513,15815055600,-1.6305747287783112
2016-04-08,8465.831,8511.872,8359.535,8484.174,13341528900,-0.7642423609391491
2016-04-11,8560.093,8719.222,8560.093,8677.409,14362977900,2.2775935524188773
2016-04-12,8664.277,8688.711,8501.044,8608.374,13207214900,-0.7955715813326325
2016-04-13,8655.195,8831.587,8655.195,8729.841,17406329600,1.411033024355124
2016-04-14,8780.548,8837.439,8711.789,8837.018,13964832100,1.2277085000746313
2016-04-15,8840.53,8866.013,8777.972,8841.095,13120761300,0.04613547239578075
2016-04-18,8780.456,8780.456,8646.332,8715.85,12618498700,-1.4166231671529306
2016-04-19,8755.251,8784.327,8678.969,8754.504,11283179500,0.4434908815548644
2016-04-20,8784.645,8798.779,8158.82,8312.201,18028650600,-5.052290797970982
2016-04-21,8268.023,8382.268,8185.371,8198.511,12119077200,-1.3677484459290512
2016-04-22,8130.899,8282.902,8112.331,8282.424,9597953300,1.0235151236608786
2016-04-25,8246.029,8261.945,8106.07,8232.478,8962202400,-0.6030360194068995
2016-04-26,8218.47,8343.712,8202.152,8343.422,8843055400,1.347637977289473
2016-04-27,8357.26,8426.833,8307.388,8323.458,10293617700,-0.2392783200945603
2016-04-28,8319.22,8336.127,8130.927,8303.557,10495878500,-0.2390953375387972
2016-04-29,8253.484,8340.58,8239.793,8291.699,8148585100,-0.14280626965046395
2016-05-03,8290.793,8558.578,8256.678,8558.578,11571854000,3.218628654995781
2016-05-04,8526.311,8632.703,8514.491,8565.114,11729605200,0.07636782652444829
2016-05-05,8549.33,8631.981,8522.146,8628.741,10275992100,0.7428622666318274
2016-05-06,8632.452,8663.071,8275.966,8276.033,14657076300,-4.087595165969182
2016-05-09,8180.629,8180.695,7876.169,7918.148,11545440700,-4.324354434062783
2016-05-10,7898.651,7961.585,7855.292,7898.662,7381121900,-0.24609289950124902
2016-05-11,7950.379,7973.6,7800.971,7823.98,8109225100,-0.9455019090575223
2016-05-12,7706.127,7822.759,7570.916,7821.912,8685548400,-0.026431560407869092
2016-05-13,7794.619,7901.999,7758.263,7806.957,7881483700,-0.19119366211227673
2016-05-16,7783.295,7961.426,7744.884,7961.146,8333277600,1.9750204849341424
2016-05-17,7964.512,8040.204,7901.183,7961.502,9975967500,0.004471718016474391
2016-05-18,7886.25,7886.499,7614.204,7711.955,9602220200,-3.1344211180252213
2016-05-19,7707.326,7868.72,7707.326,7767.315,8548560200,0.7178465123305333
2016-05-20,7699.074,7860.128,7665.862,7860.128,8548543000,1.19491741998361
2016-05-23,7876.118,7995.992,7876.118,7995.581,9530478100,1.723292546889832
2016-05-24,7981.007,7981.221,7852.689,7913.675,8683164500,-1.0243908478946073
2016-05-25,7965.747,8012.16,7848.525,7889.73,8480690000,-0.30257750033960695
2016-05-26,7864.03,7929.672,7703.522,7929.468,9357276900,0.5036674258815044
2016-05-27,7904.767,7976.51,7879.641,7912.864,8497382300,-0.20939614107781113
2016-05-30,7863.314,7946.133,7787.465,7867.597,7524281300,-0.5720684697727574
2016-05-31,7872.311,8197.642,7872.311,8197.557,13739233900,4.193910796396927
2016-06-01,8207.251,8324.09,8202.718,8270.517,14426687900,0.8900212587725775
2016-06-02,8261.6,8369.668,8255.959,8369.432,13315798900,1.195995365223257
2016-06-03,8370.785,8442.901,8336.958,8391.763,14038763500,0.26681619493413855
2016-06-06,8418.337,8443.567,8359.019,8422.472,11750127800,0.3659421744870439
2016-06-07,8421.61,8439.14,8363.412,8434.669,11074422500,0.1448149664374121
2016-06-08,8417.752,8481.654,8340.898,8431.892,11468648500,-0.0329236393271648
2016-06-13,8307.188,8387.419,8000.649,8000.819,13707480700,-5.11241130697594
2016-06-14,7957.932,8053.537,7931.227,8038.589,9677523400,0.47207667115078955
2016-06-15,7948.181,8369.94,7936.618,8340.539,13546280100,3.7562562285495815
2016-06-16,8339.819,8421.331,8314.977,8358.034,14445001800,0.2097586259113271
2016-06-17,8374.074,8480.651,8338.727,8414.508,14141911800,0.6756852149680137
2016-06-20,8417.359,8476.467,8330.667,8457.932,12079272600,0.5160610697618973
2016-06-21,8510.752,8552.658,8305.55,8350.762,13544944200,-1.2670946042129483
2016-06-22,8323.875,8513.927,8316.099,8513.543,11722045000,1.9492951661177704
2016-06-23,8510.841,8547.394,8424.906,8495.78,13277932700,-0.2086440392677802
2016-06-24,8477.033,8547.682,8153.163,8428.823,16243564300,-0.7881206905075211
2016-06-27,8360.521,8646.369,8358.341,8646.161,13979418300,2.5785094787255547
2016-06-28,8616.073,8737.817,8599.854,8730.197,15899867700,0.9719458150270421
2016-06-29,8758.703,8784.945,8704.353,8745.815,15312529300,0.17889630669274403
2016-06-30,8753.846,8776.236,8692.258,8741.099,13470987600,-0.053922933425876174
2016-07-01,8747.789,8779.628,8680.083,8710.517,12116347300,-0.3498644735633438
2016-07-04,8661.272,8882.85,8653.858,8874.071,14591971000,1.8776612226346634
2016-07-05,8886.512,8925.089,8839.937,8914.84,15807681700,0.4594171040551709
2016-07-06,8885.33,8957.577,8862.76,8947.137,14540965800,0.36228356313743326
2016-07-07,8942.99,8988.324,8851.302,8954.276,16729329100,0.07979088729723749
2016-07-08,8941.49,8996.968,8904.588,8939.259,13316621000,-0.1677075846221343
2016-07-11,8953.868,9004.754,8865.592,8874.996,14565284000,-0.7188850887976383
2016-07-12,8862.368,8943.147,8719.877,8943.065,15132425500,0.7669749935662162
2016-07-13,8963.438,9042.067,8926.763,9023.237,15368618100,0.8964711762689648
2016-07-14,9011.392,9044.015,8976.52,9042.763,13138119000,0.2163968429511609
2016-07-15,9039.877,9048.349,8952.61,8982.886,12314560600,-0.6621538129441218
2016-07-18,8962.963,8990.285,8881.503,8937.855,11917500300,-0.5012976898515764
2016-07-19,8928.644,8996.963,8883.773,8996.833,11146450600,0.6598674961721951
2016-07-20,8999.111,9044.371,8976.003,8997.89,11369176200,0.011748578638726137
2016-07-21,8991.327,9065.686,8964.617,9007.554,12386417500,0.10740295780455877
2016-07-22,9002.09,9022.063,8925.939,8931.966,11971964200,-0.8391623297512307
2016-07-25,8911.936,8969.596,8875.783,8925.341,11084915100,-0.07417180047483152
2016-07-26,8922.755,9035.884,8922.755,9035.557,10861797000,1.2348659843920862
2016-07-27,9037.498,9046.085,8488.955,8602.92,18355003400,-4.788160818419939
2016-07-28,8580.087,8636.488,8431.117,8571.565,12490532100,-0.3644692732235
2016-07-29,8565.253,8584.638,8457.974,8501.09,9373694000,-0.8221952467256655
2016-08-01,8462.907,8462.907,8263.363,8363.61,9296339600,-1.617204382026305
2016-08-02,8353.423,8446.362,8353.14,8445.78,7403589200,0.982470488222198
2016-08-03,8431.517,8491.26,8412.775,8482.198,9059322400,0.43119759217029596
2016-08-04,8474.262,8564.839,8447.359,8553.006,9613438600,0.8347836256592744
2016-08-05,8545.857,8571.18,8498.59,8505.364,9259957500,-0.5570205375747372
2016-08-08,8480.793,8607.45,8426.644,8607.398,9441836500,1.1996429547283194
2016-08-09,8601.835,8699.693,8596.79,8699.388,11161697400,1.0687318048962169
2016-08-10,8694.383,8725.446,8668.057,8671.778,10788860500,-0.3173786477853491
2016-08-11,8647.115,8667.246,8531.692,8531.692,10167408900,-1.6154241955917414
2016-08-12,8515.517,8615.2,8507.655,8615.053,8999987400,0.9770746529527807
2016-08-15,8628.632,8821.692,8590.065,8807.832,14727798700,2.2376995243093667
2016-08-16,8813.205,8903.486,8812.601,8877.066,13969728700,0.7860504151305348
2016-08-17,8867.455,8933.034,8846.315,8911.748,12591478600,0.3906921498612048
2016-08-18,8899.185,8942.571,8880.262,8908.325,13585241800,-0.03840997299293658
2016-08-19,8895.299,8945.168,8864.065,8923.363,11378626200,0.16880838990493974
2016-08-22,8921.913,8939.701,8809.22,8810.843,11651571000,-1.260959573201259
2016-08-23,8796.503,8847.646,8756.922,8820.21,10221750100,0.10631218828889288
2016-08-24,8824.719,8892.079,8815.466,8850.511,9656844900,0.3435405732970187
2016-08-25,8799.762,8799.762,8681.194,8784.584,10926424300,-0.744894842794952
2016-08-26,8799.491,8883.768,8794.914,8814.464,10176610600,0.3401413202947179
2016-08-29,8808.734,8860.044,8798.062,8836.993,9211954300,0.255591264539734
2016-08-30,8842.416,8886.009,8822.252,8838.464,9181080300,0.01664593374690604
2016-08-31,8833.208,8844.473,8772.953,8838.38,8937921700,-0.0009503913802277886
2016-09-01,8831.6,8851.749,8770.751,8770.751,9882537200,-0.7651741608756257
2016-09-02,8750.936,8790.001,8675.922,8724.942,9245676400,-0.5222927888387296
2016-09-05,8743.744,8804.771,8739.653,8761.962,8891908300,0.42430081483637583
2016-09-06,8761.415,8907.171,8689.646,8906.868,11514550800,1.6538076745824748
2016-09-07,8908.506,8959.991,8886.785,8897.797,12554006800,-0.10184275774604012
2016-09-08,8888.015,8939.419,8880.395,8938.431,10444423300,0.45667483760305494
2016-09-09,8934.275,8958.512,8872.314,8872.314,10819005200,-0.7396935770942359
2016-09-12,8705.746,8737.994,8585.866,8587.399,11736756400,-3.211281746791206
2016-09-13,8635.576,8664.909,8595.499,8656.68,8881071500,0.8067751364528419
2016-09-14,8612.696,8664.103,8579.35,8618.149,8506578700,-0.4451013552539851
2016-09-19,8630.646,8716.981,8630.646,8716.486,7905835300,1.1410454843609807
2016-09-20,8721.385,8724.887,8685.97,8712.283,8060704100,-0.04821897264564168
2016-09-21,8705.253,8756.131,8704.933,8731.999,7678421300,0.22630118879287675
2016-09-22,8779.889,8801.574,8760.154,8770.095,9179103700,0.43628039810814645
2016-09-23,8773.903,8781.246,8728.06,8729.611,8946576100,-0.46161415583295673
2016-09-26,8711.884,8712.226,8544.176,8544.176,9634897700,-2.1242069091051308
2016-09-27,8521.013,8604.552,8477.802,8604.099,8233348200,0.7013315268786569
2016-09-28,8604.237,8613.137,8575.031,8592.126,7572826800,-0.13915460526430223
2016-09-29,8597.291,8651.21,8597.253,8618.606,7620328200,0.3081891489952415
2016-09-30,8607.973,8669.153,8606.382,8661.019,7198718600,0.4921097448937761
2016-10-10,8699.706,8843.031,8687.747,8842.818,10431023800,2.0990486223387617
2016-10-11,8845.229,8903.881,8834.115,8903.459,10442788300,0.6857655557312325
2016-10-12,8879.662,8915.915,8862.006,8915.441,10262658700,0.13457690994027605
2016-10-13,8914.564,8952.76,8905.261,8929.511,10648698200,0.15781608559799487
2016-10-14,8913.744,8918.767,8845.37,8913.695,10209982800,-0.17712056124911113
2016-10-17,8922.135,8940.04,8802.797,8832.094,10611225800,-0.9154564969970469
2016-10-18,8822.788,8966.691,8822.788,8966.691,10562259600,1.5239534361840112
2016-10-19,8976.848,8992.068,8926.892,8954.203,10863127500,-0.13927099751738226
2016-10-20,8957.475,9006.843,8953.289,8995.41,11641295300,0.4601972950579736
2016-10-21,8987.24,8991.039,8857.102,8943.011,11182151200,-0.5825081902881557
2016-10-24,8940.544,9010.234,8918.21,9000.703,11138265900,0.6451071121348129
2016-10-25,9003.381,9039.95,9001.105,9039.48,11421991900,0.43082190357797145
2016-10-26,9041.934,9042.356,8966.461,9000.76,12416231600,-0.42834322328274554
2016-10-27,8989.698,8997.855,8956.635,8997.016,10149911800,-0.041596487407735694
2016-10-28,8988.223,9006.218,8913.059,8914.617,11240219000,-0.915848098969696
2016-10-31,8893.291,8920.659,8841.148,8910.508,10115549400,-0.046092838312628004
2016-11-01,8914.68,9006.789,8914.584,9006.789,10655932700,1.0805332311019766
2016-11-02,8990.468,9006.792,8939.548,8946.744,12137092500,-0.6666637799553232
2016-11-03,8922.04,9055.507,8914.684,9004.855,13551786600,0.6495212112920479
2016-11-04,9000.486,9040.354,8960.582,8979.926,11965658500,-0.2768395493319975
2016-11-07,8981.427,9002.585,8946.764,8975.566,11523430300,-0.048552738630569525
2016-11-08,8996.906,9042.724,8988.385,9030.731,11203265000,0.6146130505864322
2016-11-09,9027.948,9038.977,8853.889,8967.596,14302103400,-0.6991128403669666
2016-11-10,9028.672,9084.762,9028.672,9083.844,13975912500,1.2963117428572701
2016-11-11,9080.436,9121.608,9064.246,9121.509,14658005300,0.4146372394770337
2016-11-14,9105.928,9162.297,9093.459,9152.165,14747169000,0.3360847421188806
2016-11-15,9152.189,9198.236,9123.276,9197.861,13237289800,0.49929169764748593
2016-11-16,9208.491,9236.678,9202.184,9211.949,13822570200,0.15316604588826443
2016-11-17,9197.922,9198.086,9131.905,9174.439,11843246900,-0.40718853306721536
2016-11-18,9176.332,9191.47,9132.732,9146.214,11285068300,-0.3076482387642465
2016-11-21,9138.056,9181.956,9135.205,9167.492,10692156900,0.23264270877545457
2016-11-22,9176.55,9244.547,9174.56,9244.212,11704371000,0.8368701058042882
2016-11-23,9250.04,9257.173,9161.521,9180.011,12402560200,-0.6944994338078714
2016-11-24,9166.577,9185.555,9096.002,9116.566,11236606100,-0.6911211762164471
2016-11-25,9109.167,9134.815,8957.16,9134.815,10949827200,0.20017405676655553
2016-11-28,9148.965,9163.652,9121.585,9133.91,10363203900,-0.00990715192371594
2016-11-29,9120.59,9132.159,9031.29,9031.29,11003544300,-1.1235057056616427
2016-11-30,9013.148,9053.169,8983.7,9014.913,9397614700,-0.18133622107141534
2016-12-01,9021.967,9056.24,9021.967,9055.986,8781264100,0.4556117180498642
2016-12-02,9056.013,9060.632,8900.414,8900.414,10057233200,-1.7178913483302694
2016-12-05,8818.612,8908.109,8793.089,8851.516,8378221400,-0.5493901744345941
2016-12-06,8865.34,8896.551,8853.912,8871.729,7375064500,0.22835636291003159
2016-12-07,8870.3,8969.342,8855.409,8969.136,8364989300,1.097948325518061
2016-12-08,8973.097,8974.179,8908.307,8914.512,8552181100,-0.6090218723408758
2016-12-09,8903.744,8920.306,8864.069,8881.343,8345973600,-0.37207869595105025
2016-12-12,8875.591,8879.447,8391.028,8397.484,12418210100,-5.44803865811736
2016-12-13,8371.367,8458.321,8299.279,8433.587,9000416600,0.4299263922384222
2016-12-14,8416.98,8464.953,8339.603,8378.056,8986196700,-0.6584505501632809
2016-12-15,8347.605,8516.854,8340.854,8467.708,8782564100,1.0700811739620786
2016-12-16,8470.536,8565.787,8466.352,8559.991,8782936700,1.0898226533083033
2016-12-19,8554.962,8556.437,8521.119,8551.326,8359021500,-0.10122674194401604
2016-12-20,8543.87,8561.337,8509.591,8546.191,7765967900,-0.06004916664384963
2016-12-21,8558.281,8609.669,8558.281,8609.405,8190383600,0.7396745520899195
2016-12-22,8602.354,8618.37,8560.967,8607.945,8073703600,-0.016958198621175313
2016-12-23,8602.669,8609.792,8502.048,8509.361,7963635300,-1.1452675406267043
2016-12-26,8472.449,8547.251,8380.688,8547.097,7627013600,0.4434645562692463
2016-12-27,8541.001,8575.379,8534.149,8555.99,7350422000,0.10404702321735737
2016-12-28,8551.225,8568.128,8507.894,8521.375,7567201800,-0.4045703653230093
2016-12-29,8505.459,8551.189,8484.44,8488.297,7006922800,-0.3881767907174538
2016-12-30,8487.151,8516.607,8466.742,8490.861,6899418000,0.03020629461951696
2017-01-03,8503.661,8565.337,8503.661,8565.136,7267482900,0.8747640551411751
2017-01-04,8567.228,8670.158,8554.127,8669.949,9410335200,1.2237167045566988
2017-01-05,8665.228,8694.444,8657.744,8670.761,9488857300,0.009365683696649363
2017-01-06,8661.692,8666.663,8603.912,8609.899,9765602000,-0.7019222418885862
2017-01-09,8595.911,8654.132,8578.987,8653.847,8979711900,0.5104357205583998
2017-01-10,8646.081,8666.902,8604.117,8609.553,8911442800,-0.5118417277310328
2017-01-11,8592.749,8619.644,8514.634,8519.845,8555321500,-1.041958856632863
2017-01-12,8509.531,8536.593,8433.776,8443.261,7933044800,-0.8988895924749718
2017-01-13,8433.995,8444.985,8277.788,8286.241,7925718200,-1.8597079967088592
2017-01-16,8263.199,8263.981,7715.433,7931.955,10620820700,-4.2755937221714895
2017-01-17,7900.927,8031.988,7808.205,8028.651,7739049200,1.219068943280699
2017-01-18,8009.506,8036.381,7972.29,7989.141,6407627200,-0.4921125603790766
2017-01-19,7966.472,8000.824,7927.712,7955.392,6010725400,-0.42243590393510333
2017-01-20,7945.188,8102.387,7944.393,8087.772,6519986800,1.6640286236052182
2017-01-23,8100.035,8185.729,8100.035,8169.109,6835373500,1.0056786961848196
2017-01-24,8160.782,8163.779,8115.128,8123.586,6291684700,-0.5572578355852564
2017-01-25,8107.668,8160.438,8099.989,8150.596,5469716400,0.3324886324832299
2017-01-26,8157.016,8206.014,8157.016,8205.871,5022816500,0.6781712650215876
2017-02-03,8212.41,8217.695,8157.673,8182.279,4538879300,-0.2875014730306935
2017-02-06,8181.905,8280.008,8175.462,8280.008,6426307700,1.1943982843899414
2017-02-07,8271.763,8295.985,8233.799,8282.375,7401738100,0.028586928901530584
2017-02-08,8267.794,8342.523,8226.58,8342.434,7823875100,0.725142244827115
2017-02-09,8338.0,8411.144,8330.799,8410.261,9172477500,0.8130360995364239
2017-02-10,8404.508,8414.183,8374.534,8380.786,9808551700,-0.3504647477646672
2017-02-13,8373.755,8433.321,8363.252,8432.957,8971092700,0.6225072445472435
2017-02-14,8427.698,8433.136,8399.056,8423.836,8440136100,-0.10815897673853714
2017-02-15,8415.574,8434.522,8331.356,8344.074,9655830300,-0.9468607888377556
2017-02-16,8333.812,8401.708,8329.709,8397.562,8965390100,0.6410297895248718
2017-02-17,8390.12,8401.073,8307.234,8324.417,9913700800,-0.8710266146293444
2017-02-20,8318.277,8397.434,8312.561,8397.244,9364950900,0.8748600652754623
2017-02-21,8399.043,8479.609,8393.538,8479.608,10368221400,0.9808456203011406
2017-02-22,8477.746,8510.418,8457.629,8510.305,10412687000,0.36200965893706805
2017-02-23,8507.959,8515.45,8460.443,8512.705,11348493600,0.028201104425740198
2017-02-24,8500.699,8544.318,8487.501,8543.449,9476841700,0.3611542981931226
2017-02-27,8534.723,8546.62,8470.749,8476.906,9030475500,-0.7788774767661155
2017-02-28,8470.438,8508.348,8460.483,8508.086,8138542700,0.3678228825469976
2017-03-01,8497.891,8548.821,8491.737,8526.472,9347681200,0.21610030740168984
2017-03-02,8529.584,8539.107,8467.39,8471.44,9044668200,-0.6454252122096826
2017-03-03,8450.969,8509.88,8425.385,8505.452,8575807900,0.40149018348709653
2017-03-06,8513.206,8608.398,8513.206,8608.154,8978624300,1.2074843288751858
2017-03-07,8614.855,8625.518,8574.287,8624.465,9488463600,0.18948313424689278
2017-03-08,8622.114,8624.435,8563.965,8589.87,8565145200,-0.4011263307347135
2017-03-09,8578.886,8579.245,8513.648,8535.556,8784431600,-0.63230293357176
2017-03-10,8526.536,8561.522,8519.672,8537.78,7528222000,0.026055713300920935
2017-03-13,8529.172,8598.518,8477.702,8598.518,8158481600,0.7114027299836678
2017-03-14,8604.766,8618.29,8563.614,8581.713,8347589800,-0.19544065616888817
2017-03-15,8563.467,8582.896,8540.102,8574.03,8272882500,-0.08952758033272668
2017-03-16,8582.959,8664.981,8582.959,8664.981,9621689600,1.060773055377684
2017-03-17,8671.519,8704.846,8601.572,8603.865,10725315300,-0.7053218004748119
2017-03-20,8594.714,8635.075,8569.826,8634.844,9228268300,0.36005911296841386
2017-03-21,8629.063,8640.1,8607.662,8639.566,8141693700,0.0546854118036455
2017-03-22,8604.606,8625.406,8547.047,8592.508,9298485500,-0.5446801378680477
2017-03-23,8592.337,8624.072,8500.521,8590.96,10048770600,-0.018015694602790955
2017-03-24,8583.952,8606.611,8552.684,8602.29,9330369500,0.13188281635581056
2017-03-27,8603.23,8611.398,8570.863,8586.91,9033983700,-0.17878960137359678
2017-03-28,8579.053,8591.839,8546.123,8558.072,8321832400,-0.33583675617887554
2017-03-29,8555.989,8565.865,8484.737,8488.217,9793119400,-0.8162469303833797
2017-03-30,8471.241,8473.341,8303.001,8315.045,11380245600,-2.0401457691291425
2017-03-31,8314.08,8351.421,8291.685,8339.146,8918546900,0.28984810064167643
2017-04-05,8369.393,8522.01,8369.393,8522.01,10423689700,2.192838451323431
2017-04-06,8531.197,8557.52,8514.089,8543.663,10371863000,0.2540832503130197
2017-04-07,8539.144,8567.796,8523.297,8544.747,10442926800,0.012687766359675834
2017-04-10,8522.915,8523.395,8439.307,8449.157,11671619900,-1.1186990088764448
2017-04-11,8432.468,8514.436,8373.84,8514.436,13425147500,0.7726096224747625
2017-04-12,8505.7,8505.922,8439.443,8444.394,12667524600,-0.8226264194128641
2017-04-13,8429.731,8490.862,8423.305,8470.313,10649446500,0.3069373598626468
2017-04-14,8460.636,8463.065,8338.872,8345.652,10430284800,-1.4717401824466236
2017-04-17,8309.78,8309.78,8183.073,8220.657,9237520300,-1.4977260015155314
2017-04-18,8216.209,8247.047,8133.047,8136.409,8672841900,-1.0248329300200698
2017-04-19,8101.797,8101.797,7939.294,8033.503,9667457800,-1.2647594288831887
2017-04-20,8021.062,8059.115,7925.303,7987.651,8017387700,-0.5707597295974143
2017-04-21,7984.471,8014.827,7938.322,7945.39,6860937400,-0.5290791998799116
2017-04-24,7921.417,7921.417,7698.101,7698.285,7912306900,-3.1100424271181204
2017-04-25,7699.984,7779.674,7691.325,7723.999,6981770800,0.3340224478568965
2017-04-26,7721.66,7763.072,7718.759,7751.944,7212468700,0.3617944538832907
2017-04-27,7737.068,7810.114,7593.025,7799.122,9816778100,0.6085957277297105
2017-04-28,7777.75,7842.111,7768.05,7842.082,7321627000,0.5508312345928079
2017-05-02,7831.445,7851.406,7811.841,7845.468,7033904200,0.04317730929106478
2017-05-03,7832.017,7860.303,7796.819,7830.638,7932525600,-0.18902632704639322
2017-05-04,7804.779,7877.324,7763.844,7804.58,8164305400,-0.3327698202879481
2017-05-05,7780.141,7787.572,7700.207,7700.265,7576019000,-1.3365869784152329
2017-05-08,7679.164,7691.484,7555.057,7555.283,7331972900,-1.882818318590329
2017-05-09,7522.216,7603.358,7475.409,7602.962,6728080500,0.6310683530980965
2017-05-10,7597.769,7637.638,7451.362,7451.776,7730156500,-1.9885144763317375
2017-05-11,7400.419,7408.105,7199.412,7387.153,8998668900,-0.8672160837899567
2017-05-12,7368.073,7395.357,7306.375,7371.302,6895514800,-0.21457522268728546
2017-05-15,7386.204,7425.322,7386.204,7391.605,6201872700,0.27543302390811153
2017-05-16,7377.762,7549.915,7324.138,7549.765,8795632700,2.1397247282559206
2017-05-17,7545.213,7609.533,7538.669,7570.439,8739756500,0.27383633795223794
2017-05-18,7509.406,7581.827,7490.777,7519.192,7657137100,-0.6769356440227581
2017-05-19,7517.131,7540.915,7472.284,7510.106,7023546500,-0.1208374516836419
2017-05-22,7500.507,7521.626,7354.072,7372.79,7564274800,-1.8284162700233475
2017-05-23,7352.251,7359.779,7132.311,7138.238,8130014100,-3.181319419107276
2017-05-24,7099.27,7172.658,6996.64,7172.143,6967533800,0.47497715822868436
2017-05-25,7160.163,7241.233,7078.547,7232.631,7845246000,0.8433741491211233
2017-05-26,7224.81,7265.152,7221.077,7233.338,7338887600,0.009775142683210447
2017-05-31,7303.582,7327.319,7211.07,7212.696,6808816400,-0.2853730877777294
2017-06-01,7191.687,7191.69,7015.874,7016.304,7304807400,-2.722865347437353
2017-06-02,6989.44,7105.028,6927.917,7094.427,7211467900,1.1134494742531142
2017-06-05,7102.498,7172.437,7099.619,7160.527,6318615200,0.9317172479186953
2017-06-06,7147.174,7198.304,7136.464,7197.618,6167829900,0.5179926002653268
2017-06-07,7194.69,7347.597,7192.865,7347.597,9154672400,2.083731034350511
2017-06-08,7349.927,7374.861,7327.072,7342.482,8498715000,-0.06961459644561074
2017-06-09,7331.505,7353.407,7288.321,7348.521,7671790400,0.08224739263915648
2017-06-12,7314.668,7322.473,7241.07,7246.713,7546849800,-1.3854216379050932
2017-06-13,7234.277,7358.426,7232.686,7352.976,7360418400,1.4663613696306088
2017-06-14,7346.523,7382.58,7340.695,7362.856,8023626900,0.13436736363616752
2017-06-15,7350.006,7468.211,7348.419,7455.388,9100868600,1.2567405908794127
2017-06-16,7453.603,7463.048,7433.422,7442.953,7877082300,-0.1667921240316339
2017-06-19,7435.255,7489.823,7435.239,7489.76,7434824200,0.6288767374992066
2017-06-20,7496.889,7542.134,7495.724,7503.801,8875375000,0.18746929140587287
2017-06-21,7510.011,7521.214,7456.565,7504.192,8202057400,0.0052106925543471405
2017-06-22,7495.919,7506.406,7371.962,7371.962,9213568400,-1.762081780423519
2017-06-23,7355.757,7383.925,7262.407,7376.665,8128014100,0.06379577105795065
2017-06-26,7370.618,7462.248,7363.385,7462.096,7595195700,1.15812497924197
2017-06-27,7461.397,7493.818,7442.852,7474.033,7565232900,0.15996845926400383
2017-06-28,7457.361,7457.712,7411.383,7423.468,7005321500,-0.6765423700965778
2017-06-29,7424.969,7480.737,7424.969,7456.672,6729745400,0.44728420732735863
2017-06-30,7435.7,7473.271,7416.448,7465.762,6415020300,0.12190424897327024
2017-07-03,7468.151,7537.335,7460.445,7537.106,7448629300,0.9556157830908685
2017-07-04,7533.988,7540.937,7506.52,7523.695,7264817800,-0.177933015669407
2017-07-05,7520.865,7588.122,7510.535,7588.087,8289033400,0.855856065404037
2017-07-06,7583.149,7613.256,7543.338,7601.785,10042564600,0.1805198069025682
2017-07-07,7585.332,7623.5,7576.813,7623.38,9419961400,0.28407801588705706
2017-07-10,7613.314,7626.853,7567.096,7577.818,9969848700,-0.5976614047837003
2017-07-11,7566.406,7575.471,7484.058,7484.058,9099108200,-1.2372954853230866
2017-07-12,7471.56,7494.954,7367.258,7474.333,8979219500,-0.12994287323803144
2017-07-13,7463.278,7494.732,7452.13,7474.3,8180838900,-0.00044151096826317016
2017-07-14,7460.529,7465.541,7415.584,7433.18,7379490900,-0.550151853685299
2017-07-17,7405.913,7405.913,7048.535,7048.535,11649610500,-5.174703155311732
2017-07-18,7013.311,7109.942,6988.521,7109.6,8260012100,0.8663502415750202
2017-07-19,7097.54,7202.952,7081.515,7202.805,10196642900,1.3109738944525606
2017-07-20,7199.678,7273.982,7192.066,7244.9,10617249100,0.5844250955009844
2017-07-21,7232.807,7268.241,7227.959,7252.707,10007728100,0.10775856119478178
2017-07-24,7235.01,7295.284,7228.836,7292.649,10620252100,0.550718511033188
2017-07-25,7281.391,7297.108,7237.524,7278.843,9238919600,-0.1893139241995634
2017-07-26,7275.878,7290.141,7238.267,7289.877,9634742100,0.1515900260522285
2017-07-27,7274.15,7388.295,7252.462,7383.115,12416969000,1.2790064907816534
2017-07-28,7366.553,7400.367,7361.362,7386.208,10320328000,0.041892886674532726
2017-07-31,7382.964,7445.245,7371.037,7444.957,11985068800,0.7953878363566425
2017-08-01,7444.751,7456.409,7416.975,7452.933,11632211900,0.10713292232580329
2017-08-02,7445.285,7453.205,7385.347,7389.51,12243632700,-0.8509804126777931
2017-08-03,7374.473,7451.612,7368.535,7424.107,11416278200,0.4681907190057233
2017-08-04,7417.314,7447.358,7389.146,7389.146,12360072800,-0.4709118551227798
2017-08-07,7379.028,7445.678,7379.028,7445.18,9965881800,0.7583284996669493
2017-08-08,7446.233,7482.253,7423.206,7470.693,12056669900,0.3426780816581987
2017-08-09,7469.285,7495.797,7455.692,7495.388,11308396400,0.3305583565005321
2017-08-10,7478.928,7499.867,7381.211,7441.237,11552497800,-0.7224575965913971
2017-08-11,7389.741,7425.295,7318.48,7328.402,11710024700,-1.5163473492377677
2017-08-14,7331.637,7475.196,7331.637,7474.644,10515812000,1.9955510082552808
2017-08-15,7477.269,7507.763,7462.437,7507.291,10108952400,0.4367699652317869
2017-08-16,7502.57,7553.503,7475.203,7544.387,11264994700,0.4941329702018882
2017-08-17,7547.781,7615.75,7545.627,7614.212,12577428100,0.9255225109740639
2017-08-18,7564.978,7595.272,7547.668,7576.055,11194850700,-0.5011286788442426
2017-08-21,7583.079,7631.946,7583.047,7631.75,10104485500,0.7351451382018759
2017-08-22,7622.991,7622.991,7567.695,7585.112,10214402200,-0.6111049235103305
2017-08-23,7572.078,7581.198,7516.687,7534.461,8637889900,-0.6677686499553359
2017-08-24,7531.842,7540.766,7470.354,7486.058,8463669300,-0.6424215348649343
2017-08-25,7483.846,7566.028,7483.846,7559.306,8660502400,0.9784588898456237
2017-08-28,7563.544,7656.791,7563.544,7642.646,10638838300,1.1024821590765121
2017-08-29,7639.009,7653.175,7607.187,7623.255,10414395200,-0.25372102803138397
2017-08-30,7618.379,7663.329,7618.379,7654.372,10753486400,0.4081852174694367
2017-08-31,7654.336,7680.314,7639.782,7679.871,10204647900,0.33312987662474924
2017-09-01,7687.84,7740.295,7674.196,7739.905,12420419300,0.7817058385485964
2017-09-04,7739.874,7798.509,7730.114,7798.179,13303394200,0.7529032979086914
2017-09-05,7790.695,7803.903,7751.472,7800.537,11898826800,0.030237828600765404
2017-09-06,7776.987,7858.355,7766.036,7858.285,12595709200,0.7403080070000234
2017-09-07,7859.396,7886.92,7819.324,7823.399,13039605300,-0.44393910376118173
2017-09-08,7816.215,7861.038,7789.328,7838.796,11581334100,0.19680704000908378
2017-09-11,7835.818,7920.857,7832.679,7920.69,11994868800,1.0447267667126336
2017-09-12,7926.466,7965.69,7883.657,7899.424,15559584100,-0.26848671012247305
2017-09-13,7888.838,7928.954,7872.764,7928.751,11438944100,0.371254916814201
2017-09-14,7930.825,7951.839,7885.684,7916.666,12538587100,-0.15241997131704155
2017-09-15,7902.197,7904.36,7846.919,7880.566,11648229700,-0.45600003840000625
2017-09-18,7870.641,7941.942,7870.641,7941.683,10339075500,0.775540741616787
2017-09-19,7941.066,7948.3,7880.957,7905.705,10977524500,-0.45302739985970675
2017-09-20,7896.819,7975.607,7883.284,7975.39,11687608900,0.8814520653123381
2017-09-21,7974.712,7981.776,7886.515,7886.515,11685071300,-1.1143655670757147
2017-09-22,7860.863,7873.254,7807.826,7849.727,10213959900,-0.4664671277490817
2017-09-25,7835.197,7843.283,7725.569,7731.798,9162351000,-1.5023325014997368
2017-09-26,7723.112,7751.056,7697.107,7746.239,7784370000,0.1867741500747977
2017-09-27,7745.591,7812.877,7742.474,7810.234,8134662900,0.8261428546162852
2017-09-28,7800.127,7818.988,7766.856,7768.375,8669834200,-0.5359506514145518
2017-09-29,7779.883,7842.955,7779.883,7842.586,8552320000,0.9552963135790904
2017-10-09,7921.732,7945.04,7894.3,7941.18,10227685300,1.257161859621303
2017-10-10,7934.367,7994.744,7925.55,7994.459,10230567100,0.6709204425538795
2017-10-11,7991.217,7997.985,7953.954,7961.11,11472088400,-0.4171514295088663
2017-10-12,7951.666,7962.307,7886.243,7940.138,10087516300,-0.26343060201403645
2017-10-13,7934.432,7972.674,7926.763,7972.419,9082934300,0.4065546467832082
2017-10-16,7963.523,7964.257,7817.241,7819.586,10736255400,-1.917021671841379
2017-10-17,7799.775,7836.397,7772.892,7805.068,7095977100,-0.18566200307791325
2017-10-18,7806.882,7829.985,7729.048,7730.272,8241492200,-0.9583004273633566
2017-10-19,7718.803,7734.901,7637.611,7656.056,8305505800,-0.9600697103543054
2017-10-20,7650.079,7751.428,7647.056,7751.428,6809259900,1.2457066667223904
2017-10-23,7753.685,7793.811,7746.887,7793.537,7175040400,0.5432418387941063
2017-10-24,7786.299,7786.299,7702.55,7752.924,7274650600,-0.5211112746369206
2017-10-25,7745.323,7799.874,7740.493,7799.749,6935858300,0.6039656779816216
2017-10-26,7791.741,7836.702,7783.906,7830.106,8382636100,0.3892048321042063
2017-10-27,7821.56,7831.022,7762.635,7770.713,7770330300,-0.7585210212990745
2017-10-30,7753.676,7755.655,7531.285,7574.655,9645048400,-2.523037461298594
2017-10-31,7563.648,7631.918,7560.895,7631.533,6938445300,0.7508988858238475
2017-11-01,7630.424,7659.373,7622.942,7635.435,7400935400,0.05112996301004369
2017-11-02,7622.835,7622.835,7540.89,7542.355,7661754200,-1.2190530074580042
2017-11-03,7534.443,7549.831,7436.43,7476.981,8004438900,-0.8667584593936462
2017-11-06,7476.195,7551.889,7453.202,7551.353,7338968200,0.9946795371019501
2017-11-07,7548.384,7596.425,7530.042,7596.168,8122616200,0.593469806006941
2017-11-08,7585.911,7653.424,7578.689,7617.525,8667480200,0.28115491916449464
2017-11-09,7610.889,7657.251,7609.241,7656.668,7833248200,0.5138545656233395
2017-11-10,7649.47,7677.7,7634.646,7669.971,8968388900,0.17374398367540067
2017-11-13,7673.517,7682.064,7649.429,7681.635,9678732600,0.1520735867189149
2017-11-14,7676.701,7683.233,7596.799,7627.494,9615793300,-0.7048108898691563
2017-11-15,7609.72,7618.397,7530.812,7556.421,7882488800,-0.931800143008954
2017-11-16,7543.012,7575.51,7523.89,7535.589,7586851900,-0.27568606884132985
2017-11-17,7528.802,7529.214,7262.89,7272.656,10582451100,-3.4892163041269852
2017-11-20,7234.331,7292.506,7089.627,7292.456,7926880000,0.2722526680761561
2017-11-21,7283.613,7332.981,7246.203,7289.307,7828905600,-0.04318161124318154
2017-11-22,7290.644,7330.648,7244.988,7297.391,8372176900,0.11090217492555343
2017-11-23,7283.748,7283.748,7124.026,7129.055,8491704100,-2.3067970456838505
2017-11-24,7102.263,7165.405,7093.733,7139.553,6877442100,0.14725654381961828
2017-11-27,7130.1,7148.311,7057.33,7065.84,6602616100,-1.0324595951595295
2017-11-28,7057.53,7177.1,7057.355,7176.92,6484470300,1.5720706950624441
2017-11-29,7176.156,7194.784,7110.485,7193.12,7938698500,0.22572356944203786
2017-11-30,7176.151,7199.271,7133.81,7153.573,7125352200,-0.549789243054466
2017-12-01,7144.482,7221.002,7144.067,7215.776,6877342600,0.86953750244807
2017-12-04,7209.777,7215.284,7135.398,7139.749,6849065100,-1.0536219527878865
2017-12-05,7124.98,7139.703,6909.402,6946.557,8294743000,-2.7058654302833385
2017-12-06,6925.46,7016.872,6879.241,7016.764,7407381000,1.0106733450830463
2017-12-07,7002.461,7052.215,6992.922,7012.707,6590700300,-0.05781867538939833
2017-12-08,7004.123,7091.611,7002.644,7078.001,6967196700,0.9310812500793242
2017-12-11,7089.95,7160.835,7089.917,7160.425,7466899600,1.1645095839913022
2017-12-12,7157.731,7157.731,7095.227,7095.595,7557460300,-0.905393185460357
2017-12-13,7080.616,7140.197,7078.256,7139.719,6657978400,0.6218505988574652
2017-12-14,7131.271,7149.223,7103.924,7146.449,7112108700,0.0942614128091046
2017-12-15,7137.041,7146.709,7092.257,7122.748,7533755600,-0.3316472278749871
2017-12-18,7113.779,7120.851,7049.304,7075.865,6768024400,-0.6582150596932457
2017-12-19,7070.219,7116.091,7069.882,7115.851,6120247100,0.5651040544159658
2017-12-20,7106.66,7112.589,7029.7,7041.5,7043984900,-1.0448644863418233
2017-12-21,7029.023,7064.667,6963.135,7051.339,7126026800,0.1397287509763645
2017-12-22,7043.389,7063.814,7027.202,7037.397,6629235800,-0.1977213122216881
2017-12-25,7031.033,7034.197,6927.319,6940.511,7020100100,-1.3767306292369108
2017-12-26,6935.04,6970.984,6893.616,6970.746,6335755300,0.4356307482258792
2017-12-27,6963.064,6985.489,6935.877,6942.539,7226388500,-0.40464822559881375
2017-12-28,6929.544,6979.075,6925.067,6956.483,7527486300,0.20084870967236323
2017-12-29,6957.015,7018.065,6956.588,7017.351,6669009700,0.8749823725580752
2018-01-02,7027.635,7092.221,7022.232,7092.095,7719102700,1.06513127247021
2018-01-03,7090.866,7163.857,7083.107,7159.876,9141001000,0.9557260583790805
2018-01-04,7149.679,7175.348,7141.696,7174.865,8882211800,0.2093472009850439
2018-01-05,7172.001,7194.979,7163.042,7176.868,9240143300,0.027916901572377917
2018-01-08,7172.044,7188.545,7132.94,7188.291,9759601400,0.15916413677943275
2018-01-09,7179.927,7183.284,7156.197,7176.742,8476207300,-0.1606640577016094
2018-01-10,7172.725,7175.078,7089.656,7138.781,9208339700,-0.5289447495813615
2018-01-11,7121.461,7180.332,7093.728,7175.398,8917055700,0.5129307090384172
2018-01-12,7166.746,7174.841,7125.231,7127.828,9288887900,-0.6629597410485077
2018-01-15,7103.612,7103.701,6912.708,6929.307,10675138600,-2.7851541872222607
2018-01-16,6916.157,6960.726,6915.991,6960.677,8686545400,0.4527148241519674
2018-01-17,6938.721,6948.323,6846.557,6942.863,9040445400,-0.25592338216525734
2018-01-18,6928.095,6963.624,6926.586,6955.232,7102332500,0.178154170692979
2018-01-19,6953.336,6981.813,6928.649,6938.312,7554427700,-0.2432701022769601
2018-01-22,6928.798,7014.826,6902.63,7014.548,8149037100,1.0987686918662698
2018-01-23,7008.971,7028.567,6996.644,7019.975,7862263700,0.07736777907858539
2018-01-24,7008.469,7072.871,6972.691,7072.406,9127926800,0.7468830017200778
2018-01-25,7065.296,7110.151,7057.636,7062.635,9715572800,-0.1381566612550178
2018-01-26,7043.271,7070.601,7037.998,7056.013,8259698500,-0.09376103961199478
2018-01-29,7052.308,7060.124,6956.198,6972.479,8743823100,-1.1838697009203258
2018-01-30,6955.677,6977.097,6944.799,6955.243,7330462100,-0.2472004576851372
2018-01-31,6913.355,6913.355,6773.987,6791.009,9371795300,-2.361297800810125
2018-02-01,6775.359,6792.99,6505.761,6506.453,10818896900,-4.190187349184771
2018-02-02,6454.445,6493.224,6322.576,6487.867,8589562400,-0.2856548721707597
2018-02-05,6403.078,6485.754,6379.834,6461.813,7066574500,-0.4015803653188321
2018-02-06,6353.205,6383.182,6142.403,6142.668,9107837500,-4.938938963414763
2018-02-07,6236.456,6270.569,6042.627,6158.257,8468120000,0.25378223273664346
2018-02-08,6141.783,6243.737,6138.166,6238.221,6331098900,1.2984842951504039
2018-02-09,6100.348,6142.313,5983.766,6053.02,8124400700,-2.968811140227301
2018-02-12,6074.461,6216.516,6074.461,6203.752,6214402200,2.4901949770527843
2018-02-13,6229.376,6268.775,6211.628,6216.51,6140257600,0.20564974228498567
2018-02-14,6216.381,6230.732,6182.893,6230.663,4307827500,0.2276679358675482
2018-02-22,6269.367,6347.149,6269.367,6347.083,5693553300,1.8685009925909934
2018-02-23,6346.822,6367.056,6316.543,6365.916,6421282000,0.29671898098702076
2018-02-26,6396.507,6509.624,6382.154,6507.128,8953016700,2.2182510733726124
2018-02-27,6506.4,6540.75,6491.533,6529.38,9236127600,0.3419634591481868
2018-02-28,6488.25,6581.082,6461.367,6563.808,8803159000,0.5272782408130672
2018-03-01,6530.223,6658.935,6517.588,6658.578,9108139800,1.443826510464663
2018-03-02,6621.526,6672.962,6612.458,6632.371,8912044600,-0.39358253368813045
2018-03-05,6648.26,6674.414,6626.421,6674.277,7931678300,0.631840408203943
2018-03-06,6679.275,6735.961,6679.051,6735.859,9646599500,0.9226767183921236
2018-03-07,6726.802,6740.083,6682.643,6688.545,8571776500,-0.7024196913860581
2018-03-08,6679.036,6725.418,6678.676,6725.183,7901547700,0.5477723480966423
2018-03-09,6725.43,6839.719,6722.68,6837.126,10663891200,1.6645346305074638
2018-03-12,6865.445,6947.646,6865.445,6947.46,12337832400,1.6137482328101083
2018-03-13,6937.125,6963.849,6906.654,6911.666,11115292900,-0.5152098752637668
2018-03-14,6886.019,6908.112,6831.752,6834.835,9418943000,-1.111613321592797
2018-03-15,6809.854,6838.893,6743.396,6824.052,9122405800,-0.15776533010672944
2018-03-16,6821.228,6861.683,6805.926,6805.926,8745533900,-0.26561931239679204
2018-03-19,6796.348,6856.089,6773.547,6820.502,8417340000,0.21416630154369454
2018-03-20,6768.712,6826.78,6749.813,6822.255,8134030600,0.025701920474463513
2018-03-21,6826.222,6875.519,6766.935,6771.055,9589589500,-0.750484993598155
2018-03-22,6767.265,6804.244,6729.164,6764.69,8580898800,-0.09400307633006255
2018-03-23,6565.975,6625.104,6336.247,6402.893,13237325700,-5.3483160351767705
2018-03-26,6313.896,6515.332,6257.964,6515.251,9470310700,1.7548005253250398
2018-03-27,6570.418,6692.967,6570.418,6680.844,11019570700,2.5416211900354924
2018-03-28,6602.634,6683.998,6586.97,6635.873,9937145600,-0.6731335142685646
2018-03-29,6648.889,6686.735,6635.818,6684.275,9121421100,0.7293991310562964
2018-03-30,6699.46,6799.018,6699.46,6798.668,10209194900,1.7113748312270305
2018-04-02,6818.124,6875.638,6806.194,6835.875,11829786400,0.5472689650384499
2018-04-03,6745.213,6775.999,6712.495,6769.558,10135728000,-0.9701318412054016
2018-04-04,6783.344,6804.038,6704.104,6708.922,9264576600,-0.8957157911934632
2018-04-09,6680.397,6747.695,6627.684,6718.649,8753844500,0.14498603501427176
2018-04-10,6721.91,6731.55,6649.889,6720.774,9416463300,0.03162838243224719
2018-04-11,6736.218,6778.18,6731.35,6759.812,9513179200,0.580855716915929
2018-04-12,6748.473,6772.428,6718.507,6727.645,8845448300,-0.4758564291432843
2018-04-13,6753.346,6771.118,6710.709,6721.663,8455936600,-0.08891670116364381
2018-04-16,6704.339,6750.177,6657.946,6717.931,9313585600,-0.055521974249528316
2018-04-17,6727.422,6739.171,6559.039,6564.692,9725995400,-2.281044565655699
2018-04-18,6597.33,6668.385,6483.092,6661.291,10186924100,1.4714932551291193
2018-04-19,6649.049,6717.529,6642.06,6677.09,10140045800,0.23717624706682816
2018-04-20,6649.994,6670.492,6528.923,6535.963,9534615800,-2.11360038579681
2018-04-23,6532.721,6557.762,6394.422,6466.519,8717607200,-1.0624907148342078
2018-04-24,6459.482,6606.584,6459.482,6606.584,9152838700,2.1660030690391574
2018-04-25,6571.657,6641.537,6563.663,6632.019,9013361900,0.3849947264728648
2018-04-26,6621.455,6623.945,6509.51,6510.534,9017435200,-1.8317951139766087
2018-04-27,6528.733,6549.291,6462.701,6517.054,7573781600,0.10014539513962806
2018-05-02,6516.604,6551.252,6442.776,6486.814,7555839200,-0.46401334099732683
2018-05-03,6471.169,6546.032,6393.123,6545.274,8059867600,0.9012128295955435
2018-05-04,6524.016,6565.72,6511.535,6531.293,7087789300,-0.21360450303532508
2018-05-07,6538.134,6646.678,6538.134,6646.584,8149441600,1.765209430965653
2018-05-08,6647.341,6678.46,6637.652,6678.145,8433144100,0.4748454243563405
2018-05-09,6666.774,6685.692,6642.197,6674.909,8101661500,-0.04845656990078995
2018-05-10,6682.12,6703.668,6651.67,6703.211,9217653100,0.42400578045334036
2018-05-11,6705.306,6707.816,6635.547,6636.767,8688035300,-0.9912264435656293
2018-05-14,6625.029,6639.841,6573.46,6591.73,7902454800,-0.6785984802540224
2018-05-15,6592.648,6661.42,6568.725,6661.129,7561461100,1.0528192143792303
2018-05-16,6638.671,6670.646,6616.745,6622.641,7987825400,-0.5777999495280794
2018-05-17,6616.443,6631.073,6576.528,6591.255,7323544400,-0.47391969457500904
2018-05-18,6583.868,6621.153,6555.422,6620.775,7676169400,0.447866149921361
2018-05-21,6654.05,6705.831,6653.985,6697.144,9489491200,1.15347523514997
2018-05-22,6691.804,6724.737,6675.975,6724.398,9011142300,0.4069495892577546
2018-05-23,6702.495,6707.826,6652.292,6652.292,9294004400,-1.0723041675998357
2018-05-24,6649.015,6666.727,6625.541,6628.502,7479996800,-0.35762110262147484
2018-05-25,6622.511,6630.017,6536.346,6541.45,8455547600,-1.3132982384255198
2018-05-28,6526.843,6543.059,6463.572,6490.405,7946946000,-0.7803315778611819
2018-05-29,6481.82,6522.835,6436.306,6436.773,7834365100,-0.826327478793687
2018-05-30,6345.94,6351.511,6222.1,6232.416,9271053300,-3.1748362106291506
2018-05-31,6274.764,6315.842,6231.162,6315.172,7956685500,1.3278317750291313
2018-06-01,6285.046,6324.893,6209.109,6243.732,7830382000,-1.131243931281678
2018-06-04,6252.26,6265.576,6192.905,6215.609,6721235400,-0.4504197169256985
2018-06-05,6210.978,6316.48,6210.978,6316.419,6976182600,1.6218845168671336
2018-06-06,6308.785,6331.746,6295.903,6320.474,6580838300,0.06419776775417052
2018-06-07,6334.402,6340.681,6268.768,6274.884,6878681900,-0.7213066614940589
2018-06-08,6261.683,6261.683,6159.986,6205.956,7220534300,-1.0984744897276189
2018-06-11,6187.618,6197.943,6133.474,6151.938,6274401200,-0.8704218979316058
2018-06-12,6152.023,6199.32,6086.6,6199.154,6426719900,0.76749798193676
2018-06-13,6180.975,6180.975,6091.402,6092.345,6746971300,-1.7229609072463736
2018-06-14,6069.256,6125.313,6040.094,6060.129,6396890000,-0.52879474159786
2018-06-15,6054.89,6069.753,5900.133,5928.073,8119767200,-2.1790955275044377
2018-06-19,5821.044,5829.578,5463.369,5522.529,10283066500,-6.841076349768294
2018-06-20,5485.055,5612.483,5458.532,5588.27,8036770900,1.1904147538202237
2018-06-21,5578.239,5623.963,5454.829,5456.911,8410382700,-2.3506201382538894
2018-06-22,5413.379,5545.151,5384.054,5541.374,7547507900,1.5478170708666417
2018-06-25,5579.436,5592.616,5508.64,5512.433,7003653200,-0.5222711912244105
2018-06-26,5434.389,5563.359,5411.498,5558.714,7802938500,0.8395748302065575
2018-06-27,5557.591,5583.63,5489.919,5508.915,7609946200,-0.8958726784648374
2018-06-28,5494.953,5547.572,5439.871,5443.849,6980846400,-1.1811037200610275
2018-06-29,5441.957,5608.536,5435.494,5608.536,8374165000,3.025194122761299
2018-07-02,5601.736,5625.504,5495.095,5538.092,8844532000,-1.2560140471595482
2018-07-03,5531.581,5602.063,5450.213,5601.591,8542994300,1.1465862250031433
2018-07-04,5574.179,5580.171,5478.657,5500.665,7875357800,-1.8017381133324517
2018-07-05,5484.072,5507.806,5352.66,5352.66,7806265400,-2.6906746729713604
2018-07-06,5345.881,5442.077,5251.502,5374.58,8691298100,0.40951601633580914
2018-07-09,5378.81,5487.796,5378.81,5487.549,7782370600,2.1019130797197194
2018-07-10,5487.344,5525.028,5474.141,5524.802,7568918700,0.67886409761444
2018-07-11,5441.239,5442.013,5317.7,5396.312,8338513600,-2.325694205873796
2018-07-12,5385.812,5552.717,5385.812,5541.36,9483435700,2.6879098169268145
2018-07-13,5539.136,5570.524,5533.651,5561.685,8459706700,0.36678721469098896
2018-07-16,5552.216,5573.88,5533.128,5566.96,7431843900,0.09484535711747899
2018-07-17,5557.913,5575.791,5507.151,5575.474,7586102000,0.1529380487734766
2018-07-18,5573.019,5612.902,5544.519,5544.519,8505172600,-0.555199432371134
2018-07-19,5533.119,5559.665,5460.468,5480.767,7487730600,-1.1498202098324528
2018-07-20,5469.792,5552.164,5438.073,5541.212,7658396000,1.102856589232859
2018-07-23,5509.235,5582.41,5493.77,5582.307,9431912700,0.7416247564612011
2018-07-24,5578.716,5674.308,5572.984,5672.222,11969016400,1.6107139933364545
2018-07-25,5669.993,5702.279,5662.852,5685.586,10923397700,0.2356043187308421
2018-07-26,5681.07,5695.233,5649.388,5663.178,11568448900,-0.3941194452075858
2018-07-27,5655.311,5669.01,5617.906,5630.227,10276141000,-0.5818464473481111
2018-07-30,5618.901,5634.446,5523.849,5549.037,9367935400,-1.4420377721892863
2018-07-31,5536.709,5562.553,5513.992,5542.543,7212396000,-0.11702931517667547
2018-08-01,5553.759,5578.327,5456.205,5456.205,8426811600,-1.5577326147943271
2018-08-02,5431.127,5431.127,5207.478,5325.801,10325061600,-2.390012838593847
2018-08-03,5313.046,5335.6,5255.631,5255.631,7887993300,-1.3175482899192126
2018-08-06,5234.666,5264.858,5113.336,5144.642,7911212600,-2.111811122203988
2018-08-07,5149.37,5279.856,5108.261,5279.642,8577729600,2.624089295231813
2018-08-08,5263.167,5278.248,5187.611,5191.786,9057595300,-1.6640522217226006
2018-08-09,5166.383,5329.842,5155.062,5307.967,9660996500,2.237784839359702
2018-08-10,5299.492,5344.721,5296.501,5342.047,7725332800,0.6420537279150373
2018-08-13,5278.163,5369.602,5256.579,5369.176,7893930600,0.5078390362346363
2018-08-14,5357.724,5376.262,5334.926,5351.019,7763299000,-0.3381710713152297
2018-08-15,5347.694,5350.61,5236.996,5242.087,7736085500,-2.0357244106215977
2018-08-16,5175.422,5244.663,5127.138,5178.237,7204402800,-1.2180263318788964
2018-08-17,5210.234,5233.497,5073.398,5084.207,7378958100,-1.815868991705083
2018-08-20,5071.138,5103.634,4994.321,5103.634,6933502400,0.38210481988636413
2018-08-21,5097.2,5171.56,5085.903,5162.026,7016217900,1.144125930660378
2018-08-22,5151.441,5156.251,5098.61,5102.359,6496965800,-1.1558833682743797
2018-08-23,5095.364,5151.307,5087.506,5133.329,6398448100,0.6069741466643075
2018-08-24,5122.678,5147.563,5100.142,5116.139,6123012800,-0.3348704125529345
2018-08-27,5121.187,5229.361,5121.187,5229.361,7898601300,2.2130360414367223
2018-08-28,5229.618,5244.153,5212.388,5233.503,7572309200,0.0792066181699802
2018-08-29,5229.071,5229.106,5190.137,5203.712,6564927400,-0.569236322210942
2018-08-30,5193.69,5206.954,5112.179,5114.266,6781896100,-1.7188883627687446
2018-08-31,5096.551,5107.685,5047.621,5057.985,5925713200,-1.100470722484903
2018-09-03,5049.73,5055.284,4973.744,5054.105,6325047500,-0.07671038961167831
2018-09-04,5047.811,5123.258,5042.823,5113.147,7160234000,1.1681989194921805
2018-09-05,5100.337,5115.717,5032.502,5032.502,7513662000,-1.577208713146705
2018-09-06,5016.834,5071.105,4991.777,5012.509,6630553100,-0.39727753709786207
2018-09-07,5018.232,5084.398,4989.039,5022.284,7468411400,0.19501211868147017
2018-09-10,5016.785,5019.469,4921.786,4923.644,7025928800,-1.9640466369484355
2018-09-11,4917.066,4950.635,4884.902,4925.301,6219937800,0.03365393598724342
2018-09-12,4922.35,4956.459,4902.413,4919.806,5833636100,-0.11156678546144772
2018-09-13,4955.789,4978.356,4888.124,4958.165,6695721800,0.7796852152300415
2018-09-14,4958.699,4965.665,4907.093,4907.934,6756904500,-1.013096579077133
2018-09-17,4885.228,4885.228,4812.934,4831.563,6047078900,-1.5560722699205054
2018-09-18,4815.756,4917.385,4813.598,4917.35,7213461700,1.7755537907712338
2018-09-19,4904.238,5001.856,4895.846,4970.012,8785678900,1.0709426825424195
2018-09-20,4961.657,4984.753,4944.654,4951.585,7895421000,-0.3707636923210633
2018-09-21,4957.269,5015.244,4931.352,5011.691,8680959100,1.2138739413743327
2018-09-25,4980.3,5014.024,4965.988,4995.695,6632506400,-0.3191737080358692
2018-09-26,4996.353,5042.514,4987.912,5017.058,7988814900,0.4276281878697663
2018-09-27,5012.454,5018.398,4945.636,4945.691,8831452300,-1.4224870432034131
2018-09-28,4947.723,4987.273,4935.418,4987.273,6999238300,0.8407723005743772
2018-10-08,4906.101,4916.874,4813.087,4817.434,7240327700,-3.40544822791935
2018-10-09,4826.315,4860.915,4790.665,4818.733,6256100500,0.02696456246209511
2018-10-10,4823.35,4842.979,4775.67,4812.427,6414090700,-0.13086427490380803
2018-10-11,4662.957,4671.99,4428.603,4456.608,10792839100,-7.393753713043328
2018-10-12,4415.287,4446.948,4251.671,4427.68,9849827900,-0.6491035334496575
2018-10-15,4435.084,4468.222,4352.271,4358.869,6822101100,-1.5541096014165534
2018-10-16,4358.059,4391.394,4237.508,4261.173,6819949300,-2.2413153503810235
2018-10-17,4311.05,4334.627,4192.825,4292.197,7124790700,0.7280624372678624
2018-10-18,4260.014,4260.014,4143.168,4149.444,7159153300,-3.3258725077157436
2018-10-19,4080.124,4243.97,4066.267,4241.234,7723095300,2.2121035974940195
2018-10-22,4279.756,4491.311,4279.756,4452.737,11187443000,4.98682694706305
2018-10-23,4448.911,4469.572,4352.658,4379.056,9307805200,-1.6547350539679373
2018-10-24,4358.871,4424.907,4340.66,4377.551,7524089200,-0.03436813779040815
2018-10-25,4245.297,4353.777,4223.321,4345.327,8096954100,-0.736119350751141
2018-10-26,4374.458,4412.232,4342.208,4359.474,8261754400,0.32556813330735235
2018-10-29,4341.906,4345.023,4275.724,4296.699,6621137400,-1.4399672988071655
2018-10-30,4284.359,4358.468,4226.592,4336.65,7621092300,0.9298068121597503
2018-10-31,4342.113,4424.505,4337.533,4400.613,8616253000,1.4749403341288936
2018-11-01,4428.859,4493.599,4425.154,4428.736,10184154400,0.639070056830704
2018-11-02,4490.634,4564.177,4483.978,4564.177,11582647900,3.0582315134611626
2018-11-05,4557.918,4620.713,4529.444,4598.201,12238285800,0.7454575052632695
2018-11-06,4585.575,4603.784,4543.712,4603.109,10358747000,0.10673739577717889
2018-11-07,4604.873,4650.363,4589.318,4592.836,11422887700,-0.22317524959760693
2018-11-08,4617.912,4628.265,4568.668,4572.378,10245734500,-0.44543284367219993
2018-11-09,4553.212,4596.761,4542.577,4561.213,8858860400,-0.24418366110587897
2018-11-12,4560.86,4697.346,4556.299,4697.346,11854624400,2.984578882854194
2018-11-13,4648.562,4816.84,4639.585,4790.448,17346364600,1.9820128217082678
2018-11-14,4784.859,4848.058,4776.787,4791.226,15864518300,0.016240652231269692
2018-11-15,4790.335,4871.089,4788.21,4871.089,14033137200,1.666859380041763
2018-11-16,4880.867,4946.792,4867.076,4923.986,15718806400,1.0859378672818387
2018-11-19,4924.291,4942.492,4877.953,4942.492,14806178900,0.3758337249537336
2018-11-20,4899.318,4923.639,4808.411,4811.882,14640450100,-2.6425940598386544
2018-11-21,4754.234,4848.733,4746.679,4847.036,12395381900,0.7305665434023556
2018-11-22,4858.482,4878.096,4831.09,4850.131,11654161300,0.06385345600898873
2018-11-23,4840.941,4841.401,4624.477,4642.117,13402341100,-4.288832610912985
2018-11-26,4631.419,4677.963,4610.584,4633.731,9237920300,-0.1806503369044865
2018-11-27,4662.326,4693.829,4636.963,4671.644,9359030400,0.8181959634687486
2018-11-28,4669.657,4728.576,4607.611,4728.576,10861888800,1.2186716282319487
2018-11-29,4746.629,4758.252,4617.348,4617.348,11050950800,-2.3522515023550405
2018-11-30,4604.269,4654.527,4549.441,4648.184,9593184700,0.6678292387751528
2018-12-03,4762.964,4820.206,4742.469,4802.293,12938589300,3.3154668575942736
2018-12-04,4793.321,4846.17,4782.946,4846.17,11912708700,0.913667699992482
2018-12-05,4750.552,4846.75,4734.979,4816.992,11694757700,-0.6020837073400176
2018-12-06,4796.405,4814.713,4724.531,4730.913,10849249000,-1.7869865675508856
2018-12-07,4738.168,4755.334,4711.358,4731.902,8794634900,0.020905055747166834
2018-12-10,4698.547,4711.322,4660.735,4676.615,8148405400,-1.168388525375219
2018-12-11,4691.591,4720.469,4685.297,4720.469,7931538100,0.9377295330062596
2018-12-12,4733.071,4740.991,4706.395,4718.822,8086911200,-0.034890600912751424
2018-12-13,4727.464,4791.005,4698.373,4763.717,9575691200,0.951402701775983
2018-12-14,4755.016,4756.215,4638.923,4641.888,9900454400,-2.5574357166892936
2018-12-17,4623.128,4634.025,4569.57,4627.228,7574956200,-0.3158197698867271
2018-12-18,4602.398,4634.753,4553.358,4596.61,7234622300,-0.6616920540764459
2018-12-19,4601.368,4604.938,4525.062,4533.396,6912025000,-1.375230876667799
2018-12-20,4523.97,4560.336,4509.567,4550.597,7038223800,0.3794285784872953
2018-12-21,4536.569,4543.869,4484.563,4517.78,6964065100,-0.721158124966903
2018-12-24,4511.215,4558.349,4501.063,4558.317,6608187000,0.8972769811721681
2018-12-25,4512.286,4522.881,4403.063,4514.618,9303586000,-0.9586652266615037
2018-12-26,4509.323,4531.113,4487.785,4494.498,7671039000,-0.4456633983207614
2018-12-27,4553.715,4561.919,4424.653,4424.653,8099668900,-1.5540111487422958
2018-12-28,4429.041,4454.965,4396.368,4430.024,7152888900,0.1213880500911646
2019-01-02,4436.745,4444.436,4399.588,4408.525,6627224000,-0.4853021112301126
2019-01-03,4404.311,4446.03,4375.856,4376.858,8049498000,-0.7183128143766759
2019-01-04,4338.059,4497.909,4326.327,4497.893,10347081200,2.765339885369822
2019-01-07,4523.23,4598.634,4515.995,4594.148,11455361800,2.1400019964903594
2019-01-08,4586.835,4596.798,4567.288,4585.033,10741102300,-0.19840457904272135
2019-01-09,4588.693,4654.774,4578.454,4594.739,12317385800,0.21168877083326265
2019-01-10,4592.744,4619.825,4571.094,4582.483,10648293900,-0.26673985181746573
2019-01-11,4585.221,4621.614,4575.638,4621.611,10412423600,0.8538602325420364
2019-01-14,4621.695,4625.559,4580.542,4594.19,10173812000,-0.5933212466388893
2019-01-15,4583.548,4644.166,4569.144,4644.166,10156223700,1.0878087323336727
2019-01-16,4644.226,4669.63,4632.07,4637.197,10221963000,-0.1500592356087238
2019-01-17,4632.275,4639.786,4590.31,4595.49,10344010500,-0.8994010821623544
2019-01-18,4596.253,4627.66,4576.77,4626.413,10917522500,0.6728988638861066
2019-01-21,4629.787,4668.478,4624.647,4655.111,10007606400,0.6203077848864869
2019-01-22,4651.034,4651.096,4589.368,4603.203,9712104100,-1.1150754514768657
2019-01-23,4590.693,4609.684,4580.625,4609.672,8517290100,0.14053258133519542
2019-01-24,4613.934,4651.018,4591.803,4635.747,9905679700,0.5656584676740684
2019-01-25,4634.064,4651.321,4606.87,4607.945,9992719000,-0.599730744581195
2019-01-28,4629.428,4640.62,4565.792,4570.399,9048799900,-0.8148100726028451
2019-01-29,4557.812,4558.047,4419.404,4490.051,9671803600,-1.7580084364625437
2019-01-30,4464.798,4492.658,4422.359,4423.136,7448897800,-1.490294876383358
2019-01-31,4408.11,4441.416,4328.923,4355.736,9457219400,-1.5238057342121136
2019-02-01,4369.271,4482.985,4369.271,4482.985,7771265900,2.921412133334056
2019-02-11,4497.53,4611.83,4497.53,4611.83,9267257700,2.8740894738661815
2019-02-12,4611.855,4685.13,4604.1,4675.792,11233101200,1.3869114863297227
2019-02-13,4679.692,4766.179,4672.784,4759.826,13630586500,1.7972142473403396
2019-02-14,4758.506,4801.093,4741.523,4780.044,12283560100,0.42476342622608243
2019-02-15,4772.985,4805.797,4763.764,4773.514,12521237100,-0.1366096211666612
2019-02-18,4805.33,4942.876,4805.33,4942.876,16485188500,3.547952305157165
2019-02-19,4964.219,4988.26,4897.232,4963.751,19235806500,0.4223249784133687
2019-02-20,4958.891,4971.127,4906.629,4967.039,16521607000,0.06624022840791
2019-02-21,4957.63,5046.622,4930.973,4947.658,19094430000,-0.39019222518686947
2019-02-22,4935.437,5059.509,4932.203,5059.509,17859898200,2.2606857628397092
2019-02-25,5129.467,5324.515,5120.467,5324.247,27981198900,5.232484021670891
2019-02-26,5335.384,5438.879,5273.901,5323.757,30107973800,-0.009203179341621404
2019-02-27,5312.564,5391.868,5245.409,5310.275,24946198900,-0.25324221221967314
2019-02-28,5306.203,5370.209,5291.976,5330.339,20046640600,0.37783353969427225
2019-03-01,5344.422,5364.366,5286.0,5364.366,17893860700,0.6383646518542285
2019-03-04,5418.714,5562.196,5418.269,5482.299,27320234600,2.198451783491273
2019-03-05,5470.704,5654.306,5451.29,5654.306,26806236700,3.137497608211448
2019-03-06,5694.904,5776.976,5625.337,5776.973,32277141300,2.169443960054518
2019-03-07,5775.3,5928.609,5750.051,5877.297,32926050700,1.736618814039792
2019-03-08,5736.932,5913.033,5633.288,5633.319,32870379400,-4.151193992748691
2019-03-11,5682.572,5876.342,5645.185,5876.342,26426166700,4.314028728002084
2019-03-12,5922.573,6046.623,5897.166,6006.178,31824694800,2.2094697687779385
2019-03-13,6014.509,6039.975,5822.569,5866.633,29314895800,-2.323357716005092
2019-03-14,5810.023,5860.931,5622.339,5688.95,23297385100,-3.0287048806359573
2019-03-15,5723.646,5816.315,5704.266,5777.109,20034346700,1.5496532752089731
2019-03-18,5801.317,5916.344,5743.599,5916.344,21233365100,2.410115509331745
2019-03-19,5916.169,5968.338,5895.181,5941.909,20832549200,0.43210807214724145
2019-03-20,5935.271,5948.855,5811.201,5926.17,21444529400,-0.2648812023206659
2019-03-21,5929.752,6034.478,5914.673,5990.639,24702048800,1.0878695683721462
2019-03-22,5981.696,6022.067,5889.681,6014.546,22226488100,0.3990726197989902
2019-03-25,5914.849,6039.662,5890.4,5961.435,22034759100,-0.8830425438595024
2019-03-26,5982.361,6006.943,5774.739,5788.36,20923874600,-2.9032439337173144
2019-03-27,5822.686,5842.072,5696.127,5826.527,17422342500,0.6593750215950767
2019-03-28,5797.866,5872.205,5744.232,5747.863,17183155300,-1.3501010121466872
2019-03-29,5748.918,5911.217,5699.694,5911.212,19259481000,2.8419083753387975
2019-04-01,5961.794,6137.733,5961.794,6137.733,24407525300,3.83205677617382
2019-04-02,6181.081,6234.752,6135.799,6174.942,26150489100,0.6062336044920791
2019-04-03,6142.368,6237.158,6114.6,6237.016,23699462700,1.0052564056472146
2019-04-04,6262.689,6283.293,6198.034,6260.07,24339563500,0.3696318880695548
2019-04-08,6303.435,6322.479,6130.755,6230.214,26032327500,-0.47692757429229626
2019-04-09,6212.731,6261.148,6164.966,6245.432,20854766000,0.24426127256622632
2019-04-10,6203.396,6289.933,6159.233,6235.707,23041485300,-0.15571380810806001
2019-04-11,6232.89,6249.497,6106.665,6106.95,21696391900,-2.064834027641138
2019-04-12,6097.072,6130.376,6047.833,6101.205,17732097800,-0.09407314616952656
2019-04-15,6178.503,6215.377,6049.241,6052.053,19181823900,-0.8056113505446882
2019-04-16,6019.125,6179.801,5978.727,6179.801,19800145600,2.110820906558497
2019-04-17,6181.763,6267.587,6175.581,6234.111,22208530100,0.8788308879201789
2019-04-18,6229.695,6255.791,6188.12,6202.845,21223045200,-0.5015310122004513
2019-04-19,6198.613,6255.257,6147.157,6255.252,20712106200,0.8448864996626559
2019-04-22,6270.368,6274.459,6171.313,6192.144,21458795200,-1.0088802177753986
2019-04-23,6175.125,6175.819,6061.749,6078.267,21300338600,-1.8390560684635293
2019-04-24,6081.959,6153.391,6017.86,6153.391,18217636600,1.2359443900703981
2019-04-25,6130.01,6140.298,5899.647,5899.907,21251176100,-4.119419682578263
2019-04-26,5861.789,5926.044,5830.354,5834.377,17250145800,-1.1106954736744057
2019-04-29,5831.238,5849.638,5613.827,5622.484,17982449400,-3.6318016473738335
2019-04-30,5595.808,5718.315,5595.808,5682.236,13450204300,1.0627331264970952
2019-05-06,5480.129,5496.836,5212.991,5246.83,16781411800,-7.662582124360906
2019-05-07,5273.223,5353.607,5214.897,5312.496,14424456000,1.251536642124873
2019-05-08,5198.836,5376.9,5166.403,5292.746,14563632900,-0.37176498579951645
2019-05-09,5243.716,5308.02,5229.825,5237.825,12105840800,-1.0376655142718016
2019-05-10,5292.451,5445.545,5192.698,5445.526,17248179000,3.965405487964957
2019-05-13,5385.762,5440.908,5366.777,5405.615,13504594600,-0.7329135881455673
2019-05-14,5333.847,5422.623,5328.008,5368.229,13038316400,-0.6916141826600608
2019-05-15,5412.935,5491.396,5403.479,5486.387,14681752100,2.201061094822876
2019-05-16,5488.266,5539.351,5478.065,5527.275,16571358900,0.7452627749373164
2019-05-17,5527.379,5530.905,5306.466,5330.986,17575493000,-3.5512797897698234
2019-05-20,5326.193,5330.183,5200.676,5313.149,13549768200,-0.3345910118690898
2019-05-21,5305.438,5425.313,5287.307,5418.045,14260288000,1.9742717548482114
2019-05-22,5418.242,5451.115,5351.704,5395.43,14202333000,-0.41740147968500896
2019-05-23,5380.413,5380.413,5251.34,5267.827,14360000000,-2.365020026207365
2019-05-24,5230.899,5279.652,5186.872,5200.774,11814676800,-1.2728777919244427
2019-05-27,5204.421,5360.0,5179.19,5354.634,12815537800,2.9584058065203367
2019-05-28,5353.851,5414.645,5332.931,5354.525,13938944500,-0.002035619988227655
2019-05-29,5336.837,5411.079,5329.909,5376.513,12272879000,0.4106433343760596
2019-05-30,5357.488,5357.488,5270.892,5341.98,13334217000,-0.6422936204190433
2019-05-31,5336.692,5384.477,5319.212,5334.248,12794045700,-0.1447403397242253
2019-06-03,5341.268,5354.694,5235.519,5255.074,14014095700,-1.4842579497616137
2019-06-04,5244.731,5249.53,5131.01,5160.977,11911391500,-1.7905932437868533
2019-06-05,5206.155,5222.866,5148.289,5158.465,10859705700,-0.04867295475254885
2019-06-06,5149.381,5149.381,5011.756,5030.801,11269256000,-2.4748447454814526
2019-06-10,5043.332,5112.428,5021.998,5098.938,9852406200,1.3543966457826517
2019-06-11,5103.85,5289.791,5096.021,5289.624,15523564900,3.739719918147655
2019-06-12,5276.704,5315.965,5251.051,5264.886,15003153800,-0.46767029187706477
2019-06-13,5256.905,5306.977,5237.959,5294.113,13516814700,0.5551307283766516
2019-06-14,5297.742,5307.083,5170.976,5173.069,13273826500,-2.286388673607831
2019-06-17,5168.35,5192.126,5140.266,5160.673,9576465700,-0.2396256458207069
2019-06-18,5160.112,5183.02,5125.096,5160.878,9200804500,0.003972350117908974
2019-06-19,5268.936,5292.279,5231.966,5234.275,13087875800,1.4221804894438472
2019-06-20,5228.491,5329.97,5199.87,5317.31,14803715300,1.586370605289189
2019-06-21,5350.291,5423.19,5350.291,5406.04,16747810800,1.6687009032762656
2019-06-24,5412.552,5427.668,5374.521,5403.798,13085816500,-0.041472131171804705
2019-06-25,5397.06,5397.06,5289.841,5351.69,13454471800,-0.9642847493559148
2019-06-26,5323.697,5384.055,5303.237,5351.391,10768663000,-0.005587020174935287
2019-06-27,5361.978,5415.36,5360.486,5397.571,12140918400,0.8629532022608855
2019-06-28,5389.979,5389.979,5289.435,5321.433,11952729400,-1.4105974706029811
2019-07-01,5418.213,5481.409,5392.445,5481.409,14921434300,3.0062579008323542
2019-07-02,5482.443,5501.118,5462.729,5483.515,13305282000,0.03842077830720214
2019-07-03,5465.945,5465.945,5408.579,5428.514,12129543500,-1.0030245198563326
2019-07-04,5435.484,5450.289,5381.047,5404.384,11408144600,-0.4445047023918569
2019-07-05,5404.707,5433.693,5379.888,5424.25,9690498600,0.36759045989329664
2019-07-08,5410.203,5410.203,5221.953,5244.266,12348714500,-3.3181361478545446
2019-07-09,5239.857,5270.46,5203.855,5260.344,9088317300,0.3065824654966187
2019-07-10,5267.273,5271.241,5196.818,5214.644,8698666400,-0.8687644762395696
2019-07-11,5236.656,5271.613,5180.956,5206.399,8882537400,-0.15811242339841547
2019-07-12,5209.296,5229.842,5173.052,5219.189,8487735400,0.24565923587493987
2019-07-15,5203.577,5289.011,5140.804,5273.815,10328513600,1.0466377055898812
2019-07-16,5264.647,5289.011,5254.623,5285.229,8824697200,0.2164277662375369
2019-07-17,5282.562,5312.707,5269.244,5289.424,9870641600,0.07937215208648762
2019-07-18,5265.367,5265.367,5194.602,5194.602,9655468000,-1.792671564994608
2019-07-19,5205.728,5263.34,5205.702,5220.027,8770604700,0.48945039485219777
2019-07-22,5222.063,5222.343,5067.098,5073.333,9879986000,-2.810215349460843
2019-07-23,5072.769,5131.097,5072.769,5131.097,7424977800,1.1385808895256755
2019-07-24,5141.944,5219.15,5141.9,5194.829,9197206500,1.24207357607935
2019-07-25,5193.655,5220.125,5181.277,5211.086,8552072800,0.3129458159258025
2019-07-26,5201.559,5222.328,5188.242,5216.602,7786305200,0.10585125634079429
2019-07-29,5217.93,5235.01,5197.021,5218.983,7641457900,0.04564273831892951
2019-07-30,5217.066,5269.314,5216.814,5239.718,8437062400,0.3972996271495832
2019-07-31,5229.142,5229.142,5193.18,5200.095,8230637500,-0.7562048186562587
2019-08-01,5172.082,5201.481,5151.394,5173.229,8024739000,-0.5166444074579446
2019-08-02,5073.999,5101.135,5047.394,5091.063,10140519900,-1.5882923412050776
2019-08-05,5076.112,5124.383,5032.642,5032.642,9106650200,-1.147520665134183
2019-08-06,4940.87,4940.87,4781.876,4899.816,12661971500,-2.6392896613746775
2019-08-07,4928.136,4941.958,4884.991,4885.44,8995194600,-0.29339877252534396
2019-08-08,4901.816,4936.829,4901.71,4923.327,8338825800,0.7755084495971731
2019-08-09,4948.516,4963.004,4861.125,4869.792,8953496500,-1.0873744522758688
2019-08-12,4873.887,4952.217,4859.622,4952.217,7882421700,1.6925774242513736
2019-08-13,4917.893,4935.941,4903.823,4928.465,7901831800,-0.4796235706149288
2019-08-14,4980.386,4997.439,4953.979,4961.751,9003471600,0.6753827002931034
2019-08-15,4848.869,4985.538,4829.413,4985.421,9532860900,0.47704933197978416
2019-08-16,4981.563,5044.205,4979.929,5013.582,9622850300,0.5648670393132216
2019-08-19,5054.484,5173.177,5054.484,5173.177,13103217900,3.1832530115194935
2019-08-20,5183.008,5220.68,5168.938,5185.265,13273004100,0.23366685501000628
2019-08-21,5177.875,5203.646,5168.809,5186.622,11489601300,0.026170311449846828
2019-08-22,5200.058,5208.552,5165.615,5208.552,11415236900,0.4228185512651361
2019-08-23,5210.419,5224.571,5179.468,5197.548,12037115300,-0.21126793012722356
2019-08-26,5096.104,5186.403,5087.701,5168.68,12237432300,-0.5554157460402331
2019-08-27,5196.143,5283.058,5196.143,5266.658,14709064800,1.8956097107965642
2019-08-28,5261.621,5274.678,5236.018,5256.177,14054848200,-0.199006656593248
2019-08-29,5262.959,5286.113,5249.749,5260.95,13075279300,0.0908074442698581
2019-08-30,5280.514,5289.042,5160.447,5182.956,14630683100,-1.4825079120691087
2019-09-02,5187.399,5318.401,5187.396,5317.533,14025647400,2.5965298567072637
2019-09-03,5324.686,5357.06,5310.273,5357.06,14329422400,0.7433334217201937
2019-09-04,5345.94,5394.706,5336.571,5394.706,15196444200,0.7027362023199313
2019-09-05,5423.96,5504.941,5418.919,5445.574,19291145500,0.9429244151581084
2019-09-06,5461.333,5479.115,5425.374,5468.459,15200558900,0.4202495457779065
2019-09-09,5516.534,5602.242,5495.157,5602.242,17510270000,2.4464478932730405
2019-09-10,5608.736,5625.921,5573.993,5614.576,17582553300,0.2201618566281205
2019-09-11,5630.2,5634.441,5564.939,5566.408,15766264700,-0.8579098403868723
2019-09-12,5580.602,5601.475,5546.255,5592.922,13153981700,0.47632153446171
2019-09-16,5613.571,5650.672,5600.804,5627.235,15123977800,0.6135075726069417
2019-09-17,5614.155,5614.155,5471.432,5492.222,15520818900,-2.399277798066013
2019-09-18,5501.84,5515.224,5467.911,5485.879,11540659900,-0.1154905974303233
2019-09-19,5497.239,5550.407,5468.754,5550.407,11815086500,1.176256348344551
2019-09-20,5560.038,5576.787,5533.278,5556.478,12646943300,0.10937936623385269
2019-09-23,5538.726,5538.726,5462.271,5501.215,12142715200,-0.9945688617861825
2019-09-24,5504.499,5568.216,5495.46,5528.893,12689542900,0.5031252187016833
2019-09-25,5502.158,5502.158,5421.625,5421.625,12964395900,-1.9401352133239014
2019-09-26,5428.613,5436.95,5244.077,5244.077,13073522100,-3.2748115186867377
2019-09-27,5241.513,5313.084,5241.513,5291.436,9061738200,0.9030950537148863
2019-09-30,5297.021,5315.339,5232.387,5232.387,7753791600,-1.1159352584062199
2019-10-08,5242.02,5280.585,5226.263,5237.182,7883037700,0.0916407750420678
2019-10-09,5220.201,5285.149,5191.064,5285.149,8153773200,0.9158933182005224
2019-10-10,5291.552,5367.099,5281.863,5366.925,9480331900,1.5472789887285954
2019-10-11,5371.396,5392.784,5327.792,5370.654,10650553300,0.06948112746125723
2019-10-14,5411.653,5463.537,5402.63,5455.606,12745390100,1.5817812877165327
2019-10-15,5429.944,5429.944,5367.141,5375.529,12013337100,-1.4677929454582905
2019-10-16,5377.752,5397.068,5350.149,5353.015,10511124200,-0.41882389621561433
2019-10-17,5354.405,5371.674,5331.733,5347.267,9205192300,-0.10737873889762328
2019-10-18,5350.643,5374.603,5267.933,5280.532,10717643600,-1.248020717873255
2019-10-21,5273.644,5273.644,5200.933,5247.298,9111191000,-0.629368404547126
2019-10-22,5252.186,5312.463,5249.962,5312.458,9035044800,1.2417819609254144
2019-10-23,5311.765,5314.363,5257.77,5269.723,9446403400,-0.8044298891398238
2019-10-24,5262.925,5274.323,5220.548,5259.455,9472291800,-0.19484895126365975
2019-10-25,5254.372,5307.749,5227.887,5300.094,10122951900,0.7726846222660066
2019-10-28,5343.5,5425.754,5343.443,5425.754,13622488300,2.370901346277998
2019-10-29,5434.314,5434.314,5366.754,5366.754,15500445600,-1.0874064692206864
2019-10-30,5349.077,5351.864,5301.638,5313.417,13996647600,-0.9938409697929029
2019-10-31,5310.657,5329.205,5252.165,5253.881,11997982400,-1.1204842382971258
2019-11-01,5234.752,5308.934,5227.111,5303.991,10699498800,0.9537711265253268
2019-11-04,5316.598,5365.594,5316.598,5337.083,11448948800,0.6239075443378317
2019-11-05,5341.172,5362.445,5306.046,5352.061,11388564600,0.28064019240472415
2019-11-06,5348.452,5356.311,5286.44,5304.838,11117434900,-0.8823329928414503
2019-11-07,5300.673,5347.662,5294.201,5340.171,9669546000,0.6660523846345745
2019-11-08,5361.272,5375.058,5318.765,5321.778,10409393300,-0.3444271728377246
2019-11-11,5289.634,5289.634,5175.616,5183.571,10690729400,-2.5970079924416245
2019-11-12,5183.482,5196.715,5123.298,5196.715,9395997400,0.25357036683784084
2019-11-13,5188.884,5200.245,5160.326,5181.492,8665440000,-0.29293505608831705
2019-11-14,5180.311,5229.092,5177.114,5216.644,8958483400,0.6784146342404762
2019-11-15,5208.365,5220.057,5152.564,5152.564,9472942900,-1.2283759443810993
2019-11-18,5147.033,5192.855,5139.962,5189.352,8567186200,0.7139746347643472
2019-11-19,5192.683,5286.149,5187.766,5286.149,10437416700,1.865300330368802
2019-11-20,5281.848,5303.926,5251.079,5259.47,10626106900,-0.5046963299748075
2019-11-21,5238.599,5274.227,5228.257,5250.665,9292371400,-0.1674123058026833
2019-11-22,5255.426,5296.328,5157.547,5181.109,11574788800,-1.324708394079599
2019-11-25,5179.146,5185.452,5107.508,5151.368,10605378700,-0.5740276840344394
2019-11-26,5154.924,5170.487,5131.545,5147.728,9106891000,-0.07066084193558808
2019-11-27,5138.06,5170.603,5121.324,5145.967,9186449800,-0.03420926669008839
2019-11-28,5142.376,5165.653,5120.554,5131.128,8509401600,-0.2883617403687144
2019-11-29,5130.281,5137.288,5082.768,5126.615,8018168000,-0.0879533700971824
2019-12-02,5131.892,5156.872,5124.554,5137.784,8177751900,0.21786305388642457
2019-12-03,5119.748,5171.356,5097.08,5171.356,8573855100,0.6534334646999485
2019-12-04,5148.408,5188.36,5140.388,5179.694,8762641800,0.16123430682397633
2019-12-05,5190.083,5246.027,5187.908,5238.13,9945104400,1.1281747531803887
2019-12-06,5241.091,5275.51,5226.257,5275.51,10039062000,0.7136134460198562
2019-12-09,5286.203,5302.289,5269.184,5294.282,11232067900,0.3558328957768975
2019-12-10,5286.041,5326.361,5272.202,5326.361,11820831300,0.6059178562834333
2019-12-11,5323.862,5333.32,5291.249,5304.882,12116180900,-0.40325843479254164
2019-12-12,5302.721,5334.262,5292.467,5304.423,11940244400,-0.00865240734855277
2019-12-13,5334.578,5379.291,5327.115,5375.977,12208484900,1.3489497349664648
2019-12-16,5391.471,5476.988,5387.546,5476.988,14687245900,1.8789328897798496
2019-12-17,5479.896,5555.251,5475.428,5545.618,17754242100,1.2530609889961353
2019-12-18,5546.277,5575.649,5529.824,5543.787,16570245300,-0.03301705959551926
2019-12-19,5544.664,5579.817,5534.509,5568.113,15413649500,0.43879752234348146
2019-12-20,5571.632,5580.339,5501.158,5501.158,14977734500,-1.2024720044295112
2019-12-23,5478.567,5485.784,5375.025,5377.087,13218357900,-2.255361507522591
2019-12-24,5388.209,5471.735,5386.968,5471.735,11281172700,1.760209570721094
2019-12-25,5467.752,5517.196,5461.382,5504.417,12468163500,0.597287697595017
2019-12-26,5503.295,5543.699,5497.905,5543.664,12444564400,0.7130092069695948
2019-12-27,5548.347,5576.259,5494.97,5498.925,15551573800,-0.8070294303550773
2019-12-30,5478.004,5529.996,5413.869,5529.996,14341182000,0.5650377119164274
2019-12-31,5524.431,5567.86,5520.012,5567.033,13287012400,0.6697473198895576
2020-01-02,5603.933,5682.643,5586.14,5676.558,17871256300,1.9673854996009377
2020-01-03,5685.085,5717.505,5667.742,5706.044,17900681800,0.5194344882937907
2020-01-06,5686.161,5803.862,5670.343,5764.733,20848750900,1.0285409646332955
2020-01-07,5772.665,5852.361,5772.665,5852.361,20344034700,1.5200704004851406
2020-01-08,5827.38,5858.872,5759.334,5772.474,21897406000,-1.365038827919185
2020-01-09,5815.74,5864.182,5815.74,5864.182,18638846000,1.5887122228701145
2020-01-10,5879.214,5885.331,5824.652,5851.893,16918594600,-0.20956034447771055
2020-01-13,5844.964,5926.722,5822.423,5926.722,16072879400,1.27871442625489
2020-01-14,5939.903,5948.043,5911.693,5914.113,17682232800,-0.21274829492592406
2020-01-15,5903.764,5920.085,5859.113,5913.518,16008473700,-0.01006068027445961
2020-01-16,5917.232,5934.173,5892.73,5902.132,14795385900,-0.19254190145359118
2020-01-17,5913.792,5927.537,5869.174,5879.412,14281968600,-0.3849456433708931
2020-01-20,5880.133,5954.891,5862.144,5954.867,14836027900,1.2833766369834354
2020-01-21,5951.999,5951.999,5901.001,5901.859,15633232100,-0.8901626182415079
2020-01-22,5867.218,5942.108,5784.68,5919.587,16272830300,0.3003799311369626
2020-01-23,5852.203,5897.9,5643.841,5699.008,18476262100,-3.7262565783727886
2020-02-03,5180.587,5227.071,5179.257,5200.162,8441654400,-8.75320757577458
2020-02-04,4923.187,5234.252,4923.187,5212.1,23820114700,0.22956977109560572
2020-02-05,5242.329,5414.764,5242.329,5348.341,20794004100,2.613936800905581
2020-02-06,5353.189,5538.936,5326.211,5515.641,21848171700,3.1280727986491286
2020-02-07,5535.129,5588.766,5472.865,5583.596,22692872800,1.2320417518108862
2020-02-10,5586.948,5662.422,5567.05,5661.562,21806813300,1.3963402796334234
2020-02-11,5656.522,5666.727,5590.889,5623.259,18815788000,-0.6765447415395198
2020-02-12,5605.931,5754.258,5602.304,5754.258,20227908600,2.3295921457645807
2020-02-13,5758.915,5782.566,5690.005,5707.533,22191619700,-0.8120073865301003
2020-02-14,5696.104,5783.638,5677.785,5727.829,19967995500,0.3556002216719367
2020-02-17,5766.546,5936.483,5766.546,5936.483,22891479400,3.642811264093271
2020-02-18,5948.649,6072.193,5940.621,6072.193,25409939100,2.28603366673501
2020-02-19,6058.694,6113.868,6018.051,6018.051,25932033000,-0.8916383257251526
2020-02-20,6032.398,6135.351,5979.054,6134.388,24895394200,1.933134165862005
2020-02-21,6141.792,6278.482,6136.084,6243.478,27776725800,1.7783355079594054
2020-02-24,6254.321,6399.296,6236.087,6380.415,29829951400,2.193280732309777
2020-02-25,6233.525,6420.346,6096.146,6407.143,34823976600,0.4189069206313345
2020-02-26,6315.331,6388.063,6200.255,6221.835,32709303500,-2.8922095230276557
2020-02-27,6254.394,6321.116,6135.954,6232.089,26802921600,0.16480668484457617
2020-02-28,5999.214,6091.694,5870.909,5870.966,28461592800,-5.794573857979235
2020-03-02,5946.833,6143.728,5931.04,6113.411,24586545700,4.129558917561438
2020-03-03,6225.963,6322.275,6132.71,6195.892,29409319600,1.3491813326471869
2020-03-04,6146.766,6231.64,6101.052,6226.533,25445405400,0.4945373482946547
2020-03-05,6312.433,6327.536,6248.977,6315.835,29607977600,1.4342170835680124
2020-03-06,6236.256,6344.077,6225.705,6296.739,26626312800,-0.30235115388543843
2020-03-09,6198.197,6239.254,6049.621,6049.621,28718449000,-3.924539352830081
2020-03-10,5965.364,6206.408,5902.387,6206.408,28539620000,2.5916830161757387
2020-03-11,6219.928,6268.939,6122.909,6122.909,26457680600,-1.3453675620423433
2020-03-12,6026.059,6071.624,5938.926,5999.64,21964603700,-2.013242398343651
2020-03-13,5681.588,5999.769,5681.588,5945.465,25119164100,-0.9029708449173612
2020-03-16,5999.544,6007.26,5638.388,5657.775,24660465200,-4.83881412135132
2020-03-17,5707.416,5756.201,5436.6,5642.919,20715772400,-0.26257671964685647
2020-03-18,5702.173,5804.301,5556.108,5556.108,20511482900,-1.5384059207654732
2020-03-19,5552.509,5641.038,5453.039,5617.195,19081576100,1.0994566700287312
2020-03-20,5676.967,5688.947,5574.617,5670.471,17274400000,0.948444908891366
2020-03-23,5514.926,5575.531,5398.951,5416.571,17033839300,-4.477582197316588
2020-03-24,5522.178,5535.933,5344.418,5517.255,17545230600,1.858814367982986
2020-03-25,5632.408,5652.434,5589.956,5646.625,18211481100,2.34482546121213
2020-03-26,5606.635,5666.126,5582.93,5595.433,16599923400,-0.9065946472450404
2020-03-27,5659.59,5665.623,5550.535,5553.612,15439184200,-0.7474131135159712
2020-03-30,5472.148,5472.148,5362.797,5415.411,15955046300,-2.488488572842329
2020-03-31,5465.372,5479.021,5414.306,5427.132,14180952400,0.2164378659348154
2020-04-01,5413.546,5491.469,5391.545,5403.303,14726358200,-0.43907168648191774
2020-04-02,5376.659,5538.604,5367.565,5538.604,14593875900,2.5040424347848145
2020-04-03,5525.775,5558.379,5482.056,5507.119,14057768900,-0.5684645444953396
2020-04-07,5605.271,5697.76,5599.816,5695.169,17892414200,3.414671083010923
2020-04-08,5673.343,5739.301,5661.954,5718.128,18330136700,0.4031311450108044
2020-04-09,5750.887,5802.651,5740.031,5789.265,18252476100,1.244060993388052
2020-04-10,5787.544,5787.544,5619.704,5637.532,19147239800,-2.6209372001454456
2020-04-13,5590.319,5613.412,5542.572,5578.856,13932857200,-1.0408100565992395
2020-04-14,5605.906,5692.001,5599.908,5692.001,14234415900,2.028103969702766
2020-04-15,5689.735,5720.423,5655.222,5657.948,16440192700,-0.5982606116899825
2020-04-16,5626.845,5711.716,5617.054,5700.96,15629419700,0.7602049364893393
2020-04-17,5735.901,5764.792,5702.013,5710.053,18555204900,0.15949945272375476
2020-04-20,5722.734,5803.402,5714.317,5803.402,16367996800,1.6348184508970354
2020-04-21,5780.858,5780.858,5711.166,5773.008,17500151900,-0.5237272896139289
2020-04-22,5721.526,5826.583,5710.812,5826.56,16843960500,0.9276273305008464
2020-04-23,5841.403,5846.381,5789.102,5789.482,18788635000,-0.6363617640597563
2020-04-24,5782.288,5784.115,5654.217,5675.51,18157207700,-1.9686044450954343
2020-04-27,5675.565,5699.774,5617.519,5645.657,14687442700,-0.5259967826679923
2020-04-28,5641.292,5644.351,5395.573,5561.198,18395212800,-1.4959994912903785
2020-04-29,5532.997,5600.764,5524.869,5547.628,14372431500,-0.24401217147816956
2020-04-30,5572.573,5695.212,5572.573,5678.166,16018605600,2.3530416963790657
2020-05-06,5636.867,5802.465,5632.033,5802.419,16051535100,2.1882593781161086
2020-05-07,5809.537,5837.329,5787.608,5795.872,16231627500,-0.11283225151440535
2020-05-08,5825.737,5885.996,5822.81,5862.767,16139258500,1.1541835292428804
2020-05-11,5892.566,5902.16,5813.671,5851.804,15806533600,-0.18699361581314689
2020-05-12,5847.701,5869.586,5780.094,5869.507,14183568700,0.30252209404142416
2020-05-13,5849.46,5923.261,5835.329,5917.027,13957827800,0.8096080301122521
2020-05-14,5889.138,5915.605,5861.775,5863.236,15897422600,-0.9090882972141223
2020-05-15,5886.778,5924.766,5859.901,5889.977,15518782700,0.4560792026792049
2020-05-18,5905.924,5916.708,5841.717,5860.043,17578597700,-0.5082193020448211
2020-05-19,5896.155,5936.664,5886.902,5936.599,15177916900,1.3064067959910997
2020-05-20,5928.47,5928.47,5844.58,5865.841,16171783700,-1.1918945510720813
2020-05-21,5878.725,5883.781,5780.106,5791.64,15229310200,-1.2649678025708488
2020-05-22,5782.625,5782.66,5643.396,5683.996,14384488000,-1.8586099964776892
2020-05-25,5674.302,5691.141,5640.279,5671.972,11587360800,-0.21154131705933832
2020-05-26,5690.399,5808.549,5690.399,5808.549,12507948300,2.407927965793921
2020-05-27,5813.985,5817.061,5758.181,5772.084,14594459900,-0.6277815681678844
2020-05-28,5769.787,5790.181,5675.495,5758.927,14901188000,-0.22794193570294663
2020-05-29,5744.234,5834.621,5732.379,5816.4,14623470200,0.9979810475110984
2020-06-01,5855.331,5996.415,5855.331,5993.785,18280449000,3.049738669967672
2020-06-02,6012.566,6021.265,5978.772,6002.836,19495480300,0.15100641748078125
2020-06-03,6010.409,6043.104,5987.572,5994.638,19295477800,-0.1365687818224659
2020-06-04,6004.459,6016.117,5973.2,6006.765,17202779400,0.2022974531573185
2020-06-05,6009.884,6028.999,5970.15,6015.327,16312324600,0.14253928695395768
2020-06-08,6039.246,6049.856,5993.171,6001.432,15746971000,-0.2309932610479959
2020-06-09,6005.836,6042.361,5979.231,6042.335,14730507700,0.6815540024447619
2020-06-10,6033.488,6049.688,6007.985,6049.322,14567019900,0.11563410502728466
2020-06-11,6050.121,6107.337,5999.513,6027.409,16128105100,-0.3622389418186156
2020-06-12,5901.07,6058.774,5888.228,6031.171,15871794200,0.06241487843285931
2020-06-15,6031.093,6106.451,6028.936,6028.956,16908477300,-0.036725869652842746
2020-06-16,6076.605,6151.686,6064.257,6151.686,16001462000,2.0356758284518772
2020-06-17,6160.202,6178.141,6124.218,6178.141,17353970400,0.4300447064430779
2020-06-18,6168.051,6168.235,6121.065,6149.289,16211222500,-0.4670013196526268
2020-06-19,6147.884,6198.052,6140.519,6187.108,15220599300,0.6150141910715279
2020-06-22,6204.499,6246.046,6204.499,6228.016,16094475400,0.6611812821111229
2020-06-23,6229.646,6245.152,6196.687,6238.897,15236380800,0.17471053382007717
2020-06-24,6242.559,6258.825,6210.968,6227.569,14454046900,-0.1815705564621406
2020-06-29,6214.883,6233.269,6190.413,6211.381,14340756700,-0.2599409175554679
2020-06-30,6239.61,6330.088,6236.639,6319.556,14458378400,1.7415611761699923
2020-07-01,6341.542,6357.103,6267.136,6339.369,17610873900,0.3135188611351758
2020-07-02,6341.952,6416.955,6316.959,6413.952,20817193800,1.1765051064230647
2020-07-03,6424.094,6479.247,6397.51,6478.354,22104809600,1.0040923287233827
2020-07-06,6516.922,6732.617,6516.922,6725.996,30489018600,3.82260679178692
2020-07-07,6784.821,6917.537,6711.315,6817.865,33120512400,1.3658794920484496
2020-07-08,6817.831,6973.997,6769.208,6973.997,30388302500,2.2900424106373496
2020-07-09,6976.718,7187.759,6972.004,7182.177,34443886800,2.9850887518305447
2020-07-10,7161.619,7238.378,7105.759,7150.424,31690907900,-0.44210829112120154
2020-07-13,7179.972,7403.086,7179.972,7403.086,31554426400,3.5335247252470614
2020-07-14,7412.272,7447.509,7201.49,7344.988,33432813100,-0.7847808332903328
2020-07-15,7355.563,7368.003,7096.576,7131.464,30730102100,-2.907070780782761
2020-07-16,7130.042,7165.765,6748.503,6758.14,28075548500,-5.234885852329896
2020-07-17,6759.104,6885.854,6690.454,6772.532,20817642400,0.2129580032375733
2020-07-20,6851.317,7003.667,6789.313,7003.667,21945062200,3.4128299430700393
2020-07-21,7026.976,7067.32,6977.471,7058.791,21753656200,0.7870734002630275
2020-07-22,7050.4,7181.193,7020.549,7125.569,22849891600,0.9460260262699416
2020-07-23,7068.401,7130.453,6921.186,7119.671,24478342900,-0.0827723371986222
2020-07-24,7098.514,7133.696,6766.51,6784.635,26548176700,-4.705779241765528
2020-07-27,6807.983,6839.827,6717.325,6786.529,19146445900,0.027916019063667363
2020-07-28,6835.564,6886.444,6796.824,6857.943,18486789000,1.0522905007847028
2020-07-29,6843.836,7060.535,6816.311,7060.535,20431274300,2.954121957560729
2020-07-30,7082.72,7107.483,7029.019,7048.981,23419873500,-0.1636419903024322
2020-07-31,7030.305,7143.594,6997.632,7141.592,23233124800,1.313821104071633
2020-08-03,7204.173,7373.359,7193.069,7373.341,27395145500,3.245060765162733
2020-08-04,7398.985,7406.258,7296.12,7326.189,27623209900,-0.6394930059521187
2020-08-05,7340.553,7442.388,7284.675,7427.189,24641110500,1.3786158123957781
2020-08-06,7425.547,7457.159,7309.361,7432.766,25452674700,0.07508897376919954
2020-08-07,7407.684,7417.094,7209.944,7339.811,24394617000,-1.2506111452990742
2020-08-10,7319.543,7414.097,7288.749,7358.862,22589291400,0.2595570921376744
2020-08-11,7358.727,7377.822,7203.789,7213.445,22992796400,-1.9760799971517362
2020-08-12,7176.887,7196.281,6932.295,7092.355,21072632200,-1.6786708708529718
2020-08-13,7112.336,7158.95,7076.776,7113.93,19126992600,0.30420079085156093
2020-08-14,7103.071,7183.958,7058.54,7183.958,17575777400,0.9843785361958846
2020-08-17,7206.379,7339.693,7194.124,7339.693,20719241100,2.1678161258738005
2020-08-18,7348.419,7422.137,7339.891,7410.241,21555541300,0.9611846163047888
2020-08-19,7397.883,7397.883,7248.888,7256.131,21678439200,-2.0796894459977677
2020-08-20,7196.355,7257.008,7126.037,7151.261,18339677300,-1.4452605665471019
2020-08-21,7182.303,7244.164,7137.053,7194.274,17377455300,0.601474341378383
2020-08-24,7212.531,7267.092,7119.939,7253.64,16755194200,0.8251840282980538
2020-08-25,7258.01,7283.283,7188.171,7213.682,19511571200,-0.5508682537319287
2020-08-26,7209.511,7211.296,7010.081,7037.978,19985957600,-2.43570481759523
2020-08-27,7041.521,7125.877,6998.028,7113.804,17155919500,1.0773833052618143
2020-08-28,7102.272,7208.415,7083.134,7204.782,17471327700,1.2788938238950553
2020-08-31,7238.659,7308.596,7221.554,7224.046,18476684100,0.2673779720191449
2020-09-01,7216.646,7258.887,7169.402,7258.887,16407265100,0.4822920562798094
2020-09-02,7270.948,7301.273,7197.212,7272.624,19925596700,0.18924388821592864
2020-09-03,7263.604,7265.9,7165.77,7189.861,18986375600,-1.1380074097052217
2020-09-04,7064.281,7189.127,7045.551,7182.105,17063784900,-0.10787412997275148
2020-09-07,7189.969,7240.046,7027.921,7057.194,21125997700,-1.7391976307781554
2020-09-08,7070.68,7108.645,6981.573,7103.086,21091053700,0.6502867853710681
2020-09-09,7023.295,7034.488,6871.772,6877.602,25871490900,-3.1744512174004424
2020-09-10,6921.458,6938.076,6615.563,6633.89,21505764300,-3.543560677108093
2020-09-11,6592.9,6746.175,6591.307,6742.059,15113992800,1.6305516069756942
2020-09-14,6781.696,6871.05,6762.241,6848.359,17106521100,1.5766696790995072
2020-09-15,6861.026,6883.023,6818.224,6881.586,15449797100,0.4851819246041167
2020-09-16,6871.072,6871.072,6777.432,6812.912,13682944900,-0.9979385566059928
2020-09-17,6800.353,6876.015,6746.218,6825.152,13896366100,0.17965885953026284
2020-09-18,6822.972,6933.658,6811.905,6929.767,15199457400,1.5327863760396854
2020-09-21,6951.752,6975.133,6912.036,6927.19,14768931400,-0.03718739749836164
2020-09-22,6862.339,6912.098,6793.681,6815.777,13553451700,-1.608343354231656
2020-09-23,6839.472,6881.481,6805.134,6862.966,11854065800,0.6923495296281112
2020-09-24,6814.009,6814.009,6675.058,6675.152,13126805100,-2.7366301974977025
2020-09-25,6703.622,6717.242,6604.675,6634.389,10341091500,-0.610667742097859
2020-09-28,6649.182,6660.182,6550.002,6550.369,9626415400,-1.2664316186464242
2020-09-29,6585.182,6651.738,6562.82,6621.032,9505152300,1.0787636543834411
2020-09-30,6641.385,6665.881,6584.885,6617.159,9501852900,-0.05849541279970838
2020-10-09,6737.529,6828.977,6727.393,6822.365,12697323700,3.1011193776664614
2020-10-12,6881.626,7036.275,6875.7,7036.275,17126716100,3.1354229801542344
2020-10-13,7023.436,7059.243,6989.672,7053.871,14558491100,0.25007550159708014
2020-10-14,7036.87,7036.87,6975.187,6988.609,13833573300,-0.9251941239072803
2020-10-15,6991.736,6992.295,6924.186,6926.846,12956364100,-0.8837667123743898
2020-10-16,6924.811,6942.628,6846.165,6906.388,11639218400,-0.29534365279666464
2020-10-19,6943.799,6947.95,6843.0,6858.356,12008458500,-0.6954720759968946
2020-10-20,6846.362,6923.384,6804.84,6923.384,11372651200,0.9481572551789386
2020-10-21,6926.533,6926.691,6793.493,6815.093,11578726600,-1.5641339553027822
2020-10-22,6788.003,6800.045,6714.148,6771.807,10766059600,-0.6351490728006226
2020-10-23,6774.767,6811.33,6627.696,6641.329,11070876000,-1.926782615039091
2020-10-26,6620.188,6674.575,6545.788,6648.521,9866145200,0.10829157838738723
2020-10-27,6630.719,6689.032,6620.093,6682.538,10070702600,0.5116476280965232
2020-10-28,6680.44,6700.47,6589.769,6685.429,11534988000,0.043262006141975284
2020-10-29,6592.892,6698.724,6573.698,6674.742,11617539900,-0.15985511176619394
2020-10-30,6685.593,6694.524,6502.121,6511.158,13654516100,-2.450791356429949
2020-11-02,6517.422,6537.322,6461.707,6513.788,12318731500,0.040392200588579286
2020-11-03,6538.283,6647.575,6518.664,6647.575,12533956300,2.053904732545808
2020-11-04,6652.582,6658.584,6585.8,6632.682,11303355200,-0.22403658476963795
2020-11-05,6685.204,6756.897,6665.813,6754.95,13653462900,1.8434171877982353
2020-11-06,6771.183,6771.183,6645.57,6688.662,13860816500,-0.981324806253181
2020-11-09,6723.429,6873.435,6723.429,6851.983,16767402900,2.441758904845237
2020-11-10,6854.7,6854.773,6747.743,6779.491,14637042100,-1.0579711012125959
2020-11-11,6761.349,6771.534,6659.283,6663.731,13092531400,-1.7075028199019737
2020-11-12,6680.197,6702.302,6647.768,6676.422,11264188100,0.1904488641573332
2020-11-13,6663.222,6700.205,6621.5,6686.391,10934500500,0.14931650515799255
2020-11-16,6703.182,6747.811,6668.423,6747.811,13565261300,0.9185822366654994
2020-11-17,6743.869,6743.869,6637.518,6681.723,14332109700,-0.9793990969812261
2020-11-18,6673.595,6723.608,6653.647,6682.125,13444633200,0.006016412233789126
2020-11-19,6664.831,6725.49,6625.09,6718.458,13493180500,0.5437342162859737
2020-11-20,6713.648,6770.056,6701.49,6766.061,13316745900,0.7085405609442041
2020-11-23,6776.243,6833.623,6738.647,6807.718,16603051000,0.6156757971883531
2020-11-24,6798.832,6827.473,6785.25,6807.997,14345651700,0.0040982896177599315
2020-11-25,6816.231,6817.756,6691.874,6691.874,15166724900,-1.705685240460597
2020-11-26,6678.136,6693.872,6597.766,6643.185,12494830600,-0.7275839323932165
2020-11-27,6639.599,6644.35,6578.724,6641.773,11905461800,-0.021254864948072605
2020-11-30,6642.155,6674.26,6591.69,6622.359,13080534200,-0.29230146829769543
2020-12-01,6608.62,6717.255,6600.725,6713.23,13454604200,1.3721847456472647
2020-12-02,6712.889,6741.545,6699.754,6735.712,14938445700,0.3348909541308842
2020-12-03,6726.26,6736.424,6679.516,6711.843,13720424700,-0.3543649134642446
2020-12-04,6700.688,6755.575,6688.632,6746.63,11900514700,0.5182928146561183
2020-12-07,6760.104,6770.845,6731.684,6733.002,13005096600,-0.2019971452413949
2020-12-08,6735.229,6753.7,6720.603,6734.372,11955885300,0.020347535913400883
2020-12-09,6734.122,6736.173,6602.517,6602.517,14074752900,-1.9579405473888367
2020-12-10,6576.063,6647.446,6552.109,6605.192,12084997900,0.040514852138962
2020-12-11,6610.555,6617.442,6441.286,6498.239,14458634500,-1.6192262087158182
2020-12-14,6493.649,6578.41,6459.915,6576.816,11649276600,1.2092045244873395
2020-12-15,6565.497,6603.4,6548.789,6596.503,10713478700,0.299339376379093
2020-12-16,6597.312,6598.93,6538.972,6543.362,11856162000,-0.805593509166902
2020-12-17,6530.656,6599.108,6460.626,6597.86,13578008400,0.8328745987154607
2020-12-18,6604.025,6625.966,6564.181,6573.404,13370417400,-0.3706656400711661
2020-12-21,6576.713,6692.377,6571.587,6691.588,14360129000,1.7979117060201943
2020-12-22,6668.213,6684.704,6545.838,6549.969,16141145400,-2.1163735723119803
2020-12-23,6552.275,6615.201,6551.07,6601.243,16301456300,0.7828128652211941
2020-12-24,6591.789,6596.588,6484.409,6496.326,16088658600,-1.5893521871562677
2020-12-25,6466.35,6570.3,6454.278,6561.275,15456350700,0.9997804913115527
2020-12-28,6561.768,6566.655,6484.444,6519.471,17427383900,-0.6371322646894106
2020-12-29,6514.909,6548.711,6473.4,6477.262,16500313900,-0.6474298298128733
2020-12-30,6469.891,6549.385,6465.391,6526.879,15029913400,0.7660181107387753
2020-12-31,6536.861,6646.498,6536.861,6646.474,15630719100,1.8323459037619783
2021-01-04,6671.927,6809.427,6662.799,6798.764,18320477500,2.2912900885492027
2021-01-05,6785.52,6827.497,6726.462,6807.447,19724755600,0.12771439043919308
2021-01-06,6803.687,6816.257,6686.132,6724.95,17908017300,-1.2118640071674514
2021-01-07,6708.715,6709.072,6557.273,6616.552,19368005100,-1.6118781552279193
2021-01-08,6603.505,6638.86,6514.18,6585.359,16181595000,-0.47143890050285187
2021-01-11,6579.642,6584.218,6437.033,6475.955,16670687200,-1.6613217290052162
2021-01-12,6453.014,6566.145,6433.222,6564.735,14036527100,1.370917494022117
2021-01-13,6567.603,6567.603,6471.776,6513.64,16212798100,-0.7783254007968199
2021-01-14,6488.747,6557.255,6414.739,6506.827,14719683600,-0.1045958941544245
2021-01-15,6496.906,6539.171,6435.459,6528.461,13195464200,0.33248156128939943
2021-01-18,6515.577,6655.053,6510.997,6652.096,13739315500,1.8937847679567854
2021-01-19,6647.946,6677.408,6602.777,6614.071,15502935800,-0.5716243421622247
2021-01-20,6606.731,6671.449,6584.879,6671.449,13074877900,0.8675141225426675
2021-01-21,6670.179,6770.865,6669.405,6745.109,15936071300,1.1041079681490595
2021-01-22,6736.005,6737.552,6671.293,6721.917,15866799300,-0.3438343249901554
2021-01-25,6710.801,6728.448,6631.694,6657.272,16613397800,-0.9617048231925551
2021-01-26,6630.36,6645.806,6525.384,6534.097,14206631400,-1.8502323474239968
2021-01-27,6519.45,6552.433,6449.371,6537.754,13078977800,0.05596794782813941
2021-01-28,6466.569,6545.724,6395.763,6399.127,13232084300,-2.1204071000530123
2021-01-29,6438.614,6459.343,6221.867,6304.118,14554654400,-1.4847181498351292
2021-02-01,6282.031,6347.167,6280.371,6345.814,13108684700,0.6614089393631284
2021-02-02,6351.66,6419.035,6307.812,6417.461,12804083200,1.1290434922927028
2021-02-03,6404.072,6404.072,6306.091,6307.39,13119254500,-1.7151798818878627
2021-02-04,6277.97,6295.7,6077.28,6167.747,13959661000,-2.2139585470376866
2021-02-05,6179.487,6214.277,6044.613,6045.297,11979821700,-1.9853278676962738
2021-02-08,6056.911,6122.32,6000.959,6088.819,10357597800,0.7199315434791798
2021-02-09,6101.678,6264.177,6097.092,6254.011,11141685200,2.7130384398025287
2021-02-10,6265.414,6316.793,6236.35,6303.306,10544734800,0.7882141556834421
2021-02-18,6405.023,6441.507,6363.198,6404.595,13911877300,1.6069186550676795
2021-02-19,6395.577,6527.903,6374.576,6527.647,15549362600,1.9213080608531774
2021-02-22,6553.912,6659.41,6534.574,6534.574,20359418300,0.10611787065077927
2021-02-23,6496.751,6545.544,6447.97,6489.962,15848135800,-0.6827070900107479
2021-02-24,6490.379,6542.282,6378.671,6437.837,14939168500,-0.8031634083527806
2021-02-25,6480.921,6492.419,6390.409,6399.347,13507229300,-0.5978716143325902
2021-02-26,6287.49,6381.321,6276.712,6325.405,12320519500,-1.1554616431957876
2021-03-01,6362.936,6495.192,6362.936,6495.157,12896044000,2.6836542482260084
2021-03-02,6518.325,6518.994,6423.954,6466.632,13622231700,-0.43917337179071314
2021-03-03,6456.71,6553.947,6446.839,6553.596,13676620200,1.3448113330092104
2021-03-04,6519.04,6534.604,6417.89,6434.894,15019099700,-1.8112498847960623
2021-03-05,6369.233,6484.296,6366.472,6456.279,13990567300,0.3323287065800873
2021-03-08,6496.215,6529.866,6327.649,6327.649,15681183900,-1.9923240615840832
2021-03-09,6314.355,6321.025,6035.911,6126.283,16175322400,-3.182319373277498
2021-03-10,6192.147,6208.774,6069.906,6078.244,11796339900,-0.7841459495096847
2021-03-11,6086.093,6219.664,6055.397,6219.664,12496407600,2.326658817908589
2021-03-12,6231.691,6234.345,6155.701,6220.478,13767518300,0.013087523699040204
2021-03-15,6204.82,6238.202,6130.396,6177.738,13359700000,-0.6870854619210887
2021-03-16,6182.52,6233.463,6145.517,6233.463,13772592700,0.9020291893246268
2021-03-17,6225.523,6283.603,6184.061,6277.581,12550453200,0.7077606781334955
2021-03-18,6276.796,6322.455,6268.856,6298.886,12760111600,0.3393823193997836
2021-03-19,6230.074,6307.224,6208.758,6250.815,12529013800,-0.7631666932851444
2021-03-22,6256.524,6359.667,6253.622,6359.6,13609673900,1.7403330605689105
2021-03-23,6364.818,6372.664,6259.802,6289.001,14830455300,-1.1101169884898399
2021-03-24,6249.232,6286.855,6183.201,6196.267,13798497600,-1.474542618136021
2021-03-25,6172.396,6233.693,6130.249,6190.712,12539292800,-0.08965075262249433
2021-03-26,6198.532,6309.587,6198.532,6301.341,12464182200,1.7870157745990989
2021-03-29,6323.941,6364.541,6309.771,6326.609,12644983900,0.40099401063995455
2021-03-30,6313.484,6316.824,6268.249,6301.585,12703021000,-0.39553574434583183
2021-03-31,6289.604,6298.788,6252.401,6293.392,10981059600,-0.13001490894751777
2021-04-01,6302.561,6341.243,6286.058,6335.791,11095929700,0.6737066434126415
2021-04-02,6354.707,6383.463,6337.983,6361.252,11518962400,0.40185984670264574
2021-04-06,6376.722,6425.39,6374.725,6421.487,11288252700,0.9469047916982332
2021-04-07,6419.992,6422.769,6372.252,6422.762,12513473000,0.019855214220632078
2021-04-08,6411.03,6435.357,6387.913,6404.128,13674180900,-0.2901244044228979
2021-04-09,6399.147,6410.534,6378.273,6399.522,12269098100,-0.07192236007774744
2021-04-12,6398.512,6402.333,6251.49,6263.399,13205254500,-2.127080741342857
2021-04-13,6252.711,6282.966,6216.186,6231.139,12286997900,-0.5150558027677943
2021-04-14,6227.254,6320.573,6225.555,6320.067,11691981300,1.4271548107015475
2021-04-15,6304.738,6304.79,6258.951,6296.608,11874239700,-0.37118277385350673
2021-04-16,6295.531,6379.968,6295.531,6368.846,13526666200,1.1472526160116514
2021-04-19,6368.865,6477.407,6357.495,6477.388,14364291300,1.7042647914551567
2021-04-20,6460.521,6506.88,6450.39,6457.629,13972047800,-0.3050457993252875
2021-04-21,6425.337,6470.937,6408.042,6457.715,11947708400,0.0013317581421867786
2021-04-22,6470.464,6496.444,6463.14,6485.211,11854616700,0.42578528163599305
2021-04-23,6478.932,6478.932,6425.663,6453.303,12166910700,-0.49201174796009717
2021-04-26,6467.876,6527.327,6427.758,6431.089,13340611100,-0.3442268246198865
2021-04-27,6423.788,6429.857,6338.127,6400.905,12131435600,-0.4693450829245327
2021-04-28,6395.024,6437.265,6366.015,6437.247,12191802800,0.5677634646975793
2021-04-29,6419.045,6441.848,6394.373,6405.103,12092734700,-0.49934389654460176
2021-04-30,6389.171,6397.265,6348.795,6382.136,13002767600,-0.35857346868581885
2021-05-06,6385.319,6420.416,6347.985,6398.437,12928360100,0.25541605506369525
2021-05-07,6403.98,6409.346,6320.075,6320.253,15312525500,-1.221923416609405
2021-05-10,6330.155,6351.419,6300.861,6338.574,15051568500,0.28987763622754237
2021-05-11,6303.577,6354.236,6239.263,6343.863,14945482300,0.0834414806863526
2021-05-12,6321.977,6420.338,6311.909,6420.337,13885037300,1.2054800048487913
2021-05-13,6365.004,6432.628,6354.227,6375.015,15300173900,-0.7059131008232189
2021-05-14,6395.509,6462.498,6374.869,6462.476,15266433600,1.3719340268218971
2021-05-17,6456.916,6496.376,6438.869,6457.277,14615663700,-0.08044904151287557
2021-05-18,6451.07,6486.915,6431.238,6486.822,12904832600,0.45754580452410654
2021-05-19,6470.292,6500.12,6455.823,6488.949,13300842700,0.03278955396031069
2021-05-20,6455.724,6505.518,6445.969,6482.836,14294658000,-0.09420631908186872
2021-05-21,6492.846,6509.369,6468.449,6480.374,13096837500,-0.037977206272077346
2021-05-24,6480.553,6537.86,6471.217,6537.857,13810949800,0.8870321373426915
2021-05-25,6542.68,6617.432,6532.899,6615.714,14912761800,1.190864223552146
2021-05-26,6618.181,6666.212,6609.914,6644.751,15571693600,0.43890954173653185
2021-05-27,6636.768,6706.379,6630.025,6705.045,15446532300,0.907392918109351
2021-05-28,6709.888,6735.55,6669.919,6694.346,16867248200,-0.15956641603450672
2021-05-31,6712.748,6814.364,6712.748,6814.363,16189175500,1.7928114262394157
2021-06-01,6810.471,6854.747,6782.659,6854.734,17271179400,0.5924398215944704
2021-06-02,6844.851,6852.642,6742.028,6759.459,17155376500,-1.3899153490128269
2021-06-03,6754.779,6824.984,6729.559,6754.07,16304712300,-0.07972531529520932
2021-06-04,6725.817,6803.777,6718.762,6785.804,15960557800,0.4698500311663967
2021-06-07,6811.037,6861.852,6807.932,6861.85,15887154900,1.1206630783913152
2021-06-08,6865.757,6886.941,6779.927,6809.864,16777735700,-0.7576090995868534
2021-06-09,6807.481,6834.037,6783.005,6823.407,15906720200,0.19887328146348526
2021-06-10,6817.585,6903.878,6808.664,6898.206,17811669900,1.096211907042921
2021-06-11,6907.831,6907.949,6852.973,6852.973,19023079900,-0.6557212121528488
2021-06-15,6854.805,6866.181,6796.879,6815.119,16377857000,-0.5523734005664416
2021-06-16,6808.634,6810.198,6668.04,6673.245,15608627600,-2.08175381823853
2021-06-17,6669.665,6790.712,6669.665,6787.668,14847683800,1.7146530660870463
2021-06-18,6783.995,6869.259,6765.957,6863.716,15795893900,1.1203847919491805
2021-06-21,6844.344,6970.639,6833.358,6968.296,15786900400,1.5236644406615873
2021-06-22,6987.513,7010.617,6947.869,7000.252,16833405500,0.458591311276102
2021-06-23,6997.406,7060.401,6978.768,7046.175,16264950200,0.6560192404502008
2021-06-24,7045.05,7045.05,6969.546,6974.642,16206296200,-1.0152032840512804
2021-06-25,6975.488,7016.079,6947.122,7000.43,16377403200,0.36973940741331646
2021-06-28,7007.426,7081.047,7005.93,7063.471,15211385000,0.9005303959899402
2021-06-29,7068.402,7082.07,6999.745,7004.304,15595003400,-0.83764766642348
2021-06-30,7011.176,7083.989,7004.754,7083.7,14862029400,1.133531611420624
2021-07-01,7094.19,7099.132,6969.532,6969.532,15517016400,-1.6117001002300957
2021-07-02,6947.446,6960.481,6891.474,6908.932,14422853300,-0.8694988415291038
2021-07-05,6930.265,7006.724,6930.265,7006.7,15076286500,1.4150957050959478
2021-07-06,7013.989,7045.193,6885.095,6979.062,16213548500,-0.39445102544707344
2021-07-07,6932.941,7093.046,6913.505,7089.665,15367139300,1.5847831700019244
2021-07-08,7102.667,7138.757,7082.389,7099.411,17404069600,0.1374677082767617
2021-07-09,7064.992,7165.877,7000.592,7142.899,16940141200,0.6125578586730684
2021-07-12,7184.088,7301.099,7171.045,7284.235,19246558700,1.9786924048625032
2021-07-13,7285.959,7331.726,7263.16,7331.726,19209422800,0.6519696303043387
2021-07-14,7301.611,7338.307,7240.977,7243.816,18869351800,-1.1990355340611436
2021-07-15,7218.343,7250.028,7103.967,7241.623,18187351100,-0.030274098624261114
2021-07-16,7230.846,7311.448,7214.037,7228.363,18277069600,-0.18310812368994567
2021-07-19,7213.629,7259.027,7174.112,7205.268,17703027200,-0.31950526004297375
2021-07-20,7145.544,7253.37,7137.888,7253.276,16314612100,0.6662902753929556
2021-07-21,7285.41,7416.474,7285.41,7398.808,19046887700,2.0064313008356427
2021-07-22,7405.649,7447.028,7349.129,7446.481,20372864900,0.6443335196696598
2021-07-23,7442.623,7473.138,7348.315,7379.791,21922125300,-0.8955908166555449
2021-07-26,7368.133,7395.274,7140.73,7286.148,21285793600,-1.26891127404557
2021-07-27,7298.333,7373.095,7093.863,7093.87,22192671900,-2.6389527086191578
2021-07-28,7019.048,7058.514,6750.585,6945.509,19727606100,-2.0913972204170572
2021-07-29,7057.877,7226.5,7057.877,7207.483,18269223000,3.7718473908823658
2021-07-30,7209.038,7279.062,7155.224,7262.383,20291730600,0.7617083522777568
2021-08-02,7264.373,7402.397,7248.892,7402.354,21330014600,1.92734258162921
2021-08-03,7375.224,7419.345,7284.178,7308.955,20947082600,-1.2617472766095816
2021-08-04,7295.571,7478.207,7295.451,7478.207,18633411800,2.315679874893206
2021-08-05,7454.28,7494.331,7402.385,7447.939,19883115300,-0.4047494272356955
2021-08-06,7462.856,7490.98,7419.728,7482.174,18601512400,0.459657362929522
2021-08-09,7459.349,7509.328,7386.314,7507.082,18110888000,0.3328978983915709
2021-08-10,7489.156,7566.731,7467.056,7549.552,18904852800,0.565732464358315
2021-08-11,7538.821,7611.645,7498.579,7605.918,19635039200,0.7466138388079191
2021-08-12,7595.264,7677.743,7588.736,7657.527,21025048300,0.6785374230960706
2021-08-13,7635.492,7724.437,7605.857,7641.917,20800653000,-0.20385171348399345
2021-08-16,7628.158,7633.658,7546.538,7568.137,20156954500,-0.9654645555558949
2021-08-17,7559.297,7578.431,7338.025,7360.033,20742680500,-2.749738806261026
2021-08-18,7352.969,7454.027,7338.818,7405.486,17894054600,0.6175651658083536
2021-08-19,7387.442,7511.19,7330.601,7468.773,18289032200,0.854596173701494
2021-08-20,7438.695,7505.555,7354.169,7467.361,17682235200,-0.018905381111467
2021-08-23,7501.411,7668.887,7501.411,7652.559,20149165700,2.480099730011709
2021-08-24,7654.189,7737.597,7614.942,7715.073,21265851000,0.8169032084561545
2021-08-25,7707.093,7769.705,7664.286,7769.627,20639831400,0.7071093170472942
2021-08-26,7754.682,7771.854,7662.384,7669.528,22822141200,-1.2883372650965064
2021-08-27,7634.927,7686.336,7584.279,7680.078,21289123400,0.13755735685430093
2021-08-30,7701.42,7792.517,7687.146,7727.745,23684182800,0.6206577589446205
2021-08-31,7714.171,7728.422,7636.773,7728.422,23545550100,0.008760641040805872
2021-09-01,7738.268,7743.179,7495.764,7606.874,26772353700,-1.572740204921519
2021-09-02,7572.047,7703.724,7568.065,7690.859,22608652600,1.1040671897549537
2021-09-03,7696.464,7766.465,7561.229,7630.841,26704451400,-0.7803809691479202
2021-09-06,7625.744,7735.552,7552.948,7735.1,22795410000,1.3662845287957026
2021-09-07,7735.221,7881.869,7718.593,7878.349,22855960700,1.8519346873343556
2021-09-08,7886.269,7911.018,7854.888,7894.252,25432178800,0.2018570134427966
2021-09-09,7888.826,7922.412,7835.151,7900.238,23820173400,0.07582732347535259
2021-09-10,7897.331,7954.482,7832.96,7932.651,24001630100,0.41027877894310727
2021-09-13,7941.209,7955.983,7874.998,7947.481,23068519600,0.18694885228154323
2021-09-14,7927.895,8042.516,7895.182,7916.896,24322555400,-0.38483891940099824
2021-09-15,7900.693,7988.37,7862.311,7972.233,21345391600,0.6989734360537403
2021-09-16,7974.083,7993.222,7749.658,7754.947,23666655100,-2.7255349912628013
2021-09-17,7740.559,7786.186,7575.079,7730.224,21423803200,-0.3188029524895497
2021-09-22,7640.472,7774.505,7633.279,7769.06,18273391500,0.5023916512639337
2021-09-23,7818.726,7850.241,7792.592,7806.802,21240013500,0.4857987967656241
2021-09-24,7799.925,7806.815,7685.106,7695.618,20646340900,-1.4241939272957027
2021-09-27,7717.103,7733.209,7399.813,7467.818,21318364600,-2.9601261393172096
2021-09-28,7428.405,7496.328,7409.371,7468.733,15806485000,0.012252574982407616
2021-09-29,7409.961,7413.798,7199.111,7199.179,17255014500,-3.6090994282430566
2021-09-30,7237.539,7411.283,7237.539,7405.462,14644223300,2.8653683982576394
2021-10-08,7501.241,7514.244,7382.015,7425.669,15946033700,0.27286616284034615
2021-10-11,7441.624,7442.35,7346.859,7384.844,15060122100,-0.5497821139078485
2021-10-12,7366.162,7376.726,7125.535,7208.473,15664367700,-2.3882833543944937
2021-10-13,7213.005,7297.298,7147.012,7289.363,13119152300,1.1221516679052579
2021-10-14,7276.508,7362.463,7256.984,7342.254,12893072500,0.7255915228806531
2021-10-15,7321.579,7374.335,7288.28,7350.413,14533493700,0.11112391371912445
2021-10-18,7344.573,7429.626,7322.697,7429.626,14494820400,1.0776673365156642
2021-10-19,7420.476,7506.093,7408.122,7504.055,15240811700,1.001786630982493
2021-10-20,7467.339,7560.848,7456.812,7523.561,15574373400,0.25993945939895013
2021-10-21,7520.928,7548.819,7481.439,7503.534,15874247800,-0.26619043827783573
2021-10-22,7506.872,7530.577,7436.145,7438.481,16765695800,-0.8669648195103741
2021-10-25,7438.427,7532.373,7417.199,7532.373,15047217500,1.2622469560653604
2021-10-26,7547.751,7583.126,7492.392,7508.689,16142746300,-0.314429463331134
2021-10-27,7490.689,7501.54,7408.578,7433.546,16208633200,-1.0007472675989115
2021-10-28,7395.488,7422.098,7253.105,7267.851,16592507800,-2.2290169456138487
2021-10-29,7276.512,7385.413,7234.499,7385.305,15853455000,1.6160760587964784
2021-11-01,7374.451,7488.479,7357.673,7455.611,17203325300,0.9519715164099551
2021-11-02,7462.132,7501.965,7301.65,7368.6,18751341600,-1.1670539141594105
2021-11-03,7362.116,7391.054,7312.253,7385.199,14561900800,0.22526667209510354
2021-11-04,7402.66,7483.692,7402.66,7483.692,16171792700,1.3336539746593212
2021-11-05,7476.138,7488.119,7388.2,7389.587,18167756600,-1.257467570819315
2021-11-08,7376.708,7423.006,7351.505,7422.907,15205165100,0.4509047663962873
2021-11-09,7443.453,7532.252,7435.514,7531.958,15557024400,1.4691144587962501
2021-11-10,7516.004,7535.243,7425.227,7535.228,16680926800,0.04341500576610091
2021-11-11,7524.163,7601.199,7515.714,7593.732,17115319400,0.7764065002412668
2021-11-12,7593.452,7705.053,7593.452,7697.808,17374679000,1.3705513968625738
2021-11-15,7713.851,7727.02,7653.71,7676.485,18955364900,-0.27700093325269126
2021-11-16,7659.018,7691.645,7579.68,7589.181,17701306500,-1.1372913514453575
2021-11-17,7603.329,7725.092,7603.329,7725.092,17482428800,1.790852003661536
2021-11-18,7724.034,7765.743,7686.138,7714.797,19850444800,-0.13326702128596546
2021-11-19,7709.313,7806.028,7705.838,7803.763,18800112600,1.1531865323222368
2021-11-22,7822.961,7948.021,7822.961,7947.372,19040027000,1.8402532214266465
2021-11-23,7950.249,7974.509,7933.201,7941.559,19342204500,-0.07314367567039515
2021-11-24,7939.591,7971.445,7917.676,7938.774,18860567800,-0.035068681099015286
2021-11-25,7937.396,7959.841,7919.658,7925.76,17583815700,-0.1639295941665564
2021-11-26,7912.894,7954.787,7906.349,7940.789,17391684700,0.1896221939599485
2021-11-29,7837.391,7999.935,7828.924,7999.833,17645340900,0.7435533169311004
2021-11-30,8037.255,8082.897,7991.186,8054.29,19756264300,0.6807267101700765
2021-12-01,8050.887,8068.38,8000.806,8055.821,18907493000,0.019008503542838895
2021-12-02,8045.73,8046.245,7964.741,7968.235,18467244800,-1.0872386563703484
2021-12-03,7973.62,8034.687,7952.374,8023.963,17906301600,0.6993769636563174
2021-12-06,8018.458,8029.827,7899.915,7906.756,19152032800,-1.4607121194352368
2021-12-07,7937.227,7948.17,7713.923,7781.442,18238999500,-1.5848977760285043
2021-12-08,7806.382,7922.552,7803.444,7922.552,16130705000,1.813417101868775
2021-12-09,7924.526,7948.031,7903.68,7931.757,18125222100,0.11618730934173094
2021-12-10,7898.64,7964.352,7886.135,7949.125,17346576300,0.21896787811326313
2021-12-13,7963.482,8000.111,7936.622,7984.899,18952205800,0.45003695375278596
2021-12-14,7969.6,7997.177,7952.75,7981.828,19321250900,-0.03846009824294283
2021-12-15,7982.099,8019.296,7942.941,7955.581,20020703500,-0.3288344474473792
2021-12-16,7966.5,8005.975,7959.179,8005.975,19486519800,0.633442108125104
2021-12-17,7997.469,7997.469,7894.103,7894.103,20230367600,-1.3973563494764862
2021-12-20,7873.669,7920.648,7747.36,7751.951,19900830200,-1.800736575137163
2021-12-21,7749.824,7849.033,7749.824,7849.033,19146057700,1.2523556972947825
2021-12-22,7868.299,7943.242,7854.357,7930.812,20594218500,1.0418990466723566
2021-12-23,7932.102,7947.125,7892.886,7932.662,20291062300,0.023326741322327038
2021-12-24,7940.378,7940.435,7771.418,7776.606,21213231600,-1.9672589100607096
2021-12-27,7768.383,7833.581,7739.291,7776.431,17543192800,-0.0022503390296524373
2021-12-28,7794.026,7863.53,7783.098,7863.53,17074459800,1.1200382283337973
2021-12-29,7858.943,7886.714,7838.28,7855.429,17227311100,-0.10301989055805372
2021-12-30,7863.175,7949.955,7861.54,7924.528,17854590400,0.8796336902796797
2021-12-31,7946.945,8016.404,7946.945,8010.324,18960290300,1.0826638507681396
2022-01-04,8045.096,8060.99,7948.914,7983.068,22595770600,-0.340260893317168
2022-01-05,7968.739,7968.918,7733.507,7781.678,21879149500,-2.5227143248685913
2022-01-06,7743.862,7863.549,7721.778,7844.517,19273502800,0.8075250607902262
2022-01-07,7841.134,7867.49,7681.125,7682.697,21444128100,-2.0628421099731176
2022-01-10,7669.045,7756.97,7624.934,7734.187,18311847400,0.6702073503614736
2022-01-11,7734.536,7768.744,7632.072,7646.693,18425667700,-1.1312630532465784
2022-01-12,7691.845,7779.524,7682.552,7779.524,17902877000,1.7371038696074148
2022-01-13,7781.311,7781.311,7644.787,7644.787,19671881300,-1.7319440109703432
2022-01-14,7611.291,7714.497,7590.194,7675.371,19543728600,0.4000634680861648
2022-01-17,7687.71,7815.656,7683.376,7808.086,19904867000,1.729102085097911
2022-01-18,7808.99,7827.186,7743.719,7758.605,22194515200,-0.6337148438170459
2022-01-19,7728.158,7745.811,7617.057,7665.185,18817084400,-1.204082434922249
2022-01-20,7664.12,7672.762,7488.859,7492.61,19987617500,-2.251413370975397
2022-01-21,7474.755,7493.021,7384.404,7388.744,17662856700,-1.38624591430756
2022-01-24,7346.386,7462.527,7332.998,7425.402,15441582700,0.49613303695459354
2022-01-25,7398.763,7440.545,7133.066,7133.066,17857699900,-3.9369720319519463
2022-01-26,7158.567,7226.639,7071.471,7171.029,14307247500,0.5322115342827338
2022-01-27,7178.544,7191.484,6959.465,6960.11,14678637100,-2.9412654725005427
2022-01-28,6996.768,7071.319,6861.474,6973.01,13898434400,0.18534189833208092
2022-02-07,7080.612,7102.42,7037.157,7061.62,14550630500,1.270756818074248
2022-02-08,7058.247,7080.618,6928.902,7080.618,16090040200,0.2690317519209451
2022-02-09,7083.426,7212.751,7056.617,7211.43,17239973100,1.8474658567938507
2022-02-10,7208.568,7222.187,7126.069,7175.617,16578145400,-0.49661440241394184
2022-02-11,7140.93,7151.235,7024.793,7033.851,16861516500,-1.975662859375027
2022-02-14,6991.633,7096.553,6961.301,7006.075,14721781200,-0.3948903666000314
2022-02-15,7020.133,7125.096,6990.401,7124.849,14329760100,1.695300150226764
2022-02-16,7164.229,7201.082,7132.081,7183.106,14718897200,0.8176594339051935
2022-02-17,7169.72,7265.03,7146.592,7220.607,16594406800,0.5220722066471062
2022-02-18,7174.587,7252.06,7164.268,7251.792,15609702700,0.4318888979832458
2022-02-21,7264.445,7334.91,7259.755,7334.591,16984784800,1.1417729576358449
2022-02-22,7310.657,7310.657,7212.273,7279.236,17950263400,-0.7547114760727669
2022-02-23,7290.703,7450.4,7289.744,7450.4,18273048500,2.3514006140204824
2022-02-24,7414.466,7481.144,7174.784,7285.117,25572058500,-2.218444647267248
2022-02-25,7346.854,7435.401,7344.776,7361.957,17775700400,1.05475313574237
2022-02-28,7370.432,7419.831,7291.076,7419.831,16740203000,0.7861224943313205
2022-03-01,7433.746,7454.902,7379.818,7429.443,16618706100,0.1295447295228236
2022-03-02,7400.947,7421.64,7341.833,7414.309,16020992100,-0.20370302322798572
2022-03-03,7440.94,7446.47,7334.276,7342.614,18318194700,-0.9669815487862832
2022-03-04,7299.996,7360.258,7219.641,7241.563,17843841900,-1.3762265046208255
2022-03-07,7230.811,7230.811,7050.351,7085.732,16605177500,-2.1518973182999335
2022-03-08,7089.512,7118.506,6824.033,6871.22,19196062700,-3.027379528325369
2022-03-09,6889.508,6925.551,6511.908,6796.039,21326191400,-1.0941433981156212
2022-03-10,6946.576,7017.277,6914.891,6952.52,18535447100,2.302532401594526
2022-03-11,6856.874,7001.602,6778.593,6990.778,18099318400,0.5502752958639334
2022-03-14,6938.224,6972.905,6800.595,6800.595,16266211800,-2.720484043406901
2022-03-15,6745.598,6790.244,6473.481,6473.481,19575081400,-4.810079118077171
2022-03-16,6586.823,6704.18,6330.405,6692.966,19755896700,3.3905251285977434
2022-03-17,6777.738,6934.493,6768.605,6818.545,20505438900,1.8762832502062565
2022-03-18,6792.324,6882.657,6773.457,6879.366,17389040500,0.8919938197958555
2022-03-21,6886.032,6983.521,6867.305,6954.406,17942838800,1.0907981927404276
2022-03-22,6938.97,6976.394,6893.648,6923.443,17845627100,-0.44522853569377574
2022-03-23,6938.513,6989.722,6910.325,6966.953,17594221200,0.6284445470266853
2022-03-24,6934.125,6950.744,6847.172,6900.807,17591786500,-0.9494250930069503
2022-03-25,6906.679,6939.872,6819.555,6819.813,17381859700,-1.1736888163949466
2022-03-28,6772.444,6828.397,6692.909,6767.251,16839860900,-0.7707249450974674
2022-03-29,6785.378,6808.878,6700.41,6725.677,16620169600,-0.6143410374463754
2022-03-30,6750.005,6864.749,6734.073,6864.749,17132580300,2.0677769687720726
2022-03-31,6846.333,6846.333,6760.047,6772.065,19567908400,-1.3501440475099713
2022-04-01,6723.259,6790.765,6688.701,6772.604,17153058600,0.007959167550830593
2022-04-06,6769.739,6769.739,6711.304,6764.288,17993276300,-0.12278881210241455
2022-04-07,6736.336,6768.451,6623.586,6623.586,18843268400,-2.0800711028270746
2022-04-08,6635.693,6644.764,6496.184,6575.283,19157407400,-0.7292575351176778
2022-04-11,6544.292,6544.292,6297.391,6328.065,20420829200,-3.7598077527613794
2022-04-12,6314.216,6414.501,6259.052,6414.419,19367685700,1.3646193583662702
2022-04-13,6381.783,6388.702,6286.251,6286.251,18443405000,-1.998123290667475
2022-04-14,6313.1,6388.556,6294.368,6359.708,17575473200,1.1685343140132254
2022-04-15,6328.231,6334.482,6229.409,6275.073,19000752100,-1.330800093337603
2022-04-18,6233.421,6339.106,6164.436,6326.025,15896483600,0.8119746176658005
2022-04-19,6324.419,6379.426,6304.252,6345.786,15094162800,0.31237625523137247
2022-04-20,6347.8,6351.636,6208.793,6234.251,16535743000,-1.7576230903468826
2022-04-21,6206.176,6236.55,5966.025,5981.384,17345490600,-4.056092704640868
2022-04-22,5937.391,5965.413,5851.228,5891.808,14472919500,-1.4975798243349714
2022-04-25,5776.18,5776.18,5431.608,5431.608,18316667300,-7.8108451599237405
2022-04-26,5432.611,5483.028,5251.52,5266.552,17832332200,-3.03880545135069
2022-04-27,5192.505,5541.107,5164.749,5540.717,19292727100,5.20577789794916
2022-04-28,5501.523,5578.617,5425.771,5493.908,16971405800,-0.8448184594159747
2022-04-29,5534.173,5753.084,5517.723,5734.493,18666054900,4.379123203373636
2022-05-05,5723.184,5884.379,5712.058,5836.928,16893297500,1.7862956672891395
2022-05-06,5690.141,5812.476,5665.93,5764.692,15419636300,-1.237568803315714
2022-05-09,5749.902,5857.709,5749.902,5840.89,13894347400,1.321805223939121
2022-05-10,5761.847,5952.723,5746.716,5950.667,16963005400,1.8794567266289919
2022-05-11,5959.789,6147.858,5959.789,6003.028,20631109300,0.8799181671567124
2022-05-12,5971.209,6061.18,5964.829,6034.573,16680991900,0.5254848053349193
2022-05-13,6058.999,6079.159,6001.913,6071.667,15470886300,0.614691379158061
2022-05-16,6110.994,6154.698,6057.325,6082.882,15881493700,0.18471039337299988
2022-05-17,6079.297,6120.844,6013.704,6118.457,16098087200,0.5848379107140422
2022-05-18,6124.378,6183.457,6103.625,6127.804,15180257000,0.15276727449420324
2022-05-19,6032.727,6180.186,6020.407,6180.186,16151231400,0.8548249911387362
2022-05-20,6203.914,6263.443,6176.127,6263.443,16785941700,1.3471601016538992
2022-05-23,6284.599,6345.001,6267.832,6343.467,16486654400,1.2776359583698493
2022-05-24,6343.886,6345.123,6081.642,6081.642,19839760000,-4.127474770500106
2022-05-25,6079.938,6188.269,6070.962,6188.269,16135372500,1.7532600570701273
2022-05-26,6195.211,6252.556,6095.754,6227.099,16844023500,0.6274775708683622
2022-05-27,6252.363,6283.723,6157.814,6210.094,17056578300,-0.27308061105179027
2022-05-30,6231.635,6282.355,6171.736,6282.355,15920076000,1.1636055750524843
2022-05-31,6283.16,6356.554,6224.614,6353.347,17355118000,1.1300221015845269
2022-06-01,6332.393,6398.354,6316.582,6373.318,17299185200,0.3143382535221173
2022-06-02,6349.56,6449.975,6329.067,6442.934,16494743300,1.0923038831578857
2022-06-06,6449.546,6612.799,6449.241,6604.976,18317628200,2.515034299590835
2022-06-07,6613.165,6631.325,6539.712,6597.835,18767937200,-0.10811545719469073
2022-06-08,6594.916,6660.092,6474.226,6608.892,19632241500,0.16758527607918516
2022-06-09,6591.92,6591.92,6453.652,6490.375,17804143900,-1.7932960623354033
2022-06-10,6446.807,6630.264,6438.803,6627.748,17692093600,2.116564913429486
2022-06-13,6582.689,6683.914,6573.569,6674.804,20085724100,0.7099847489675293
2022-06-14,6607.116,6665.253,6460.433,6665.253,20722404500,-0.143090343926211
2022-06-15,6671.053,6759.376,6653.762,6653.762,22859663500,-0.1724015577503235
2022-06-16,6651.2,6755.631,6651.2,6696.763,20419071000,0.6462659770517742
2022-06-17,6652.539,6782.49,6643.102,6774.738,19554498400,1.1643685165504625
2022-06-20,6787.341,6874.376,6783.619,6848.755,20285537800,1.0925440954321797
2022-06-21,6849.733,6854.921,6709.364,6779.145,19610562200,-1.0163891101375278
2022-06-22,6781.866,6811.548,6688.392,6691.812,17949715700,-1.288259802674241
2022-06-23,6694.248,6845.455,6649.929,6845.455,19268003200,2.2959850037628016
2022-06-24,6865.358,6954.453,6862.464,6931.654,19953205300,1.2592150558290216
2022-06-27,6968.134,7012.121,6940.516,7002.934,20925864300,1.028325995498336
2022-06-28,7001.257,7081.282,6956.295,7079.725,21470714400,1.0965546726557696
2022-06-29,7061.792,7075.517,6900.993,6900.993,22928002500,-2.5245613353626073
2022-06-30,6909.739,7032.67,6909.739,6995.53,19246161000,1.36990430217796
2022-07-01,6999.677,7039.85,6967.484,6994.501,17805449400,-0.014709392998091264
2022-07-04,6985.053,7076.322,6928.401,7076.322,18118035700,1.1697903824733125
2022-07-05,7081.902,7098.573,6950.237,7036.002,20439861000,-0.5697875252143603
2022-07-06,7014.451,7041.872,6890.927,6953.98,18211458500,-1.165747252488003
2022-07-07,6955.532,7053.451,6910.087,7041.867,17030424200,1.2638373995898844
2022-07-08,7067.033,7084.897,6990.741,7000.785,17451569000,-0.5833964202959341
2022-07-11,6976.096,6976.096,6830.47,6893.635,17454946200,-1.530542646288946
2022-07-12,6891.579,6911.804,6779.555,6779.555,16805720000,-1.6548598816154336
2022-07-13,6780.612,6855.068,6737.876,6834.902,16726815300,0.8163810161581297
2022-07-14,6823.093,6954.914,6809.102,6920.874,18406491500,1.2578380787317656
2022-07-15,6889.81,6966.044,6852.816,6852.816,19862573500,-0.9833729092597276
2022-07-18,6868.299,6953.932,6839.132,6953.932,18204798500,1.4755393986939147
2022-07-19,6956.863,7033.25,6932.737,7009.324,18224049200,0.7965565380852135
2022-07-20,7028.792,7110.104,7019.513,7110.104,18153371900,1.4377991372634513
2022-07-21,7098.27,7134.218,7067.147,7075.294,19676974000,-0.489584962470313
2022-07-22,7081.563,7124.304,6969.431,7034.598,17303097300,-0.5751845789022991
2022-07-25,7037.755,7068.341,6933.819,6948.909,16239084400,-1.2181079857015331
2022-07-26,6949.19,7031.112,6901.932,7027.419,14721844500,1.1298176447554598
2022-07-27,7018.224,7109.539,7005.07,7099.434,15226912800,1.0247716836010445
2022-07-28,7138.316,7196.731,7112.744,7150.198,18035430500,0.7150429175058148
2022-07-29,7152.325,7179.471,7105.335,7117.434,17684117900,-0.4582250729280535
2022-08-01,7100.712,7180.454,7055.607,7180.454,16280303200,0.8854314630806437
2022-08-02,7098.183,7098.183,6872.754,6957.982,22308828700,-3.098299912512492
2022-08-03,6968.292,7079.854,6893.524,6916.67,19904630100,-0.5937353675246615
2022-08-04,6953.983,6977.392,6853.696,6960.312,15789606500,0.6309683706176461
2022-08-05,6975.89,7096.435,6961.646,7090.003,17084849600,1.863292909858072
2022-08-08,7082.536,7176.484,7062.367,7176.105,15856130500,1.2144141546907683
2022-08-09,7168.96,7207.396,7131.336,7207.396,16291287800,0.43604434439017403
2022-08-10,7183.182,7231.432,7169.88,7212.075,15963661800,0.06491942443567211
2022-08-11,7241.732,7295.892,7212.4,7294.486,17950620700,1.1426808512113418
2022-08-12,7287.651,7311.894,7228.342,7228.835,18128890500,-0.900008581824685
2022-08-15,7218.091,7296.337,7215.204,7283.5,16908259700,0.7562076046831789
2022-08-16,7290.241,7356.11,7280.923,7324.62,18367482000,0.5645637399601888
2022-08-17,7330.482,7342.696,7280.574,7328.674,18361214000,0.05534758117144989
2022-08-18,7315.41,7358.707,7298.93,7351.437,17637769200,0.31060189060121424
2022-08-19,7353.434,7369.731,7234.405,7234.405,19077446600,-1.5919608642500749
2022-08-22,7214.481,7289.309,7170.204,7288.577,17266760300,0.748810717674786
2022-08-23,7275.383,7310.13,7267.786,7306.021,17106706900,0.23933341172082123
2022-08-24,7312.554,7315.101,7029.878,7039.41,20752160200,-3.6491956428813976
2022-08-25,7065.336,7080.725,6930.839,7016.306,17435131200,-0.32820932436099515
2022-08-26,7032.655,7103.834,6966.066,6980.18,16172503600,-0.5148863233729983
2022-08-29,6884.73,7022.794,6858.431,7021.315,15357144500,0.5893114504210484
2022-08-30,7018.723,7025.464,6943.144,6976.722,15383292500,-0.6351089503889185
2022-08-31,6954.509,6966.992,6738.524,6750.743,16655993000,-3.2390426334888978
2022-09-01,6757.006,6819.617,6698.838,6717.1,13682129000,-0.49835995830385116
2022-09-02,6731.673,6801.35,6695.104,6776.827,12855538300,0.8891783656637564
2022-09-05,6774.193,6831.221,6739.135,6791.092,13191103900,0.21049674132156415
2022-09-06,6808.874,6919.646,6780.437,6919.646,14434432500,1.8929798035426382
2022-09-07,6894.714,6989.755,6882.595,6963.52,14299835000,0.6340497765348285
2022-09-08,6965.562,6975.132,6889.863,6897.1,13301460300,-0.9538279490832191
2022-09-09,6908.713,6918.204,6848.27,6913.579,13094077700,0.2389265053428069
2022-09-13,6935.591,6957.353,6886.361,6904.078,12598258300,-0.13742520335703334
2022-09-14,6800.927,6851.094,6783.188,6829.558,12130940700,-1.0793620813669857
2022-09-15,6859.249,6866.554,6543.199,6619.189,16063456200,-3.080272544723972
2022-09-16,6599.27,6632.56,6480.097,6481.244,13570416900,-2.0840166370834967
2022-09-19,6468.395,6504.752,6364.073,6399.801,10793418100,-1.256595184504694
2022-09-20,6441.096,6536.424,6436.761,6482.131,9989803400,1.2864462504381002
2022-09-21,6461.249,6506.062,6378.634,6480.602,10560009300,-0.02358792193494219
2022-09-22,6438.286,6554.299,6429.495,6487.275,10514698800,0.10296882913036765
2022-09-23,6486.786,6504.033,6306.962,6363.684,11196568500,-1.9051296576759857
2022-09-26,6318.299,6404.015,6274.339,6283.593,11045349300,-1.2585634358965758
2022-09-27,6302.888,6409.776,6287.775,6409.776,10603349400,2.008134517942195
2022-09-28,6397.837,6401.841,6211.109,6211.109,10496007700,-3.0994374842428063
2022-09-29,6270.906,6307.782,6192.772,6228.779,10573074400,0.28449025769794467
2022-09-30,6221.831,6241.959,6123.988,6124.864,9256460000,-1.6683044943479386
2022-10-10,6136.712,6154.063,5964.621,5984.501,10244813700,-2.2916917012361315
2022-10-11,5994.763,6044.285,5939.068,6017.719,9423800100,0.5550671643299809
2022-10-12,6017.675,6192.653,5918.021,6192.653,12005305300,2.906981864723157
2022-10-13,6162.705,6311.506,6146.404,6252.223,12870090600,0.9619463580471832
2022-10-14,6296.351,6427.469,6286.672,6406.457,14180202600,2.4668665848931015
2022-10-17,6380.207,6476.398,6370.148,6472.451,13244462800,1.0301169585622771
2022-10-18,6490.597,6551.796,6447.778,6508.504,12992094600,0.5570223706598876
2022-10-19,6492.6,6533.566,6460.7,6461.146,12464738100,-0.7276326479940698
2022-10-20,6431.986,6525.799,6342.154,6429.704,13352498600,-0.48663193804937555
2022-10-21,6433.327,6469.094,6387.766,6432.326,11987978100,0.040779482228114894
2022-10-24,6448.866,6554.369,6335.073,6378.432,14135712600,-0.8378617626034535
2022-10-25,6346.153,6411.166,6248.839,6355.778,12932141000,-0.35516565826835267
2022-10-26,6358.06,6548.618,6348.99,6491.692,15066389200,2.138432147881808
2022-10-27,6497.52,6544.417,6459.923,6461.61,14677382200,-0.4633922866334461
2022-10-28,6412.613,6446.605,6216.274,6239.932,15612049500,-3.430692969708782
2022-10-31,6201.747,6349.118,6201.283,6292.619,14587478800,0.8443521499913675
2022-11-01,6299.026,6440.916,6277.616,6439.822,15226299000,2.339296245331246
2022-11-02,6434.95,6557.01,6424.66,6524.514,16256856300,1.3151295175549915
2022-11-03,6467.227,6576.372,6461.296,6566.841,14151370400,0.6487379749664068
2022-11-04,6569.185,6719.513,6568.782,6709.645,16506243400,2.17462247068263
2022-11-07,6713.731,6749.756,6660.979,6713.638,16025494700,0.059511345235097046
2022-11-08,6707.013,6708.08,6647.442,6694.956,13547178700,-0.27826939730738465
2022-11-09,6694.404,6736.671,6664.371,6676.008,12656456500,-0.2830190370183172
2022-11-10,6638.516,6663.113,6583.865,6603.309,14213764500,-1.0889591504383955
2022-11-11,6749.067,6776.742,6641.763,6643.482,19164896600,0.6083768001770018
2022-11-14,6639.023,6688.006,6570.491,6599.666,17430398500,-0.6595336602101098
2022-11-15,6593.628,6752.513,6576.875,6752.513,17093916000,2.3159808390303294
2022-11-16,6749.959,6775.382,6687.317,6702.041,15502116300,-0.7474550585833684
2022-11-17,6685.943,6714.504,6629.897,6714.504,15919125300,0.1859582774859092
2022-11-18,6711.894,6752.837,6650.742,6658.401,16810522100,-0.8355494314993384
2022-11-21,6622.603,6689.325,6585.279,6689.325,13715526500,0.46443583076476447
2022-11-22,6682.053,6692.24,6556.336,6583.233,15085322600,-1.585989617786543
2022-11-23,6572.165,6592.305,6451.955,6567.993,14436622800,-0.23149719902060273
2022-11-24,6573.472,6611.795,6553.956,6586.858,12619733200,0.2872262500888789
2022-11-25,6573.019,6573.019,6508.516,6512.162,12457939600,-1.1340156414484714
2022-11-28,6426.931,6494.981,6412.032,6492.712,12988178000,-0.2986719310729691
2022-11-29,6505.896,6607.457,6505.896,6594.323,15744830100,1.565000880987788
2022-11-30,6591.678,6619.27,6561.275,6590.307,15540313600,-0.06090086882308832
2022-12-01,6645.467,6691.509,6639.632,6658.427,16215067800,1.0336392523140336
2022-12-02,6644.442,6721.691,6637.16,6680.542,14942402800,0.3321355028747863
2022-12-05,6710.725,6723.566,6675.602,6714.367,17891502500,0.5063211936995549
2022-12-06,6690.92,6731.066,6667.002,6703.552,15481011400,-0.16107251807951917
2022-12-07,6684.608,6732.258,6677.52,6705.287,15598928100,0.02588180117049088
2022-12-08,6694.844,6699.297,6648.347,6662.344,14861163200,-0.6404349284378164
2022-12-09,6661.899,6684.149,6626.936,6680.375,16034916400,0.27064048328937496
2022-12-12,6669.166,6680.611,6626.873,6655.674,15365306800,-0.36975469191474764
2022-12-13,6654.67,6654.749,6586.868,6593.668,14969272300,-0.9316261583725449
2022-12-14,6600.407,6626.699,6556.808,6570.018,13966493100,-0.358677446301503
2022-12-15,6557.904,6605.703,6544.999,6597.551,12885054400,0.4190703891526759
2022-12-16,6569.057,6581.934,6504.054,6519.436,13443484900,-1.1839999417965985
2022-12-19,6518.382,6537.135,6367.446,6390.77,13548597200,-1.9735756283212114
2022-12-20,6380.215,6389.054,6321.141,6341.583,11000860600,-0.7696568645092938
2022-12-21,6341.215,6344.655,6255.349,6289.136,10272973500,-0.82703325021527
2022-12-22,6314.553,6319.574,6171.18,6186.928,11324545600,-1.625151690152682
2022-12-23,6154.659,6197.238,6120.944,6160.745,9709472900,-0.4231987183299979
2022-12-26,6161.937,6276.111,6161.937,6275.524,10003121000,1.8630701319402254
2022-12-27,6288.607,6328.359,6256.042,6325.628,10927050000,0.7984034480626567
2022-12-28,6304.59,6306.949,6251.302,6268.466,10526387400,-0.9036573127600867
2022-12-29,6253.795,6322.246,6245.229,6261.829,10238221100,-0.10587917362877564
2022-12-30,6283.5,6296.244,6262.6,6281.621,9714649600,0.316073786109472
2023-01-03,6286.814,6433.786,6275.688,6423.701,13318168000,2.2618365546090757
2023-01-04,6423.43,6445.619,6385.003,6421.277,13104009300,-0.03773525573497194
2023-01-05,6427.455,6489.989,6413.75,6485.469,12166152600,0.9996765440892785
2023-01-06,6482.883,6539.759,6478.626,6500.32,12938399700,0.22898883642801238
2023-01-09,6523.137,6559.461,6517.575,6535.749,12204787100,0.5450347059837046
2023-01-10,6541.82,6546.542,6505.098,6540.201,11162812100,0.06811767098156007
2023-01-11,6544.567,6562.351,6480.945,6486.905,11288294200,-0.8148985023548994
2023-01-12,6495.16,6529.813,6469.477,6489.57,10493747000,0.04108276597236671
2023-01-13,6505.237,6517.513,6475.657,6517.513,11076193600,0.4305832281645827
2023-01-16,6521.454,6628.73,6521.454,6591.806,14107088800,1.1398979948332943
2023-01-17,6600.251,6622.318,6573.282,6597.495,10842111100,0.0863041175665824
2023-01-18,6613.742,6635.855,6593.372,6613.005,10583467400,0.23508922704753576
2023-01-19,6605.448,6678.179,6590.419,6676.08,10758956000,0.9538023939192453
2023-01-20,6690.143,6740.13,6690.143,6736.852,12276268200,0.91029466393453
2023-01-30,6815.139,6839.843,6780.373,6786.453,17076933200,0.7362637623625989
2023-01-31,6763.399,6820.142,6758.902,6805.276,14771234600,0.27736138451115444
2023-02-01,6815.057,6916.726,6812.786,6916.72,16965166100,1.6376117588765116
2023-02-02,6926.579,6969.788,6908.697,6933.226,16713398600,0.23863912374650909
2023-02-03,6922.79,6934.325,6829.399,6925.076,15755888000,-0.11754989668589788
2023-02-06,6902.492,6928.281,6853.911,6891.413,14605902700,-0.4861029684006368
2023-02-07,6900.232,6924.419,6864.206,6924.321,15010875200,0.4775218086624733
2023-02-08,6927.33,6932.991,6873.599,6877.725,13851073100,-0.6729324073797227
2023-02-09,6864.027,6999.182,6850.569,6999.182,14914769700,1.7659473154276961
2023-02-10,6991.234,7015.249,6926.483,6975.395,15243205100,-0.3398540000817185
2023-02-13,6976.33,7052.596,6973.408,7052.177,16084848000,1.1007548676454704
2023-02-14,7064.529,7070.335,7028.785,7061.449,15178643800,0.13147713110432946
2023-02-15,7062.362,7076.868,7038.986,7063.605,15977932800,0.030531977218828388
2023-02-16,7063.927,7098.918,6878.348,6925.203,21738161700,-1.9593677732545833
2023-02-17,6931.993,6954.846,6861.305,6868.548,17265690200,-0.818098761870234
2023-02-20,6871.862,6959.751,6825.874,6959.361,16561437900,1.3221571720835268
2023-02-21,6969.355,7008.546,6939.593,6990.475,17169094600,0.4470812765712262
2023-02-22,6961.15,7014.562,6947.117,6998.43,14460101600,0.11379770330341987
2023-02-23,6997.783,7008.679,6929.612,6966.787,14186246700,-0.4521442666426623
2023-02-24,6971.649,6983.16,6906.686,6944.824,12107882600,-0.3152529279279004
2023-02-27,6928.034,6950.883,6876.254,6894.296,12930093900,-0.7275634342929216
2023-02-28,6911.362,6955.574,6874.925,6955.574,13103602500,0.8888217158067979
2023-03-01,6955.482,7002.771,6932.757,7002.771,15590855500,0.67854931886282
2023-03-02,6999.232,7021.109,6963.055,6972.306,16650570800,-0.43504207120296234
2023-03-03,6970.213,6997.425,6921.267,6967.94,15459824700,-0.06261916789079836
2023-03-06,6973.523,7004.71,6933.993,6997.044,15031713400,0.4176844232298249
2023-03-07,6991.559,6993.177,6855.344,6855.344,15975778000,-2.025140902358191
2023-03-08,6838.629,6894.364,6832.037,6891.456,12128060000,0.5267715230628855
2023-03-09,6898.24,6911.538,6851.909,6892.857,12667126100,0.020329521076534185
2023-03-10,6854.41,6864.935,6795.223,6798.299,14033859100,-1.3718259351673812
2023-03-13,6780.023,6832.621,6750.219,6832.621,14119118700,0.5048615837579318
2023-03-14,6824.248,6824.248,6690.086,6769.849,15633643500,-0.9187104041040728
2023-03-15,6797.821,6844.966,6794.408,6803.474,13914701000,0.4966875922934211
2023-03-16,6769.607,6777.906,6677.681,6689.783,14188184500,-1.6710727490102828
2023-03-17,6726.957,6781.946,6717.144,6736.367,16153534500,0.696345456945302
2023-03-20,6745.952,6760.91,6694.522,6721.455,17531344100,-0.22136561146386402
2023-03-21,6726.798,6810.288,6725.835,6809.391,14658493500,1.308288160822313
2023-03-22,6830.194,6845.761,6810.765,6840.326,16031826700,0.45429907021055094
2023-03-23,6827.676,6869.176,6809.851,6868.835,16544805600,0.4167783816151349
2023-03-24,6874.538,6880.195,6840.75,6867.952,18168022900,-0.012855163939728964
2023-03-27,6874.386,6900.633,6830.945,6886.689,19506440300,0.2728178647724899
2023-03-28,6881.109,6884.543,6816.447,6825.383,17046883700,-0.8902100849915051
2023-03-29,6825.129,6839.899,6785.149,6806.281,16080659500,-0.2798670785214563
2023-03-30,6802.071,6814.689,6751.692,6807.645,14617575600,0.020040312764058044
2023-03-31,6806.609,6878.319,6801.943,6875.808,15158195000,1.001271364767109
2023-04-03,6878.089,6966.693,6878.089,6962.205,19455447700,1.256535959119276
2023-04-04,6960.906,6966.993,6918.133,6953.363,21321196200,-0.12699999497285397
2023-04-06,6926.188,6988.375,6921.662,6983.027,19100949400,0.42661371195491515
2023-04-07,6987.007,7043.222,6978.348,7042.89,16743732000,0.8572643353663034
2023-04-10,7050.235,7052.741,6950.771,6968.573,18100786800,-1.0552060304789612
2023-04-11,6967.03,6986.443,6937.02,6984.142,16279396500,0.22341733379271922
2023-04-12,6989.693,7027.84,6979.278,7021.016,18030093800,0.527967501233495
2023-04-13,7011.658,7029.104,6956.676,6966.818,18293674600,-0.7719395597446166
2023-04-14,6978.592,7026.121,6942.569,7020.094,17475180200,0.764710661309076
2023-04-17,7009.468,7030.24,6989.697,7012.773,17346310100,-0.10428635286080512
2023-04-18,7002.256,7014.385,6961.506,6997.072,16027809500,-0.2238914620507515
2023-04-19,6988.655,7011.931,6955.361,6965.576,16896811700,-0.45013114056851045
2023-04-20,6956.365,6963.899,6911.981,6963.899,17424078500,-0.02407553948158281
2023-04-21,6954.099,6963.077,6773.512,6773.512,19317732400,-2.733913860611714
2023-04-24,6766.518,6771.652,6692.224,6725.271,17236563900,-0.7122007017925092
2023-04-25,6708.278,6711.568,6517.273,6603.239,19439982000,-1.8145291096819727
2023-04-26,6577.359,6667.429,6573.878,6624.4,18456174500,0.3204639420139044
2023-04-27,6597.731,6672.219,6593.384,6633.493,17420209100,0.1372652617595671
2023-04-28,6617.325,6724.573,6617.325,6723.305,18902761600,1.3539171594814325
2023-05-04,6701.491,6738.443,6698.642,6733.969,20213704700,0.15861246812394203
2023-05-05,6723.16,6723.98,6612.741,6653.653,18587696200,-1.1926992832904326
2023-05-08,6660.917,6714.389,6660.917,6702.5,20420461900,0.734138074227797
2023-05-09,6696.668,6705.738,6610.567,6611.637,21751823800,-1.3556583364416341
2023-05-10,6599.788,6648.038,6576.399,6627.311,17230127700,0.2370668565137457
2023-05-11,6634.164,6653.382,6618.193,6622.521,15580515500,-0.07227667450644404
2023-05-12,6608.828,6630.559,6535.11,6535.944,15332911500,-1.3073118227937552
2023-05-15,6537.397,6585.91,6466.449,6585.91,16112681900,0.7644802342247736
2023-05-16,6586.718,6586.718,6501.307,6516.289,14243410700,-1.0571204283083113
2023-05-17,6500.438,6555.769,6497.379,6554.98,12577806300,0.5937581958074478
2023-05-18,6557.37,6595.491,6554.081,6583.738,14436880100,0.43871987404997537
2023-05-19,6571.087,6621.426,6545.085,6602.317,13543298900,0.2821953121463716
2023-05-22,6589.351,6608.883,6556.74,6595.984,13119854300,-0.09592087141528927
2023-05-23,6591.557,6600.802,6528.453,6528.453,12859551700,-1.0238199486232835
2023-05-24,6507.06,6564.513,6476.689,6513.182,12585509300,-0.23391452768367627
2023-05-25,6502.23,6541.388,6424.447,6501.0,13583464300,-0.18703607545436096
2023-05-26,6495.348,6558.109,6451.727,6546.408,12627561700,0.698477157360422
2023-05-29,6560.161,6579.151,6518.031,6534.117,15248265700,-0.18775181748525993
2023-05-30,6517.707,6565.477,6461.093,6564.469,15131765100,0.46451571038597095
2023-05-31,6556.516,6581.934,6523.273,6561.649,14296836400,-0.042958539373094684
2023-06-01,6539.259,6616.527,6515.023,6574.758,15396233900,0.19978209745750153
2023-06-02,6585.73,6640.53,6585.73,6626.279,14926360400,0.7836181955290344
2023-06-05,6631.222,6647.204,6609.017,6632.956,13715059400,0.10076545222439393
2023-06-06,6625.086,6625.086,6475.259,6489.811,15175795900,-2.158087585685786
2023-06-07,6487.196,6517.319,6467.304,6488.557,13140470900,-0.019322596605664266
2023-06-08,6477.94,6478.317,6399.782,6442.482,13558307000,-0.7100962509846154
2023-06-09,6446.62,6500.447,6427.919,6495.564,15197757900,0.823937109952344
2023-06-12,6488.2,6549.785,6474.863,6530.161,14515322000,0.5326250345620398
2023-06-13,6525.048,6561.021,6519.967,6554.957,14563630100,0.3797149871189953
2023-06-14,6556.032,6591.694,6547.486,6578.123,14919593100,0.3534119293230997
2023-06-15,6579.462,6618.624,6568.611,6613.955,14795542700,0.5447146549251158
2023-06-16,6613.105,6674.622,6602.039,6669.005,15570868900,0.8323310333983258
2023-06-19,6674.119,6707.227,6673.812,6693.299,16802575500,0.36428222800852783
2023-06-20,6683.924,6717.713,6671.99,6693.915,15886065300,0.009203234458832199
2023-06-21,6679.148,6681.566,6548.407,6548.407,15398394400,-2.1737353999863984
2023-06-26,6504.971,6535.492,6404.044,6420.973,15473268800,-1.9460305384194965
2023-06-27,6425.843,6518.983,6424.332,6507.273,13560711900,1.3440330616559137
2023-06-28,6504.499,6505.47,6367.353,6475.505,14580838500,-0.48819221200647744
2023-06-29,6465.096,6542.276,6462.068,6520.039,13525214500,0.6877301461430285
2023-06-30,6507.504,6615.974,6500.861,6602.037,14449892400,1.2576305141733135
2023-07-03,6617.076,6640.339,6571.843,6612.884,16097735600,0.16429777658015787
2023-07-04,6610.664,6639.816,6599.6,6638.447,13974279500,0.38656356288724325
2023-07-05,6632.367,6642.549,6575.73,6584.423,13305228000,-0.8138047950070337
2023-07-06,6573.576,6619.292,6558.885,6567.079,12407726800,-0.2634095652724655
2023-07-07,6553.558,6558.108,6486.115,6521.427,12359954100,-0.695164471144627
2023-07-10,6539.079,6556.154,6501.746,6526.852,12045093600,0.0831873146782236
2023-07-11,6531.628,6579.37,6514.991,6579.37,11960364400,0.8046451796363652
2023-07-12,6576.942,6576.962,6476.847,6482.987,14020447100,-1.4649274930578438
2023-07-13,6497.809,6553.599,6497.758,6548.313,13511775700,1.0076527995505735
2023-07-14,6554.535,6571.144,6538.646,6544.459,13563197100,-0.05885485315073602
2023-07-17,6524.605,6525.187,6481.286,6516.56,12640877300,-0.4262995612013043
2023-07-18,6519.757,6537.914,6490.059,6510.034,11996865300,-0.1001448617061862
2023-07-19,6508.523,6530.543,6459.443,6492.349,10913633500,-0.2716575673798238
2023-07-20,6497.778,6512.449,6404.123,6408.76,12215096200,-1.287500102043193
2023-07-21,6397.154,6447.296,6378.197,6401.417,11359084900,-0.11457754698256384
2023-07-24,6397.431,6437.989,6370.055,6393.794,10904946500,-0.1190830092774875
2023-07-25,6448.271,6499.416,6444.579,6498.269,14736572700,1.634006350533035
2023-07-26,6497.595,6497.595,6441.558,6457.254,14958352200,-0.6311680849161561
2023-07-27,6458.484,6475.83,6397.595,6407.546,14462435800,-0.7698009091790303
2023-07-28,6389.435,6471.676,6369.372,6465.376,15726753200,0.9025296111803138
2023-07-31,6475.828,6549.745,6475.828,6515.849,18381598000,0.7806661205782994
2023-08-01,6513.14,6521.97,6482.168,6507.412,18432646400,-0.1294842774901661
2023-08-02,6499.864,6515.069,6475.423,6496.022,16864628900,-0.1750311798300208
2023-08-03,6472.113,6502.545,6460.28,6499.545,16347139500,0.05423319071271582
2023-08-04,6514.54,6561.739,6505.861,6535.322,19462299900,0.5504539163895261
2023-08-07,6524.296,6532.518,6485.662,6503.983,16891941200,-0.4795326075746509
2023-08-08,6496.59,6500.902,6457.247,6471.344,14274341400,-0.501830954970206
2023-08-09,6452.98,6464.363,6411.228,6420.977,13231946700,-0.7783081845131434
2023-08-10,6409.222,6438.431,6392.895,6426.814,13195769200,0.09090516910432722
2023-08-11,6428.879,6428.879,6304.635,6304.635,14901672900,-1.9010819357772046
2023-08-14,6251.966,6320.949,6213.976,6319.407,13839222100,0.23430380981610544
2023-08-15,6318.548,6325.574,6203.443,6261.733,12270310700,-0.9126489241791158
2023-08-16,6240.712,6255.811,6186.403,6186.403,12495875900,-1.2030215916264742
2023-08-17,6167.654,6255.05,6128.131,6247.601,12913523800,0.9892339700468877
2023-08-18,6245.126,6259.791,6117.107,6117.107,13921253900,-2.088705728806939
2023-08-21,6107.924,6154.25,6057.171,6057.171,11709169600,-0.9798095733816625
2023-08-22,6082.721,6108.21,5984.437,6099.195,14428242200,0.6937892293283454
2023-08-23,6084.154,6084.154,5973.646,5973.671,12842238200,-2.058042085881817
2023-08-24,5989.428,6049.546,5942.567,5987.966,13419745100,0.2393000886724339
2023-08-25,5960.589,5980.241,5855.878,5879.027,14011710800,-1.8192989071748267
2023-08-28,6204.104,6204.104,5907.941,5922.162,21087009800,0.7337098468845227
2023-08-29,5909.462,6121.591,5907.961,6108.759,18668957600,3.150825661304091
2023-08-30,6117.411,6185.273,6102.091,6139.627,16749956000,0.5053072154262539
2023-08-31,6130.642,6130.953,6087.327,6104.295,14304040900,-0.5754746990330295
2023-09-01,6108.128,6136.782,6086.271,6107.2,12401705300,0.04758944317073688
2023-09-04,6129.539,6198.762,6109.097,6198.762,15550728100,1.4992467906733031
2023-09-05,6188.515,6206.346,6154.83,6167.642,14106799900,-0.5020357290697719
2023-09-06,6146.394,6202.324,6117.806,6195.383,12971766400,0.44978291541564186
2023-09-07,6185.328,6185.328,6083.489,6083.489,13225411600,-1.8060868876064728
2023-09-08,6063.241,6128.839,6062.897,6102.488,11891827900,0.31230433719862116
2023-09-11,6114.067,6204.434,6083.391,6182.643,14400329900,1.313480665590827
2023-09-12,6175.635,6212.26,6169.035,6184.606,12051225300,0.031750175450850904
2023-09-13,6169.529,6177.385,6059.287,6103.137,12503267600,-1.317286824738717
2023-09-14,6101.773,6102.488,6037.717,6068.713,11444184400,-0.564037805476103
2023-09-15,6082.194,6117.821,6046.874,6079.063,12419690300,0.17054686883364312
2023-09-18,6058.297,6106.265,6029.973,6083.969,11839445700,0.08070322679663011
2023-09-19,6077.396,6077.396,6011.908,6031.042,11274599300,-0.8699419737345782
2023-09-20,6020.91,6038.752,5982.105,5982.558,10572797400,-0.803907517142155
2023-09-21,5968.35,5999.401,5931.104,5939.664,9970952900,-0.7169842732824394
2023-09-22,5934.266,6056.446,5923.243,6054.928,13355677200,1.9405811507182902
2023-09-25,6051.821,6058.465,6014.613,6027.394,12953261200,-0.4547370340324375
2023-09-26,6017.302,6034.855,5996.047,5996.11,11406156300,-0.5190302807482117
2023-09-27,5989.803,6063.912,5989.16,6034.061,12166233000,0.6329270143476284
2023-09-28,6048.833,6085.533,6048.677,6078.945,12775925600,0.7438439883189707
2023-10-09,6073.276,6075.464,6025.358,6059.965,13675596400,-0.3122252298712991
2023-10-10,6069.905,6084.931,6037.466,6043.482,14081531200,-0.2719982706170798
2023-10-11,6056.029,6105.416,6040.502,6059.401,14360113000,0.2634077506973531
2023-10-12,6088.545,6106.95,6064.819,6104.456,14545282400,0.743555344826996
2023-10-13,6080.328,6091.538,6063.558,6081.866,14411508900,-0.3700575448492116
2023-10-16,6089.424,6089.482,5996.789,6024.359,16445921700,-0.9455486194532958
2023-10-17,6027.914,6028.021,5967.3,6011.37,13942123400,-0.21560800078481712
2023-10-18,5992.509,5992.509,5905.836,5908.008,14506515300,-1.7194416580579852
2023-10-19,5879.808,5929.58,5842.412,5842.892,15549780100,-1.1021650613878609
2023-10-20,5816.717,5855.462,5767.021,5774.32,13896434900,-1.1735969105709954
2023-10-23,5754.177,5754.245,5613.73,5638.136,14584585400,-2.3584422061818433
2023-10-24,5654.926,5734.549,5625.709,5719.323,15155306600,1.4399617178443291
2023-10-25,5753.685,5811.268,5752.786,5778.905,16359732600,1.041766656647991
2023-10-26,5745.534,5817.634,5724.0,5811.692,15727583200,0.5673566185981693
2023-10-27,5792.606,5937.54,5774.631,5916.678,17217964600,1.806461870312459
2023-10-30,5899.38,6017.281,5898.694,6006.559,17928105200,1.5191125831083063
2023-10-31,6003.365,6013.733,5934.205,5969.341,16531844100,-0.619622649174012
2023-11-01,5969.807,5983.869,5943.193,5958.418,14745112800,-0.18298502296988373
2023-11-02,5958.477,5983.222,5885.247,5885.247,14014441200,-1.2280273052343693
2023-11-03,5895.602,5992.746,5895.602,5973.167,14612020600,1.4939050136723253
2023-11-06,6007.434,6097.037,6007.434,6096.57,18660314600,2.06595596607293
2023-11-07,6088.511,6132.138,6068.244,6116.757,17394670700,0.33112061372213564
2023-11-08,6114.987,6160.242,6099.292,6138.938,18396408800,0.36262679717373736
2023-11-09,6135.072,6160.979,6087.728,6100.693,16224431900,-0.6229904911891904
2023-11-10,6079.473,6097.611,6055.988,6088.558,14156760500,-0.19891182854144818
2023-11-13,6107.269,6144.635,6095.275,6144.635,15035960600,0.9210226789331699
2023-11-14,6143.481,6189.5,6133.223,6181.98,16017236300,0.6077659616885223
2023-11-15,6226.198,6234.536,6184.9,6207.268,16761318800,0.4090598804913803
2023-11-16,6188.826,6193.638,6143.819,6145.151,14368211600,-1.0007140017154081
2023-11-17,6135.825,6199.231,6131.666,6199.228,14598965800,0.8799946494398636
2023-11-20,6211.339,6254.136,6184.638,6253.276,16024627100,0.8718504949325911
2023-11-21,6258.741,6267.22,6200.691,6212.125,17615066500,-0.6580710654703226
2023-11-22,6193.358,6221.871,6132.97,6132.97,17118316300,-1.2742016620721497
2023-11-23,6123.586,6199.875,6107.004,6197.526,15210718300,1.0526058337151367
2023-11-24,6194.024,6194.024,6098.961,6115.407,14981599200,-1.3250287292058127
2023-11-27,6107.562,6130.401,6076.711,6111.364,15443307700,-0.06611170769174057
2023-11-28,6099.512,6143.302,6065.688,6143.302,12836813300,0.5226001920356937
2023-11-29,6138.761,6154.898,6103.983,6113.366,13564395200,-0.48729494333827894
2023-11-30,6104.774,6110.408,6031.475,6080.547,13103299900,-0.5368400975829135
2023-12-01,6078.639,6142.739,6059.803,6130.051,14535274400,0.8141372807413783
2023-12-04,6131.588,6147.053,6110.253,6114.393,15341436500,-0.2554301750507526
2023-12-05,6098.117,6098.117,5992.6,5992.6,14277542700,-1.9919066373391359
2023-12-06,5977.611,6066.418,5970.282,6023.804,14432062400,0.520708874278264
2023-12-07,6019.96,6044.858,5983.245,6020.83,14853662700,-0.049370796260972405
2023-12-08,6021.919,6056.063,6003.144,6003.144,16797128200,-0.29374687543078926
2023-12-11,5984.677,6080.804,5933.736,6075.08,15984343600,1.198305421292578
2023-12-12,6070.875,6084.279,6050.735,6078.99,12971208800,0.06436129236158106
2023-12-13,6067.781,6076.361,6019.553,6019.553,12254715000,-0.9777446582409199
2023-12-14,6038.921,6072.615,5989.234,5991.862,12019938200,-0.4600175461533462
2023-12-15,6000.259,6016.396,5935.317,5951.6,12371010000,-0.6719447143475499
2023-12-18,5939.435,5941.897,5845.961,5857.005,12525942300,-1.5894045298743276
2023-12-19,5853.195,5887.765,5820.513,5863.542,11168267500,0.11160994399015411
2023-12-20,5869.561,5873.759,5761.312,5761.312,11163005300,-1.7434854222925456
2023-12-21,5739.021,5814.036,5685.642,5798.912,12494910000,0.6526291233663439
2023-12-22,5797.609,5819.65,5713.805,5733.909,14116708500,-1.1209516543793097
2023-12-25,5726.562,5753.434,5698.324,5735.726,10963896300,0.03168867870069203
2023-12-26,5734.15,5734.556,5632.872,5651.588,10406327600,-1.4669110762961846
2023-12-27,5658.194,5703.169,5636.943,5696.161,10826535400,0.7886809866536781
2023-12-28,5687.753,5824.395,5660.13,5805.527,14413438300,1.9199948877849593
2023-12-29,5797.576,5891.627,5795.757,5887.235,13469077800,1.4074174489240976
2024-01-02,5891.174,5891.227,5854.592,5854.749,12837767000,-0.5518040302450955
2024-01-03,5838.553,5861.411,5785.252,5824.043,11924892500,-0.5244631324075599
2024-01-04,5814.937,5814.937,5753.467,5783.016,10295253400,-0.7044419143196534
2024-01-05,5779.757,5796.759,5652.126,5675.809,11920519700,-1.853825062908343
2024-01-08,5664.453,5664.453,5543.575,5543.575,11051272600,-2.3297824151587987
2024-01-09,5553.184,5607.218,5513.13,5553.304,11022322300,0.17550046675656183
2024-01-10,5540.664,5580.419,5462.362,5512.069,10649944600,-0.7425309329364915
2024-01-11,5507.803,5634.025,5502.294,5611.115,12471774900,1.7968933262627829
2024-01-12,5601.098,5646.272,5574.408,5574.493,12106688100,-0.652668854585936
2024-01-15,5558.148,5607.134,5520.363,5559.376,10866718400,-0.2711816123905808
2024-01-16,5555.0,5566.21,5463.295,5539.474,11680310800,-0.35798981756225423
2024-01-17,5529.895,5529.895,5389.122,5389.122,10403735400,-2.7141927193809368
2024-01-18,5360.206,5375.234,5214.899,5373.424,14871103600,-0.2912904922174775
2024-01-19,5364.807,5395.137,5304.96,5306.986,10643108600,-1.236418343313317
2024-01-22,5298.314,5298.314,4970.198,5000.834,14425251200,-5.768848834347784
2024-01-23,4992.792,5102.443,4939.52,5079.632,13028824100,1.5756971737114212
2024-01-24,5102.825,5151.423,4951.901,5143.408,14332644100,1.2555240222126507
2024-01-25,5143.289,5316.261,5112.535,5316.195,16314491700,3.3593873945057418
2024-01-26,5303.961,5352.846,5253.317,5269.765,15541566100,-0.8733690167497477
2024-01-29,5282.817,5301.871,5131.247,5131.247,15000089200,-2.6285422594745644
2024-01-30,5099.587,5144.294,4978.91,4984.66,12501506900,-2.8567519747149217
2024-01-31,4949.188,4986.102,4775.623,4785.032,15823715500,-4.004846870197765
2024-02-01,4753.639,4858.715,4684.473,4750.444,14711551600,-0.7228373812338096
2024-02-02,4753.668,4802.619,4431.815,4574.669,17688543500,-3.700180446290924
2024-02-05,4534.752,4534.752,4177.943,4293.07,21127433000,-6.155614755952843
2024-02-06,4229.794,4641.455,4192.965,4592.444,21018741000,6.9734246122239
2024-02-07,4604.122,4848.236,4599.351,4797.846,21621331700,4.472607613723745
2024-02-08,4826.143,5067.228,4826.143,4993.105,21762005900,4.069722121135189
2024-02-19,5062.685,5071.2,4950.328,5029.586,20387099600,0.7306275353712977
2024-02-20,5004.42,5058.217,4950.394,5046.012,15434428500,0.32658751634826455
2024-02-21,5001.657,5208.649,4974.076,5073.482,19328052700,0.5443903026786323
2024-02-22,5075.432,5152.024,5066.003,5151.534,15306429500,1.5384306084066157
2024-02-23,5169.013,5225.67,5114.145,5225.67,17121369300,1.4391053228028916
2024-02-26,5234.805,5325.77,5201.125,5255.396,18447164300,0.5688457173912642
2024-02-27,5237.105,5394.034,5218.586,5394.034,18262237200,2.6380124352189727
2024-02-28,5403.496,5478.086,5152.052,5152.052,26074238200,-4.4861044628194735
2024-02-29,5122.18,5344.605,5122.18,5344.605,18803623800,3.737404047940518
2024-03-01,5354.731,5411.323,5322.086,5401.939,18443648700,1.072745319813162
2024-03-04,5412.908,5429.801,5332.238,5428.336,17930820500,0.4886578689615062
2024-03-05,5392.877,5417.816,5337.665,5375.132,17416691100,-0.9801161903021605
2024-03-06,5346.079,5434.402,5306.456,5381.459,15468437100,0.11770873719938457
2024-03-07,5389.989,5430.392,5303.277,5303.277,16102386000,-1.4528030409597048
2024-03-08,5309.594,5386.176,5283.146,5370.372,13913089500,1.2651611447035638
2024-03-11,5358.837,5466.646,5350.292,5466.646,16413344200,1.7926877318740653
2024-03-12,5477.131,5524.505,5443.965,5496.355,18398414000,0.5434593716146852
2024-03-13,5501.586,5561.082,5476.786,5521.784,18127080700,0.46265206668782977
2024-03-14,5521.716,5546.103,5433.208,5486.646,16894817200,-0.6363523093261159
2024-03-15,5472.893,5555.644,5459.317,5555.644,16109584100,1.25756245254387
2024-03-18,5573.927,5648.012,5559.052,5648.012,19341951700,1.6625975314472852
2024-03-19,5633.504,5660.502,5607.256,5607.475,18111809600,-0.7177215629145195
2024-03-20,5600.125,5663.738,5600.125,5659.154,17930765400,0.9216091021359896
2024-03-21,5674.495,5690.455,5623.297,5658.279,19433294600,-0.015461675013617171
2024-03-22,5649.083,5660.145,5546.779,5595.885,21025432700,-1.1027027829486724
2024-03-25,5581.351,5611.694,5466.062,5466.062,20470538200,-2.319972622739752
2024-03-26,5454.653,5495.633,5381.853,5447.748,18318068400,-0.3350492548383155
2024-03-27,5435.971,5436.652,5266.231,5266.231,17917350400,-3.3319639601538054
2024-03-28,5262.22,5430.767,5262.22,5382.236,17859873500,2.2028088019686143
2024-03-29,5383.745,5441.26,5345.872,5441.26,16865343100,1.096644591578677
2024-04-01,5461.587,5559.868,5461.587,5559.056,19102570700,2.1648662258373808
2024-04-02,5556.517,5556.517,5490.824,5531.052,19609745900,-0.5037545943052169
2024-04-03,5518.911,5525.034,5457.614,5500.926,18629106600,-0.5446703448096168
2024-04-08,5487.632,5492.397,5399.915,5399.915,18657335900,-1.8362544778824597
2024-04-09,5392.994,5468.911,5384.03,5468.911,15920115900,1.2777238160230242
2024-04-10,5456.972,5456.972,5325.912,5367.052,16745949300,-1.86250973914186
2024-04-11,5330.685,5441.502,5322.839,5379.915,16514370000,0.23966602149561034
2024-04-12,5379.17,5408.52,5330.542,5338.769,15717452200,-0.7648076224252565
2024-04-15,5320.809,5364.594,5205.713,5287.512,20171102800,-0.960090238030542
2024-04-16,5255.207,5283.832,5063.94,5066.66,20717194000,-4.176860496959622
2024-04-17,5109.082,5287.456,5109.082,5287.456,19007939500,4.357821523449368
2024-04-18,5276.471,5345.436,5233.899,5286.719,18822505800,-0.013938650269618158
2024-04-19,5257.01,5312.151,5224.319,5264.389,17887021100,-0.42237917316959583
2024-04-22,5231.564,5300.793,5187.523,5246.082,16776222900,-0.3477516574098116
2024-04-23,5234.434,5260.294,5194.262,5218.428,15685139400,-0.5271362513967648
2024-04-24,5219.257,5305.607,5200.598,5305.607,16266674900,1.6705988853348286
2024-04-25,5285.137,5357.441,5273.553,5313.986,15783124800,0.1579272644958385
2024-04-26,5303.151,5420.365,5303.151,5415.938,21088692700,1.918559815550891
2024-04-29,5422.411,5550.214,5422.411,5545.235,24143974400,2.3873426911460216
2024-04-30,5530.944,5542.193,5482.988,5497.43,20490974300,-0.86209150739327
2024-05-06,5558.924,5611.266,5558.924,5606.842,20517402800,1.9902390753497423
2024-05-07,5604.271,5631.953,5593.008,5625.336,18562254000,0.32984699765037373
2024-05-08,5605.592,5605.592,5529.914,5536.659,17573098800,-1.5763858372193296
2024-05-09,5533.513,5638.64,5533.513,5626.825,17267826100,1.628527239983546
2024-05-10,5632.759,5641.922,5549.61,5574.232,18837704400,-0.9346834138257321
2024-05-13,5537.928,5556.708,5479.946,5520.804,18030863900,-0.9584818141763707
2024-05-14,5524.434,5574.251,5524.263,5551.675,16958506700,0.559175801205769
2024-05-15,5541.809,5551.263,5491.523,5497.235,16330459800,-0.9806049525593719
2024-05-16,5508.95,5539.919,5474.281,5488.946,16979800200,-0.15078489458790756
2024-05-17,5489.416,5564.063,5478.297,5563.231,18287308100,1.3533563638629342
2024-05-20,5563.654,5612.346,5548.903,5596.777,19747644100,0.6029949142863256
2024-05-21,5586.009,5586.009,5517.39,5536.745,17295988000,-1.0726173295809383
2024-05-22,5532.843,5553.697,5508.758,5539.66,16800299300,0.05264826174946613
2024-05-23,5521.18,5521.18,5402.004,5412.824,17580671000,-2.2895990006606914
2024-05-24,5401.583,5436.813,5350.106,5350.107,15105011400,-1.1586742890587143
2024-05-27,5358.076,5404.616,5295.088,5404.616,15140911400,1.0188394362953934
2024-05-28,5390.405,5414.978,5343.83,5348.029,14845805000,-1.0470124056917163
2024-05-29,5336.697,5386.783,5324.687,5351.252,14269866300,0.060265193027198016
2024-05-30,5334.797,5371.807,5311.439,5334.296,14132317100,-0.31686042817643534
2024-05-31,5334.099,5381.716,5334.099,5355.21,13673513700,0.3920667319548876
2024-06-03,5350.643,5351.252,5246.169,5284.624,16338815200,-1.3180808969209479
2024-06-04,5267.362,5319.709,5229.676,5313.708,14512777700,0.5503513589613984
2024-06-05,5294.301,5330.804,5244.085,5244.085,13214350400,-1.3102526521969193
2024-06-06,5249.95,5275.886,5113.214,5130.869,16979325500,-2.158927629891594
2024-06-07,5159.173,5189.995,5096.084,5153.587,13032020200,0.4427710003900076
2024-06-11,5132.218,5208.179,5086.86,5198.923,12853390400,0.8796979657081483
2024-06-12,5188.358,5231.469,5186.607,5216.462,12165075200,0.3373583336395036
2024-06-13,5214.412,5219.708,5170.166,5180.236,13117250700,-0.6944553607406867
2024-06-14,5164.872,5190.712,5138.358,5180.651,13913297800,0.008011218021719557
2024-06-17,5158.98,5211.39,5151.277,5183.968,12461637200,0.06402670243566
2024-06-18,5183.271,5237.819,5177.277,5227.254,13546066300,0.8349974382557912
2024-06-19,5230.488,5241.967,5159.995,5159.995,12580622900,-1.2866985227807937
2024-06-20,5150.796,5174.875,5052.885,5056.138,14150084500,-2.012734508463665
2024-06-21,5040.629,5090.57,5014.479,5055.333,11120168900,-0.015921242655958512
2024-06-24,5025.517,5029.731,4884.497,4887.777,12891516300,-3.3144404137175454
2024-06-25,4885.89,4907.955,4814.68,4847.611,11259330000,-0.8217641680461352
2024-06-26,4842.004,4988.308,4812.1,4986.384,13802752900,2.862709074634906
2024-06-27,4964.659,4969.089,4862.634,4864.086,12164291100,-2.4526390265972253
2024-06-28,4855.351,4968.273,4851.835,4895.987,13456779600,0.6558477790072015
2024-07-01,4894.559,4954.175,4839.745,4940.247,12921932500,0.9040056683156994
2024-07-02,4940.7,4951.197,4886.702,4905.65,11882798600,-0.7003091140989626
2024-07-03,4900.667,4906.51,4857.775,4867.133,10230030100,-0.785155891675926
2024-07-04,4868.546,4883.737,4745.909,4761.868,12120225700,-2.162772211073738
2024-07-05,4753.734,4828.843,4711.868,4810.794,11060246700,1.0274539319443443
2024-07-08,4801.489,4801.489,4679.285,4693.965,12354877500,-2.4284764635525757
2024-07-09,4689.275,4810.322,4645.197,4797.063,14851118700,2.1963947323850874
2024-07-10,4783.17,4829.208,4768.125,4777.682,13840154300,-0.4040180418727113
2024-07-11,4846.105,4896.146,4821.414,4893.594,15319046900,2.426113751396608
2024-07-12,4884.413,4897.169,4858.303,4878.02,13085417900,-0.3182528015196917
2024-07-15,4869.004,4869.004,4815.407,4827.602,12641301700,-1.033575098093087
2024-07-16,4815.739,4845.349,4786.214,4836.718,12089150200,0.1888308108249248
2024-07-17,4834.441,4842.721,4786.348,4795.624,12042511600,-0.8496257172735722
2024-07-18,4763.304,4822.619,4714.601,4812.426,12172778100,0.3503610791838696
2024-07-19,4788.771,4854.707,4778.714,4821.423,11264795500,0.18695352406457033
2024-07-22,4822.639,4848.307,4798.117,4826.871,11073212100,0.11299568612834765
2024-07-23,4825.745,4825.745,4694.953,4694.953,12049520100,-2.732992035627213
2024-07-24,4682.062,4713.074,4625.422,4631.011,12109198000,-1.3619305667170734
2024-07-25,4602.633,4678.659,4587.707,4632.567,10853045800,0.033599574693288226
2024-07-26,4638.312,4710.569,4638.312,4702.08,11069103300,1.500528756518782
2024-07-29,4707.279,4707.279,4670.8,4685.646,10931960500,-0.34950489995917433
2024-07-30,4674.924,4716.214,4637.41,4702.491,11231559400,0.3595021903063156
2024-07-31,4698.734,4889.772,4690.0,4889.081,17376194200,3.9678970145822667
2024-08-01,4894.809,4933.061,4850.633,4878.289,14642142100,-0.22073678059333357
2024-08-02,4844.778,4902.941,4802.022,4809.889,13798976700,-1.4021309520612535
2024-08-05,4776.182,4854.59,4678.739,4678.775,15284748500,-2.725925691840303
2024-08-06,4731.196,4766.273,4695.637,4749.947,12709764100,1.5211673995864317
2024-08-07,4741.651,4772.206,4715.529,4743.41,11261928400,-0.13762258820994022
2024-08-08,4728.33,4776.488,4677.425,4739.493,12674657200,-0.0825777236207581
2024-08-09,4760.127,4789.169,4702.745,4702.745,11566533800,-0.7753571953793448
2024-08-12,4696.364,4707.216,4657.33,4674.102,10766524500,-0.6090698092284352
2024-08-13,4671.2,4698.342,4642.669,4697.586,10020724800,0.502428059978155
2024-08-14,4698.003,4698.148,4649.278,4649.278,9991137300,-1.0283579693910916
2024-08-15,4639.084,4743.728,4620.555,4691.85,12990065000,0.9156690565717884
2024-08-16,4696.718,4703.027,4654.46,4655.651,12261254100,-0.7715293540927481
2024-08-19,4651.297,4714.059,4644.601,4663.612,11994224400,0.1709964943678255
2024-08-20,4663.776,4665.634,4563.855,4579.304,12997965500,-1.807783323312484
2024-08-21,4564.378,4590.2,4543.881,4548.264,10816431500,-0.6778322644663937
2024-08-22,4549.3,4562.977,4484.559,4491.839,11346933000,-1.2405832203231881
2024-08-23,4482.654,4510.598,4462.76,4495.344,11025472000,0.07803040135676564
2024-08-26,4492.706,4531.173,4476.243,4512.893,11227184300,0.39038169270249057
2024-08-27,4500.735,4501.084,4449.215,4459.68,11393952000,-1.1791327647254102
2024-08-28,4449.711,4506.313,4437.518,4470.55,10790317700,0.24373946112725697
2024-08-29,4453.431,4558.947,4443.903,4542.464,12978875300,1.6086163894822647
2024-08-30,4539.929,4691.015,4534.044,4629.32,17783861600,1.9120900022542742
2024-09-02,4627.182,4635.765,4529.834,4532.515,15592727400,-2.091127854630903
2024-09-03,4529.941,4598.632,4529.941,4572.397,12895246200,0.8799088364848107
2024-09-04,4542.905,4594.439,4529.338,4550.77,12287165700,-0.4729904249346606
2024-09-05,4554.518,4614.752,4554.518,4586.781,12120919400,0.79131663432781
2024-09-06,4588.928,4595.697,4506.387,4508.228,12721773300,-1.712595390972449
2024-09-09,4490.99,4523.366,4459.126,4475.532,11328492700,-0.7252516953445975
2024-09-10,4481.488,4507.154,4400.776,4487.576,13235158500,0.2691076725627184
2024-09-11,4469.015,4500.683,4453.2,4486.007,11395397200,-0.03496319616649313
2024-09-12,4490.524,4542.285,4468.744,4468.744,11873118700,-0.38481883777711223
2024-09-13,4471.984,4478.218,4413.187,4413.187,11682728700,-1.2432352356724796
2024-09-18,4413.903,4425.792,4342.209,4399.133,11355207800,-0.3184546677944988
2024-09-19,4418.784,4527.613,4385.486,4482.275,14574716000,1.8899633177719366
2024-09-20,4484.175,4487.076,4428.165,4463.356,12748017700,-0.4220847672219974
2024-09-23,4462.717,4513.97,4445.99,4469.133,12494506600,0.1294317549395574
2024-09-24,4489.492,4642.558,4466.336,4642.558,21578253100,3.8805065770027403
2024-09-25,4688.389,4799.857,4681.853,4686.258,26424073100,0.9412914173608566
2024-09-26,4675.944,4874.132,4672.866,4874.132,25397782900,4.00904090214409
2024-09-27,4950.938,5164.542,4944.84,5136.441,29068169400,5.381655646584882
2024-09-30,5375.571,5732.568,5307.549,5708.826,47143285200,11.143610916586022
2024-10-08,6437.113,6437.113,5861.322,6201.985,55059079200,8.638536189402156
2024-10-09,6052.671,6105.029,5706.045,5727.38,45809421200,-7.652469330383738
2024-10-10,5777.898,5881.329,5593.983,5654.53,34962801200,-1.2719603029657578
2024-10-11,5610.948,5616.806,5349.321,5416.758,27999264600,-4.204982553810832
2024-10-14,5451.619,5620.419,5346.424,5615.756,28114440500,3.6737472857380826
2024-10-15,5585.688,5704.56,5505.81,5507.176,29751709500,-1.9334885632495413
2024-10-16,5425.432,5598.835,5424.393,5524.255,24852031900,0.3101226472514984
2024-10-17,5563.465,5624.794,5504.485,5505.615,27639748600,-0.3374210640167852
2024-10-18,5495.196,5880.896,5484.235,5749.434,35971903900,4.428551578706474
2024-10-21,5797.003,5954.436,5767.79,5860.571,35506109500,1.93300766649378
2024-10-22,5866.786,5940.367,5814.297,5888.815,34729862800,0.48193256254380756
2024-10-23,5871.318,5991.589,5856.368,5903.578,33375377200,0.25069559835044775
2024-10-24,5871.286,5887.45,5817.932,5861.632,26414947600,-0.7105182653638353
2024-10-25,5876.437,6014.11,5876.214,5974.909,30682066500,1.9325164049875498
2024-10-28,5988.723,6082.088,5965.001,6082.088,32672293800,1.7938181150541466
2024-10-29,6106.194,6113.638,5982.526,5983.836,36932529900,-1.6154320687237544
2024-10-30,5960.792,6043.587,5945.675,6019.347,32438018600,0.5934487509350106
2024-10-31,6041.013,6161.555,6004.713,6116.663,38611948500,1.6167202189871999
2024-11-01,6100.79,6125.408,5912.532,5930.232,40933827600,-3.0479200832218445
2024-11-04,5912.314,6053.112,5912.314,6053.112,29563714700,2.072094312667705
2024-11-05,6057.208,6279.915,6051.457,6266.542,39014253100,3.5259549137699686
2024-11-06,6287.293,6368.869,6247.152,6293.193,42425010100,0.4252903754574655
2024-11-07,6238.617,6403.918,6229.49,6403.918,40857165200,1.759440716342242
2024-11-08,6470.074,6526.65,6400.094,6423.122,45179630800,0.2998789178749739
2024-11-11,6416.168,6580.568,6412.576,6579.005,40243625500,2.426903926159274
2024-11-12,6593.822,6616.157,6429.35,6491.972,40071524400,-1.3228900114835018
2024-11-13,6453.864,6512.597,6357.556,6474.394,31748592800,-0.2707651850624049
2024-11-14,6462.01,6472.954,6263.314,6272.191,29479471800,-3.123118549782422
2024-11-15,6246.336,6331.872,6124.661,6125.513,29519163400,-2.3385448561754507
2024-11-18,6154.507,6180.88,5937.085,5974.558,32267260800,-2.464365025427262
2024-11-19,5977.844,6130.496,5945.456,6130.285,27316752600,2.6065024391762615
2024-11-20,6116.96,6262.083,6105.222,6250.803,29997582100,1.965944487083382
2024-11-21,6241.009,6292.86,6199.706,6262.164,29965511100,0.1817526484197307
2024-11-22,6240.086,6280.603,6030.375,6030.488,34212911700,-3.699615660017841
2024-11-25,6047.938,6076.191,5937.905,6052.129,27764677600,0.3588598468316162
2024-11-26,6036.638,6093.371,5979.392,5981.57,24440411200,-1.1658541977542125
2024-11-27,5942.533,6119.011,5856.997,6118.664,29094626700,2.291940075933252
2024-11-28,6121.678,6170.134,6077.601,6086.085,30123556000,-0.5324528361093206
2024-11-29,6066.714,6246.198,6039.832,6189.128,32476269100,1.6930917001652057
2024-12-02,6188.802,6325.86,6188.802,6313.608,35402806600,2.0112687926312045
2024-12-03,6318.966,6342.357,6239.44,6303.276,32665236300,-0.16364652350921993
2024-12-04,6301.048,6303.505,6175.839,6204.945,29920209800,-1.5599983246806892
2024-12-05,6186.123,6302.355,6186.123,6285.601,28853561700,1.299866477462741
2024-12-06,6291.302,6384.657,6229.212,6349.621,34903096300,1.0185183564785705
2024-12-09,6346.595,6371.098,6257.542,6303.272,29377328700,-0.7299490788505336
2024-12-10,6493.537,6497.889,6352.762,6362.02,37420920600,0.9320238758536936
2024-12-11,6343.781,6454.971,6343.781,6447.374,33135195600,1.341617913807247
2024-12-12,6454.942,6493.71,6390.589,6490.146,34232605300,0.6634018749338777
2024-12-13,6447.203,6460.939,6351.301,6354.988,36198551300,-2.0825109327278546
2024-12-16,6355.628,6367.809,6248.158,6277.516,31021517300,-1.2190738991167405
2024-12-17,6262.493,6269.14,6133.129,6143.944,27479395900,-2.127784301943625
2024-12-18,6156.692,6242.517,6121.054,6195.868,24802412200,0.8451248904612463
2024-12-19,6127.22,6223.805,6108.394,6207.186,25148792400,0.18267012789812132
2024-12-20,6195.644,6320.963,6191.081,6271.753,24365908500,1.0401976032295535
2024-12-23,6271.763,6276.971,6086.912,6096.381,25847497500,-2.796219812865708
2024-12-24,6110.767,6165.202,6066.226,6164.361,21601091800,1.1150877873282505
2024-12-25,6158.649,6159.596,6037.736,6094.687,21902703200,-1.1302712479038801
2024-12-26,6083.887,6185.807,6083.887,6160.452,20691673900,1.0790545929594053
2024-12-27,6164.67,6250.201,6135.479,6171.565,23784155400,0.18039260755540187
2024-12-30,6164.908,6192.585,6097.103,6145.928,20771244800,-0.4154051687051741
2024-12-31,6151.034,6160.733,5957.717,5957.717,23799003200,-3.0623691003213827
2025-01-02,5948.68,5982.554,5743.179,5797.089,24412560600,-2.696133435005388
2025-01-03,5808.542,5826.083,5609.766,5625.209,23709321100,-2.9649363672008544
2025-01-06,5614.028,5688.922,5561.898,5608.034,20304767600,-0.30532198892521123
2025-01-07,5610.946,5694.005,5580.885,5692.041,19391245000,1.4979759395182146
2025-01-08,5664.312,5706.659,5501.492,5661.779,22580083000,-0.5316546384679932
2025-01-09,5629.895,5714.461,5629.824,5672.78,19332042100,0.19430288607165114
2025-01-10,5662.767,5718.212,5544.916,5544.916,19801487700,-2.2539918699473582
2025-01-13,5487.125,5599.327,5457.51,5559.473,16930919000,0.2625287741058635
2025-01-14,5580.878,5814.707,5562.18,5811.055,23577286900,4.525285040506533
2025-01-15,5805.898,5815.148,5755.625,5775.571,20429032500,-0.6106292230928845
2025-01-16,5810.051,5906.466,5753.764,5801.305,21637323900,0.44556633448018523
2025-01-17,5780.606,5885.417,5755.907,5841.572,19681796700,0.6941024476389224
2025-01-20,5877.972,5925.072,5856.833,5879.15,19843078300,0.6432857456862617
2025-01-21,5911.405,5917.129,5834.964,5908.023,19912783400,0.49110840852846227
2025-01-22,5879.843,5886.742,5824.035,5855.739,18029676000,-0.884966087640493
2025-01-23,5911.219,5991.845,5829.033,5829.033,22285575300,-0.4560654086529392
2025-01-24,5815.458,5943.112,5815.458,5938.13,20809044500,1.8716140395842684
2025-01-27,5946.729,5964.15,5846.069,5846.069,18864620000,-1.5503365537635538
2025-02-05,5900.513,5928.88,5851.595,5881.437,21200531000,0.6049877276508298
2025-02-06,5869.705,6042.019,5853.746,6041.834,25599851100,2.7271736482087583
2025-02-07,6046.365,6198.748,6042.261,6134.055,32395283500,1.5263742764200394
2025-02-10,6155.051,6218.066,6126.082,6210.547,29782593200,1.2470054474568393
2025-02-11,6209.521,6220.964,6135.866,6190.174,28827157600,-0.328038737972669
2025-02-12,6172.394,6284.918,6171.061,6284.611,28134276500,1.5255952417492669
2025-02-13,6290.79,6290.79,6202.593,6212.497,31298493500,-1.1474695888098685
2025-02-14,6203.477,6257.306,6182.264,6248.835,29800584900,0.5849177874854394
2025-02-17,6285.04,6308.484,6231.868,6281.566,32373433700,0.5237936351335959
2025-02-18,6264.282,6282.404,6112.585,6142.138,30015933000,-2.2196375871876506
2025-02-19,6134.991,6290.013,6133.942,6288.529,27292011400,2.3833883250425236
2025-02-20,6289.133,6349.474,6274.031,6334.414,28811019800,0.7296618970827673
2025-02-21,6347.67,6456.919,6317.085,6449.228,32726377100,1.8125433544444736
2025-02-24,6454.558,6504.4,6411.766,6464.024,31846116100,0.22942280843536444
2025-02-25,6369.276,6503.007,6359.836,6435.428,29536637200,-0.44238697133550664
2025-02-26,6451.402,6527.846,6423.603,6524.406,30317641300,1.3826275424105416
2025-02-27,6526.811,6550.1,6395.908,6499.53,31196410100,-0.38127608858186113
2025-02-28,6460.904,6468.796,6252.014,6270.419,29555967500,-3.525039502856364
2025-03-03,6291.05,6382.048,6240.568,6273.67,26694541200,0.051846615034811805
2025-03-04,6218.831,6364.121,6217.81,6357.628,22954848600,1.33825974270243
2025-03-05,6365.432,6401.831,6318.287,6398.237,23896184700,0.6387445128906544
2025-03-06,6438.159,6548.855,6435.543,6534.971,30055477000,2.137057442542356
2025-03-07,6512.732,6577.951,6465.264,6507.765,30888880700,-0.41631401271711166
2025-03-10,6519.028,6541.593,6466.903,6520.973,25652211300,0.20295754379575648
2025-03-11,6438.245,6551.734,6432.758,6551.734,25245521600,0.4717240816669577
2025-03-12,6585.595,6632.388,6564.716,6566.968,28170557600,0.23251859736672653
2025-03-13,6558.419,6570.887,6405.732,6466.851,26682567700,-1.5245544062343575
2025-03-14,6463.925,6575.819,6428.225,6571.171,27632999400,1.6131498932015154
2025-03-17,6585.821,6609.889,6557.634,6589.566,25208084100,0.2799348852738692
2025-03-18,6605.043,6642.857,6581.965,6611.926,23472656300,0.33932431968966004
2025-03-19,6590.555,6598.508,6536.716,6564.677,21966299900,-0.7146026740166289
2025-03-20,6551.82,6596.271,6528.858,6535.062,23190747700,-0.4511265367663886
2025-03-21,6507.95,6531.76,6389.615,6405.611,25620533500,-1.9808687354458177
2025-03-24,6403.565,6412.518,6244.868,6360.341,25768458300,-0.7067241516851341
2025-03-25,6355.814,6382.188,6289.124,6310.764,23166378100,-0.7794707862361472
2025-03-26,6297.329,6371.101,6297.329,6334.908,20667951300,0.3825844224249364
2025-03-27,6315.097,6394.21,6254.887,6328.767,19889470400,-0.09693905578423978
2025-03-28,6326.813,6356.804,6261.686,6268.321,19655352800,-0.9550991528049613
2025-03-31,6229.556,6259.364,6143.65,6226.649,20738202700,-0.6648032224259026
2025-04-01,6242.071,6300.666,6240.204,6259.484,18233221700,0.5273301899625382
2025-04-02,6252.63,6316.636,6251.852,6277.253,15926642500,0.2838732393916077
2025-04-03,6208.288,6299.165,6168.535,6203.257,18369963000,-1.178795884123196
2025-04-07,5811.544,5905.573,5437.453,5496.443,27721482900,-11.394240154808987
2025-04-08,5475.56,5632.641,5426.034,5530.019,30970151600,0.6108677921339289
2025-04-09,5439.177,5688.485,5224.973,5652.33,30572403900,2.2117645527076846
2025-04-10,5766.505,5883.459,5766.406,5784.585,27416184900,2.3398315384982826
2025-04-11,5744.795,5923.136,5743.078,5862.188,22213916200,1.3415482701006232
2025-04-14,5933.992,5979.902,5914.254,5938.526,21658114100,1.3022100280646098
2025-04-15,5938.573,5949.861,5872.287,5914.029,18304784800,-0.412509770943148
2025-04-16,5897.2,5903.119,5758.666,5835.348,19042390100,-1.330412820092708
2025-04-17,5802.293,5898.179,5801.12,5839.564,17319670800,0.07224933285898683
2025-04-18,5833.108,5855.692,5793.787,5831.687,16444460300,-0.13489020755660386
2025-04-21,5826.622,5952.718,5802.835,5952.637,19271150000,2.0740139174135974
2025-04-22,5947.149,5974.317,5923.589,5949.312,20645707400,-0.055857597229591605
2025-04-23,5971.473,6013.275,5954.027,5984.583,21819615600,0.5928584683405402
2025-04-24,5979.406,5984.367,5897.65,5920.478,19979656400,-1.0711690355033832
2025-04-25,5927.316,5982.715,5901.077,5939.502,19808766000,0.32132540649589814
2025-04-28,5933.419,5939.958,5868.872,5877.057,19495089100,-1.0513507698120206
2025-04-29,5850.827,5921.556,5836.031,5903.381,18602339400,0.44791125898557826
2025-04-30,5907.188,5972.655,5907.188,5950.117,19545899800,0.7916819192256064
2025-05-06,5993.334,6102.922,5993.334,6102.922,22020962300,2.5681007617160967
2025-05-07,6171.607,6195.139,6063.644,6111.495,23392295100,0.1404736944040863
2025-05-08,6093.56,6167.146,6087.372,6158.077,20391582600,0.7622030288824577
2025-05-09,6153.529,6153.529,6054.935,6082.082,18922128700,-1.234070311235147
2025-05-12,6122.669,6167.461,6110.022,6167.461,19684721000,1.403779166410457
2025-05-13,6219.454,6220.445,6141.68,6151.01,20327421700,-0.2667386141558148
2025-05-14,6144.246,6199.299,6111.112,6160.37,21155908300,0.15217013140931268
2025-05-15,6146.002,6146.002,6055.839,6057.036,19052381400,-1.6773992471231458
2025-05-16,6042.22,6098.878,6042.22,6068.117,17639475900,0.18294426514882112
2025-05-19,6073.203,6100.802,6009.951,6095.337,18471299000,0.4485740798999105
2025-05-20,6097.364,6154.954,6078.218,6146.017,19295729400,0.8314552583392754
2025-05-21,6137.096,6141.726,6109.925,6132.181,19655084200,-0.2251214078971886
2025-05-22,6113.207,6146.201,6062.593,6066.103,18639573700,-1.077561148309214
2025-05-23,6060.518,6099.227,5989.675,5989.675,18492377400,-1.2599192595311948
2025-05-26,5991.859,6038.806,5981.842,6028.786,15598879400,0.6529736588379187
2025-05-27,6019.543,6023.144,5971.347,6008.46,15794575800,-0.3371491374880464
2025-05-28,6006.889,6023.825,5972.184,5984.456,15910549400,-0.3995033669193071
2025-05-29,5980.857,6091.962,5980.857,6089.578,18937646600,1.7565840570972657
2025-05-30,6075.45,6075.45,6016.891,6026.56,18691867100,-1.0348500339432354
2025-06-03,6009.184,6086.616,6008.545,6070.037,19176467200,0.7214231667817206
2025-06-04,6067.827,6124.703,6067.827,6123.172,18695585000,0.8753653396181837
2025-06-05,6125.89,6174.85,6101.846,6167.015,20607791900,0.7160177764073961
2025-06-06,6164.41,6169.568,6137.565,6152.845,17833958200,-0.22977080483832513
2025-06-09,6161.138,6226.383,6158.903,6218.964,19328363200,1.0746085753825962
2025-06-10,6220.042,6220.042,6098.089,6161.692,22006048500,-0.9209250929897661
2025-06-11,6162.157,6221.202,6162.157,6186.512,19764358000,0.40281143556022414
2025-06-12,6171.557,6202.727,6151.036,6192.22,19701874900,0.09226523766543426
2025-06-13,6174.432,6183.714,6088.571,6106.008,23688954700,-1.3922631947831388
2025-06-16,6089.963,6151.513,6089.963,6147.46,19731093300,0.6788723499870919
2025-06-17,6153.147,6171.165,6120.57,6141.468,20842728000,-0.09747115068662326
2025-06-18,6126.18,6143.209,6086.694,6135.386,20410575500,-0.09903169730753891
2025-06-19,6127.938,6146.642,6028.717,6048.224,21221733600,-1.420644112693159
2025-06-20,6039.991,6061.841,5997.59,5999.591,18085734200,-0.8040872824816025
2025-06-23,5966.495,6083.527,5965.663,6078.222,19355849000,1.3106060063094116
2025-06-24,6082.744,6194.666,6082.744,6194.666,23345340300,1.9157576014828148
2025-06-25,6196.153,6282.112,6194.148,6276.163,24755632500,1.315599581962923
2025-06-26,6272.443,6310.536,6244.781,6247.791,25424649500,-0.45205964217308603
2025-06-27,6265.923,6319.161,6257.587,6276.937,24856335200,0.4665008800710524
2025-06-30,6297.077,6358.026,6292.514,6356.181,23732297300,1.2624628859585485
2025-07-01,6358.06,6373.768,6308.061,6373.768,24353733000,0.2766913025289863
2025-07-02,6358.873,6358.873,6285.0,6309.484,23858090300,-1.0085713819517728
2025-07-03,6306.745,6349.145,6295.225,6342.638,21398076500,0.5254629380152087
2025-07-04,6338.557,6375.067,6292.136,6312.197,23813321000,-0.47994225746448294
2025-07-07,6305.045,6333.512,6303.862,6327.139,21047736100,0.23671631287807138
2025-07-08,6321.553,6408.114,6318.523,6407.698,23512558300,1.2732294959854729
2025-07-09,6412.144,6431.091,6375.082,6390.466,23617558900,-0.2689265318059575
2025-07-10,6385.213,6427.739,6367.66,6406.568,24018338000,0.2519691052264461
2025-07-11,6411.314,6487.44,6388.402,6461.1,28256128300,0.8511889673222806
2025-07-14,6465.506,6474.934,6443.555,6462.305,24205780100,0.01865007506460792
2025-07-15,6451.997,6472.527,6381.557,6442.834,26986941100,-0.30130116111821703
2025-07-16,6440.517,6487.83,6433.507,6462.063,22023002400,0.29845561751242755
2025-07-17,6458.414,6535.671,6451.153,6535.671,22783164600,1.1390789597687245
2025-07-18,6546.362,6563.817,6521.5,6552.074,23446171300,0.25097652559316064
2025-07-21,6557.251,6614.606,6555.043,6612.259,27659155200,0.9185641065714512
2025-07-22,6607.826,6642.235,6597.048,6637.104,30165999400,0.37574148260073326
2025-07-23,6634.123,6667.858,6594.483,6607.22,29410927500,-0.45025661794662053
2025-07-24,6602.169,6701.12,6602.169,6701.12,28541821900,1.4211725960388666
2025-07-25,6708.08,6716.703,6674.541,6706.61,26400479800,0.08192660331407531
2025-07-28,6713.818,6736.079,6679.211,6729.979,25274290400,0.3484472781330794
2025-07-29,6724.315,6773.884,6684.158,6773.884,25926123600,0.6523794502181879
2025-07-30,6758.327,6770.883,6662.906,6718.482,26817955900,-0.8178764206768219
2025-07-31,6701.156,6750.078,6639.123,6661.186,27013867700,-0.852811691688693
2025-08-01,6665.642,6702.679,6625.928,6670.472,23248467000,0.13940460452537273
2025-08-04,6637.839,6739.725,6631.124,6739.694,21349152500,1.0377376593440513
2025-08-05,6753.527,6787.481,6744.072,6787.481,22372467700,0.7090381254697853
2025-08-06,6784.175,6865.017,6774.033,6861.309,25813388800,1.0877083854820446
2025-08-07,6864.446,6876.497,6813.774,6862.15,26138960000,0.01225713635690795
2025-08-08,6844.439,6865.838,6816.094,6838.13,25146567100,-0.3500360674132619
2025-08-11,6850.572,6957.404,6850.572,6943.937,26097024100,1.5473089865211564
2025-08-12,6943.666,6963.804,6894.846,6963.611,26048986900,0.28332630321963315
2025-08-13,6966.273,7070.504,6966.273,7064.334,29465387400,1.4464191064090137
2025-08-14,7072.903,7077.809,6957.397,6976.488,31727293600,-1.2435142506002639
2025-08-15,6956.508,7117.51,6956.508,7117.501,30400522600,2.021260554020876
2025-08-18,7158.531,7267.981,7143.066,7237.602,37983126300,1.6874040481343
2025-08-19,7231.93,7289.032,7193.595,7242.849,34087904500,0.07249638761568367
2025-08-20,7212.97,7305.461,7166.991,7305.461,32475150300,0.8644664551200831
2025-08-21,7318.757,7343.174,7215.338,7253.343,32682289100,-0.7134115150296494
2025-08-22,7250.191,7362.94,7250.191,7362.94,32680749200,1.5109860377483741
2025-08-25,7418.346,7504.009,7405.939,7477.728,40845765500,1.5589968137727617
2025-08-26,7457.77,7526.166,7435.301,7476.467,36368466100,-0.0168634109183996
2025-08-27,7488.928,7565.353,7336.504,7336.504,41675926500,-1.8720473186064956
2025-08-28,7331.187,7447.11,7216.766,7447.11,38146643500,1.5076117998436223
2025-08-29,7449.864,7477.204,7380.83,7438.677,32764088100,-0.11323855831322227
2025-09-01,7475.0,7502.592,7424.341,7501.148,32422071200,0.8398133162657917
2025-09-02,7498.445,7499.602,7258.589,7313.882,35043585300,-2.4964978693927997
2025-09-03,7336.386,7361.028,7182.291,7206.876,29028856800,-1.4630534099401626
2025-09-04,7214.72,7254.999,6939.665,7041.154,29762275400,-2.2994984234500415
2025-09-05,7046.958,7248.577,7017.946,7245.667,28276593100,2.90453809134128
2025-09-08,7257.332,7321.157,7220.591,7311.034,30781328900,0.902152969491965
2025-09-09,7287.402,7315.967,7198.319,7226.028,28244306100,-1.1627083118475379
2025-09-10,7214.226,7296.001,7179.757,7230.168,25267415800,0.05729288621632023
2025-09-11,7215.928,7399.885,7161.281,7399.885,29397514200,2.3473451792544786
2025-09-12,7402.417,7472.874,7387.589,7422.884,31583879300,0.3108021273303452
2025-09-15,7445.498,7454.295,7404.496,7415.571,30130776100,-0.09851965893580283
2025-09-16,7426.409,7487.066,7364.733,7483.628,30901059000,0.9177580526165796
2025-09-17,7478.408,7564.816,7461.41,7554.813,30170648500,0.9512097608272319
2025-09-18,7552.23,7665.97,7393.18,7476.402,39860010200,-1.037894650734572
2025-09-19,7473.022,7520.919,7405.291,7438.189,29589587000,-0.5111148383941888
2025-09-22,7457.886,7489.478,7418.465,7489.478,27036260200,0.6895361223007379
2025-09-23,7500.618,7504.231,7261.666,7408.069,31326028000,-1.086978291410956
2025-09-24,7375.911,7534.222,7342.47,7534.222,27891276100,1.7029134042892968
2025-09-25,7521.317,7563.079,7487.119,7506.512,26440371200,-0.3677884723863989
2025-09-26,7476.937,7516.111,7396.585,7397.589,25875025900,-1.4510467711235209
2025-09-29,7415.128,7517.118,7376.909,7497.831,25868018400,1.3550631158340876
2025-09-30,7525.624,7592.914,7524.915,7574.963,25517378500,1.0287241736977037
2025-10-09,7623.299,7671.171,7590.473,7648.052,30349138000,0.9648760000543932
2025-10-10,7608.292,7621.976,7513.166,7533.82,29042992200,-1.4936090915699807
2025-10-13,7250.579,7535.207,7250.579,7519.764,28840041100,-0.18657201791387745
2025-10-14,7580.393,7611.826,7342.6,7373.152,30441201300,-1.9496888466180584
2025-10-15,7384.011,7484.049,7315.483,7483.449,24485396500,1.4959273862793054
2025-10-16,7460.763,7472.755,7378.297,7401.838,23464307000,-1.0905532996884126
2025-10-17,7395.866,7426.21,7176.959,7185.478,25432732500,-2.923057759437586
2025-10-20,7259.486,7301.988,7196.28,7239.185,21857967600,0.747438096672215
2025-10-21,7257.112,7350.923,7236.634,7344.047,23725016500,1.4485332257705652
2025-10-22,7304.964,7349.797,7278.713,7312.21,22732450300,-0.4335075742298411
2025-10-23,7292.39,7319.55,7192.416,7308.099,23156897600,-0.05622103303926096
2025-10-24,7340.669,7419.407,7340.669,7419.235,24555995300,1.5207237887718827
2025-10-27,7483.295,7511.414,7430.62,7495.383,26534474900,1.0263591866277233
2025-10-28,7462.911,7534.051,7443.701,7479.221,25180424900,-0.21562607274371315
2025-10-29,7481.237,7569.117,7469.07,7569.117,26584612900,1.2019433574699923
2025-10-30,7560.6,7569.156,7476.701,7485.085,29738526900,-1.1101955485692705
2025-10-31,7480.658,7583.033,7480.658,7506.675,29974520600,0.2884402782333151
2025-11-03,7507.374,7539.327,7417.273,7538.118,27824170500,0.41886720818471446
2025-11-04,7523.64,7523.64,7387.378,7435.731,25167741300,-1.3582567956617386
2025-11-05,7332.104,7490.904,7332.104,7464.863,25854817800,0.39178394161920593
2025-11-06,7482.908,7551.83,7466.752,7551.83,26361295900,1.1650180318111714
2025-11-07,7519.748,7581.56,7492.926,7541.878,26788866400,-0.13178262752207015
2025-11-10,7568.751,7592.757,7515.684,7563.254,27436131700,0.2834307317090001
2025-11-11,7579.908,7598.988,7530.144,7540.791,26525073100,-0.29700179314352537
2025-11-12,7520.179,7537.761,7421.459,7486.377,26696336300,-0.721595387009133
2025-11-13,7483.664,7604.891,7475.511,7590.576,27563607300,1.3918481529850757
2025-11-14,7527.834,7591.315,7502.757,7502.757,27197278300,-1.1569477731334321
2025-11-17,7514.84,7544.723,7487.808,7523.076,26115611800,0.2708204464038966
2025-11-18,7508.531,7521.656,7412.276,7448.101,27748040900,-0.9966003267812273
2025-11-19,7438.139,7471.732,7348.037,7387.208,23839382000,-0.8175641012386881
2025-11-20,7429.7,7439.044,7332.321,7340.412,22753609000,-0.6334734313694579
2025-11-21,7235.326,7274.334,7067.703,7067.703,28480069000,-3.715172935797062
2025-11-24,7105.642,7190.723,7064.598,7156.409,24065506200,1.2550895248427896
2025-11-25,7195.1,7311.727,7194.766,7249.947,24542942900,1.30705218217686
2025-11-26,7236.655,7307.199,7225.087,7248.449,23177682400,-0.020662220013478727
2025-11-27,7243.714,7330.6,7243.714,7257.454,21127741200,0.12423347394732165
2025-11-28,7257.165,7334.21,7239.854,7334.21,20068050800,1.057616073074663
2025-12-01,7356.513,7388.618,7342.596,7386.681,23441158300,0.7154281101850124
2025-12-02,7364.204,7364.204,7299.272,7313.178,20051247700,-0.995074783925276
2025-12-03,7312.667,7324.211,7220.976,7248.274,21463340000,-0.8874937817731188
2025-12-04,7246.862,7269.902,7185.911,7248.657,19483925400,0.005284016581041939
2025-12-05,7244.277,7346.999,7194.661,7342.492,21572766300,1.294515659935347
2025-12-08,7359.488,7446.192,7359.488,7423.046,24091899500,1.097093466359933
2025-12-09,7400.934,7439.546,7370.296,7380.584,22849142800,-0.5720293259667275
2025-12-10,7367.492,7421.423,7332.053,7408.244,21561113400,0.3747670916014245
2025-12-11,7421.787,7425.441,7311.995,7311.995,23402087300,-1.2992147666842535
2025-12-12,7312.871,7384.848,7284.555,7370.942,24352518300,0.8061684943712288
2025-12-15,7324.48,7375.612,7305.832,7309.078,22095769700,-0.8392957101005516
2025-12-16,7302.159,7302.159,7143.615,7181.62,23052600700,-1.7438314381102549
2025-12-17,7178.307,7303.375,7149.019,7288.738,22049877500,1.491557615134198
2025-12-18,7244.64,7336.732,7241.861,7272.402,20004466200,-0.22412659091327614
2025-12-19,7295.671,7357.042,7279.987,7329.806,21920554700,0.7893403032450452
2025-12-22,7363.064,7433.428,7363.064,7408.349,22160188600,1.071556327684542
2025-12-23,7410.224,7441.412,7363.934,7392.42,22428856600,-0.21501416847397037
2025-12-24,7391.561,7513.254,7386.489,7506.381,21796145500,1.541592604316322
2025-12-25,7507.297,7591.782,7502.154,7579.379,22874491700,0.9724792812941363
2025-12-26,7575.926,7644.84,7550.014,7605.53,26626161100,0.34502826682767385
2025-12-29,7606.435,7637.91,7574.775,7594.158,26406479600,-0.1495227814498068
2025-12-30,7556.537,7636.153,7552.401,7597.299,26333187400,0.04136074071674489
2025-12-31,7606.646,7619.221,7560.723,7595.285,24454923100,-0.026509421308806846
2026-01-05,7639.538,7753.959,7623.749,7753.88,30537472600,2.0880717445099117
2026-01-06,7756.158,7864.903,7755.072,7864.903,33116203400,1.431837995945262
2026-01-07,7881.836,7939.752,7864.139,7906.42,31873436700,0.5278768218756058
2026-01-08,7886.81,7993.631,7886.629,7971.589,32556390800,0.8242542136643438
2026-01-09,7969.19,8131.491,7969.19,8129.183,38104386900,1.9769458761609515
2026-01-12,8196.085,8371.749,8171.105,8357.011,44722895400,2.802594061420449
2026-01-13,8381.042,8381.042,8177.629,8203.133,45444450300,-1.8413042653647405
2026-01-14,8204.28,8415.098,8154.241,8257.172,48979835900,0.658760500408806
2026-01-15,8197.061,8267.813,8151.107,8240.775,35335770800,-0.19857888390845124
2026-01-16,8276.608,8304.399,8180.117,8232.729,35253940500,-0.09763644802824878
2026-01-19,8204.627,8298.48,8187.938,8265.646,32669114900,0.3998309673499678
2026-01-20,8271.779,8300.05,8104.918,8182.752,33668913400,-1.0028738225663192
2026-01-21,8138.682,8289.134,8136.918,8247.68,32567636800,0.7934738826252952
2026-01-22,8272.468,8314.216,8252.745,8309.346,32856328100,0.7476769224800117
2026-01-23,8331.77,8478.556,8323.349,8470.744,39304302000,1.9423670647485514
2026-01-26,8513.222,8530.417,8302.099,8365.435,40342837500,-1.2432083887790824
2026-01-27,8325.433,8406.099,8186.244,8382.153,36565732800,0.19984615265076222
2026-01-28,8392.753,8432.62,8334.683,8399.794,34965829300,0.2104590550900287
2026-01-29,8380.605,8463.125,8308.825,8332.207,40198798200,-0.804626875373371
2026-01-30,8255.335,8313.227,8083.97,8254.86,36491645100,-0.9282894676044373
2026-02-02,8166.736,8221.582,7974.599,7975.428,30832146700,-3.385060437124321
2026-02-03,8058.763,8210.047,8023.238,8209.101,29921845800,2.929911723859835
2026-02-04,8184.205,8216.204,8101.2,8207.12,31646115000,-0.024131753282119472
2026-02-05,8121.511,8154.558,8027.623,8068.077,27581682300,-1.6941753014455774
2026-02-06,7980.466,8152.322,7950.01,8051.574,28108356300,-0.20454688273302546
2026-02-09,8177.291,8235.155,8149.646,8233.778,28284816900,2.2629612545323585
2026-02-10,8246.218,8274.143,8199.511,8250.3,29191625000,0.2006612274462416
2026-02-11,8239.17,8304.125,8236.957,8239.513,27323431200,-0.13074676072383218
2026-02-12,8252.185,8337.371,8227.604,8314.832,27759673600,0.9141195602215824
