date,open,high,low,close,volume,pct_change
2020-01-02,5306.668,5374.908,5288.168,5366.138,14589440500,
2020-01-03,5376.033,5395.259,5351.805,5380.637,12845202100,0.27019431852106646
2020-01-06,5365.217,5481.55,5355.024,5434.85,15958741400,1.0075572836450553
2020-01-07,5441.903,5499.84,5440.692,5499.84,14414272200,1.1958011720654582
2020-01-08,5481.984,5500.16,5409.569,5423.797,15540684700,-1.3826402222610223
2020-01-09,5465.857,5497.543,5457.35,5497.543,13243166700,1.3596747813386045
2020-01-10,5511.674,5516.095,5455.252,5480.228,11381982100,-0.3149588825407945
2020-01-13,5478.316,5559.627,5447.732,5559.627,11807618100,1.4488265816677837
2020-01-14,5576.629,5583.72,5539.9,5542.332,12981138300,-0.3110820204305087
2020-01-15,5532.961,5545.101,5492.651,5530.027,11242502000,-0.22201845721260272
2020-01-16,5539.421,5559.018,5514.691,5527.668,11189727600,-0.04265801957206161
2020-01-17,5539.723,5555.412,5499.467,5510.045,10494932900,-0.31881437163012727
2020-01-20,5523.01,5587.536,5500.594,5587.536,11540300100,1.4063587502461505
2020-01-21,5581.01,5581.98,5515.193,5523.942,12460480800,-1.1381403180221183
2020-01-22,5502.587,5597.994,5440.2,5575.513,12347477000,0.933590540957896
2020-01-23,5521.792,5558.426,5326.932,5377.741,14577307100,-3.5471534188871945
2020-02-03,4896.895,4960.746,4896.895,4910.901,8177708400,-8.680968458689254
2020-02-04,4736.123,5013.77,4736.123,4996.474,18967227900,1.7425112011013821
2020-02-05,5035.409,5178.438,5026.408,5123.962,17109533900,2.551559359660449
2020-02-06,5128.186,5299.178,5100.482,5282.892,18595745600,3.1017013787377756
2020-02-07,5287.269,5329.356,5226.7,5327.037,19114764200,0.8356218525762182
2020-02-10,5322.009,5389.039,5301.412,5388.435,17670328200,1.1525731846803389
2020-02-11,5390.526,5396.956,5323.76,5361.277,15250817700,-0.5040053373567721
2020-02-12,5345.522,5461.674,5340.487,5459.946,15104147300,1.8404010835478157
2020-02-13,5456.659,5482.795,5397.232,5412.842,15820264200,-0.8627191550978797
2020-02-14,5407.474,5474.468,5375.926,5420.803,14534649600,0.14707615703544175
2020-02-17,5454.463,5594.437,5454.463,5594.437,17463665700,3.2031047798637857
2020-02-18,5607.84,5660.814,5577.898,5660.814,18509870100,1.186482214385487
2020-02-19,5654.178,5678.819,5601.392,5603.263,18564208500,-1.0166559084965554
2020-02-20,5619.52,5712.183,5580.067,5706.713,19207602600,1.8462456607872824
2020-02-21,5704.836,5822.397,5700.952,5784.032,20723623900,1.3548780182216946
2020-02-24,5784.575,5884.14,5754.679,5865.467,21809896200,1.4079278952813468
2020-02-25,5745.617,5912.274,5643.884,5897.722,26736667800,0.5499135874432515
2020-02-26,5824.048,5885.27,5724.499,5743.393,26637508000,-2.616756096675965
2020-02-27,5770.218,5829.037,5689.539,5753.728,20469487500,0.1799458960931366
2020-02-28,5558.416,5641.772,5438.852,5451.29,22430670900,-5.2563833396364945
2020-03-02,5516.439,5683.243,5505.268,5656.419,19951161200,3.7629441838537225
2020-03-03,5756.791,5832.353,5658.121,5710.024,22632549400,0.9476843918387212
2020-03-04,5670.5,5719.178,5603.929,5716.511,18513309800,0.11360722827085112
2020-03-05,5795.25,5811.207,5732.168,5801.12,21723222100,1.4800811194100705
2020-03-06,5737.096,5802.629,5723.733,5763.86,18529714700,-0.6422897647350934
2020-03-09,5668.637,5699.92,5525.817,5525.817,21853808900,-4.129923349977272
2020-03-10,5459.173,5675.876,5423.429,5675.111,20840287700,2.7017543288168966
2020-03-11,5692.717,5708.915,5589.531,5589.531,18775091200,-1.5079881256948036
2020-03-12,5507.321,5549.35,5446.794,5493.884,15875315700,-1.7111811348751838
2020-03-13,5225.506,5507.39,5224.727,5457.201,19526665900,-0.6677061255752736
2020-03-16,5496.889,5496.889,5183.344,5200.114,18684995200,-4.710968131831694
2020-03-17,5245.523,5300.559,5052.655,5212.062,15913787800,0.22976419363114342
2020-03-18,5257.944,5333.12,5119.472,5119.472,16428660400,-1.7764562278806406
2020-03-19,5119.944,5185.089,5020.439,5157.824,15459370200,0.7491397550372314
2020-03-20,5217.488,5225.027,5129.073,5219.281,12751328900,1.1915296062835923
2020-03-23,5079.355,5129.141,4981.668,4998.91,13868474500,-4.222248236874004
2020-03-24,5089.152,5118.036,4963.292,5096.041,14078770500,1.9430435835012139
2020-03-25,5200.775,5229.221,5160.389,5217.424,14688107000,2.3819078378686465
2020-03-26,5180.466,5227.468,5157.148,5166.109,12565245000,-0.9835313365369469
2020-03-27,5222.851,5227.792,5134.49,5137.337,11704507300,-0.5569375326769155
2020-03-30,5073.705,5074.625,4974.317,5027.486,12398131600,-2.1382868205842898
2020-03-31,5073.523,5090.568,5030.573,5041.453,11160561200,0.27781280743497394
2020-04-01,5029.584,5108.175,5007.712,5019.219,11215411100,-0.4410236493328501
2020-04-02,4998.626,5147.202,4998.106,5147.202,11335107800,2.549858852542597
2020-04-03,5143.519,5161.573,5085.095,5107.039,10947897800,-0.7802880089027076
2020-04-07,5202.547,5273.086,5197.583,5267.073,14510945200,3.133596590901311
2020-04-08,5243.162,5291.415,5232.616,5271.796,13778625400,0.08967029695621243
2020-04-09,5301.266,5336.117,5289.385,5322.461,12509846200,0.9610576737036025
2020-04-10,5321.787,5321.787,5197.984,5208.51,12381638800,-2.140945701621866
2020-04-13,5176.443,5198.371,5140.851,5169.176,9818099300,-0.7551871840507096
2020-04-14,5197.172,5288.593,5189.824,5288.593,11018824400,2.310174774470819
2020-04-15,5291.966,5320.579,5264.011,5268.75,12247740000,-0.3752037640257
2020-04-16,5245.925,5328.12,5238.434,5316.971,12074219300,0.9152265717674801
2020-04-17,5354.983,5377.147,5309.581,5318.455,13696983300,0.027910628062488563
2020-04-20,5329.869,5381.786,5311.197,5381.786,12064218200,1.1907781489173042
2020-04-21,5358.601,5358.601,5287.663,5343.881,13074442600,-0.7043200900221591
2020-04-22,5304.731,5388.207,5296.264,5387.623,12359700600,0.8185436764029497
2020-04-23,5402.648,5407.49,5354.94,5357.79,14461830200,-0.5537321375307713
2020-04-24,5350.543,5354.763,5258.569,5273.547,13138336700,-1.572346060595886
2020-04-27,5278.979,5314.411,5249.313,5265.725,11713242700,-0.14832521640556484
2020-04-28,5268.126,5273.257,5102.061,5227.846,14082491000,-0.7193501369707089
2020-04-29,5203.71,5269.735,5201.473,5226.812,10592684900,-0.01977870044372887
2020-04-30,5261.047,5368.894,5261.047,5353.86,13303668600,2.430697717844077
2020-05-06,5320.94,5451.456,5318.443,5451.316,14167905000,1.8202941429174446
2020-05-07,5454.252,5473.774,5425.796,5445.752,14014635400,-0.10206709719267071
2020-05-08,5474.874,5527.09,5467.646,5507.697,13631862200,1.1374921223000989
2020-05-11,5529.106,5547.942,5466.616,5496.192,12985198500,-0.20888948683996933
2020-05-12,5494.069,5519.287,5441.701,5512.464,11594367700,0.2960595263047594
2020-05-13,5495.897,5546.554,5483.987,5536.28,10789582200,0.4320391026589876
2020-05-14,5513.082,5528.092,5485.015,5487.107,11919770100,-0.8881956837443195
2020-05-15,5510.145,5543.933,5486.256,5507.934,11265151100,0.37956249076243065
2020-05-18,5522.723,5528.775,5454.962,5478.822,13365466400,-0.5285466383584181
2020-05-19,5515.029,5548.218,5504.233,5547.876,11200886000,1.260380424843155
2020-05-20,5545.044,5547.169,5473.79,5489.702,12349126400,-1.0485814751447164
2020-05-21,5508.204,5511.232,5415.599,5426.175,11455910800,-1.157203068581869
2020-05-22,5421.728,5421.887,5307.296,5328.227,10641571100,-1.805102120738833
2020-05-25,5323.966,5344.285,5293.229,5316.604,8438568100,-0.2181401055172727
2020-05-26,5341.111,5421.905,5341.082,5420.213,9096900800,1.9487815906544803
2020-05-27,5426.556,5426.556,5358.47,5369.499,10396037100,-0.9356458869789752
2020-05-28,5367.266,5390.14,5290.29,5361.167,10252425100,-0.15517276379042322
2020-05-29,5349.568,5416.66,5336.067,5406.34,10500325000,0.8425963973888395
2020-06-01,5446.291,5576.654,5446.291,5569.48,14169758200,3.017568262447412
2020-06-02,5595.359,5596.44,5544.186,5566.444,13902910300,-0.05451137269546491
2020-06-03,5583.701,5618.289,5567.073,5572.313,13834551900,0.10543535513876101
2020-06-04,5589.345,5597.262,5549.358,5576.754,12077846500,0.07969760492634315
2020-06-05,5585.159,5592.345,5542.87,5585.423,11225389700,0.1554488507113705
2020-06-08,5618.375,5627.189,5567.209,5575.304,11944619000,-0.18116801538575755
2020-06-09,5582.144,5616.036,5560.139,5610.377,11487092900,0.6290778045466183
2020-06-10,5611.658,5616.611,5581.915,5615.242,10836809700,0.08671431527684792
2020-06-11,5618.641,5673.311,5567.538,5589.102,12751545400,-0.46551867221396037
2020-06-12,5483.785,5620.206,5479.271,5591.487,12954546500,0.042672329114767926
2020-06-15,5605.883,5661.971,5590.644,5590.644,14535977600,-0.015076490386189967
2020-06-16,5633.259,5695.301,5624.855,5695.301,13395170300,1.872002581455745
2020-06-17,5708.687,5735.418,5685.624,5735.418,14683751800,0.704387704881615
2020-06-18,5738.031,5744.453,5705.295,5734.403,15815436600,-0.017697053641063665
2020-06-19,5733.429,5796.36,5727.623,5787.148,14176809800,0.9197993234866697
2020-06-22,5793.788,5815.394,5770.809,5784.027,14539234900,-0.05392984592755834
2020-06-23,5783.12,5809.283,5755.398,5804.343,12574812700,0.35124317365737845
2020-06-24,5808.539,5824.313,5773.291,5789.089,11024143600,-0.26280321476521706
2020-06-29,5774.459,5789.159,5740.256,5762.438,11776115100,-0.4603660437764834
2020-06-30,5790.065,5875.327,5788.208,5864.416,11535032400,1.7697023377952092
2020-07-01,5884.54,5885.874,5814.755,5881.888,14283298200,0.2979324795512328
2020-07-02,5880.883,5979.99,5858.574,5975.279,20118138000,1.587772497538209
2020-07-03,5989.996,6052.523,5968.066,6051.51,22682681800,1.2757730643205178
2020-07-06,6095.956,6318.308,6095.956,6299.855,30237648900,4.103851765922872
2020-07-07,6368.314,6480.029,6300.245,6380.028,32586542500,1.2726165919692
2020-07-08,6378.946,6541.438,6352.373,6535.415,28884738900,2.4355222265482146
2020-07-09,6541.285,6712.145,6530.021,6693.745,31741227100,2.422646457799549
2020-07-10,6664.326,6763.812,6644.359,6676.437,28873667200,-0.258569754300475
2020-07-13,6710.635,6899.622,6710.635,6899.518,29730559500,3.3413181312128115
2020-07-14,6897.003,6897.003,6672.8,6807.727,29386829700,-1.3303972828246913
2020-07-15,6815.616,6838.152,6598.523,6638.838,25647283000,-2.4808427247449916
2020-07-16,6642.329,6710.995,6305.133,6319.998,25331587000,-4.802647692261807
2020-07-17,6327.027,6447.509,6272.942,6344.591,19680390900,0.3891298699778112
2020-07-20,6419.08,6526.833,6340.65,6526.833,21241322200,2.872399497461675
2020-07-21,6546.565,6591.01,6500.868,6563.324,19396594900,0.5590919822829887
2020-07-22,6554.168,6699.687,6534.743,6620.689,21010119800,0.8740235892666703
2020-07-23,6562.049,6629.207,6431.261,6620.086,20799246200,-0.009107813401298959
2020-07-24,6584.809,6609.288,6265.379,6283.983,21901777700,-5.077018636918007
2020-07-27,6304.586,6337.328,6229.471,6298.735,14554248100,0.23475556824388288
2020-07-28,6345.682,6385.391,6307.789,6359.664,13883814400,0.9673212160854483
2020-07-29,6341.008,6530.271,6324.048,6530.271,15922168400,2.6826417244684597
2020-07-30,6548.701,6564.775,6491.449,6511.436,17761556100,-0.2884260086602808
2020-07-31,6499.394,6619.262,6463.415,6579.67,17991294100,1.047910169124
2020-08-03,6635.343,6739.809,6614.431,6739.809,20726674600,2.433845466413964
2020-08-04,6758.494,6764.905,6672.894,6697.707,20947893600,-0.6246764559648454
2020-08-05,6696.687,6790.008,6653.277,6772.842,18484381600,1.121801834568159
2020-08-06,6780.327,6792.276,6656.278,6770.302,20522984200,-0.037502720423709945
2020-08-07,6743.291,6755.528,6578.667,6688.882,19812821400,-1.2026051422816875
2020-08-10,6666.56,6768.866,6651.742,6725.296,17535322700,0.544395909510742
2020-08-11,6727.769,6756.845,6594.979,6600.847,18084577100,-1.85046130311588
2020-08-12,6580.006,6599.657,6395.006,6528.4,17788904500,-1.0975409670910485
2020-08-13,6552.37,6592.116,6518.423,6552.657,16206051500,0.3715611788493334
2020-08-14,6542.603,6629.506,6506.027,6623.563,15687598800,1.0820954003849081
2020-08-17,6646.542,6752.318,6614.185,6744.547,20140735700,1.8265697782296142
2020-08-18,6747.606,6811.564,6737.529,6789.398,18916617500,0.6649964778954187
2020-08-19,6782.593,6782.593,6661.988,6666.274,19430913600,-1.8134744788860457
2020-08-20,6622.005,6672.491,6570.695,6593.785,15764625800,-1.0873990478039275
2020-08-21,6628.901,6686.023,6589.197,6643.944,14296349300,0.7607011754250381
2020-08-24,6667.296,6702.749,6589.929,6688.965,14302035400,0.6776246157402799
2020-08-25,6698.12,6734.438,6631.685,6652.548,14709813000,-0.544434004363914
2020-08-26,6650.449,6660.763,6501.241,6525.879,15373477100,-1.904067434011747
2020-08-27,6538.136,6585.719,6486.751,6578.791,12983619800,0.8108026520258882
2020-08-28,6571.898,6695.357,6553.923,6691.21,14194959300,1.7088094149821709
2020-08-31,6719.286,6765.885,6667.679,6668.433,15602438500,-0.3404018107337814
2020-09-01,6667.168,6710.46,6637.634,6710.46,12563249000,0.6302380184370238
2020-09-02,6725.691,6742.553,6647.034,6717.558,14956254800,0.1057751629545578
2020-09-03,6715.104,6732.674,6638.448,6662.252,14211033500,-0.8233051355864718
2020-09-04,6545.888,6631.029,6538.49,6618.576,12535846200,-0.6555741211830557
2020-09-07,6619.898,6669.394,6459.103,6478.812,15558174800,-2.1116929079608715
2020-09-08,6493.774,6542.995,6432.952,6525.098,16123031800,0.7144211006585799
2020-09-09,6455.305,6471.482,6319.271,6349.223,21691635100,-2.6953618167880444
2020-09-10,6404.665,6414.962,6219.636,6235.569,18104949700,-1.7900458056048674
2020-09-11,6209.788,6319.669,6209.788,6311.967,12462919400,1.225196930705108
2020-09-14,6350.355,6381.182,6297.902,6351.242,13050227700,0.6222307562761431
2020-09-15,6351.037,6388.13,6328.537,6387.881,11518415400,0.5768792938452005
2020-09-16,6379.518,6387.767,6321.567,6353.836,11337988700,-0.532962339154408
2020-09-17,6345.672,6416.009,6291.634,6367.021,11895968100,0.20751243815546605
2020-09-18,6367.792,6473.6,6353.561,6469.469,13522626400,1.6090413397411574
2020-09-21,6492.225,6515.337,6434.324,6445.965,12602372100,-0.36330647847605535
2020-09-22,6392.025,6462.975,6341.484,6358.652,12130589400,-1.354537295812186
2020-09-23,6382.281,6411.205,6356.164,6392.033,9504883300,0.5249697577411006
2020-09-24,6353.694,6354.683,6243.282,6244.639,11280146700,-2.3059017373658786
2020-09-25,6271.701,6285.472,6206.182,6236.89,8779878800,-0.12409043981564949
2020-09-28,6255.021,6261.93,6171.02,6178.469,7896291500,-0.9367008236476848
2020-09-29,6206.991,6280.443,6179.881,6228.771,8137116400,0.814149913190465
2020-09-30,6245.116,6260.123,6155.021,6192.505,8148409300,-0.5822336380643889
2020-10-09,6300.07,6373.937,6290.471,6357.971,10038623100,2.6720365990822614
2020-10-12,6408.083,6541.31,6399.683,6541.176,14482434900,2.881501032326206
2020-10-13,6538.835,6557.864,6486.309,6551.399,11155845000,0.15628688174724736
2020-10-14,6547.838,6547.838,6492.658,6508.374,11862960400,-0.6567299595094167
2020-10-15,6511.071,6518.55,6456.771,6460.041,10700425200,-0.7426278821714871
2020-10-16,6456.738,6473.634,6388.646,6428.682,9873202200,-0.4854303556277806
2020-10-19,6466.566,6483.508,6346.263,6358.321,10366836300,-1.0944856192917962
2020-10-20,6349.644,6423.157,6324.389,6423.113,8618922400,1.0190111508997513
2020-10-21,6426.194,6426.51,6323.441,6350.013,8751225500,-1.1380774400201354
2020-10-22,6331.804,6334.542,6256.232,6317.144,8572472900,-0.5176209875475846
2020-10-23,6312.008,6362.428,6202.535,6213.263,8056509000,-1.6444298246169553
2020-10-26,6195.354,6239.716,6127.383,6214.378,7339295600,0.017945482108183697
2020-10-27,6187.473,6227.842,6168.971,6221.341,7558651600,0.11204661190549192
2020-10-28,6221.74,6254.716,6164.241,6245.999,8713088800,0.39634541813411417
2020-10-29,6168.908,6287.648,6159.144,6255.193,9258748300,0.14719823041919877
2020-10-30,6272.927,6274.616,6103.891,6111.48,11212236000,-2.2974990539860296
2020-11-02,6119.451,6162.276,6095.804,6143.116,11175637900,0.5176487528389284
2020-11-03,6175.159,6245.558,6155.735,6241.768,10544003600,1.605895119024292
2020-11-04,6246.637,6256.07,6181.097,6234.158,9292974500,-0.12192058403964756
2020-11-05,6294.614,6358.445,6273.315,6351.979,11884321500,1.8899264343316347
2020-11-06,6366.185,6366.185,6254.087,6301.248,11824421100,-0.7986644792119191
2020-11-09,6337.442,6452.914,6337.442,6421.651,16002788200,1.9107802136973495
2020-11-10,6434.43,6435.413,6339.286,6373.085,14192893200,-0.7562852605973114
2020-11-11,6356.367,6375.24,6292.837,6294.606,13072808100,-1.2314130440752025
2020-11-12,6305.066,6340.998,6285.291,6315.494,10468068700,0.3318396735236373
2020-11-13,6304.459,6319.413,6248.355,6306.97,10711632200,-0.13496964766334107
2020-11-16,6319.704,6387.415,6294.29,6387.371,13367733000,1.274795979685961
2020-11-17,6380.769,6380.769,6300.567,6336.941,14127431800,-0.7895267082497659
2020-11-18,6333.451,6382.497,6314.309,6341.014,13398246200,0.06427391386476522
2020-11-19,6328.084,6370.181,6293.555,6360.6,12380484500,0.308878043795513
2020-11-20,6354.787,6429.87,6351.308,6422.985,13066764500,0.9808036977643431
2020-11-23,6435.919,6516.241,6407.057,6472.93,18192566800,0.7775979548449996
2020-11-24,6472.747,6495.137,6454.665,6475.188,15406296500,0.03488373889413143
2020-11-25,6489.255,6489.722,6350.367,6350.367,15381310600,-1.9276814819894073
2020-11-26,6349.862,6358.174,6284.973,6334.304,12323693600,-0.252946010836852
2020-11-27,6337.384,6351.81,6276.073,6351.612,12088511600,0.2732423325435551
2020-11-30,6360.462,6397.72,6309.445,6320.944,16315768200,-0.4828380574883884
2020-12-01,6307.854,6437.943,6299.414,6426.616,15095734000,1.6717756082002877
2020-12-02,6437.956,6446.807,6392.989,6434.979,14970510500,0.13013069397642685
2020-12-03,6437.384,6461.088,6392.899,6440.881,15221493300,0.09171747102827421
2020-12-04,6426.026,6471.856,6409.678,6464.735,12885516900,0.37035306194912465
2020-12-07,6465.988,6472.85,6417.648,6424.682,12107828200,-0.6195613586635784
2020-12-08,6424.159,6448.393,6406.724,6423.651,10549499200,-0.01604748686394597
2020-12-09,6430.477,6437.433,6307.221,6307.221,12151621300,-1.8125206366286117
2020-12-10,6295.353,6350.918,6267.171,6320.096,11057714200,0.204131106235228
2020-12-11,6328.828,6340.395,6163.412,6209.427,13264160600,-1.7510651736935667
2020-12-14,6207.826,6260.613,6176.54,6259.018,10687714900,0.7986405186823253
2020-12-15,6250.097,6276.584,6228.679,6265.582,9798099400,0.10487268130561223
2020-12-16,6268.211,6271.03,6219.086,6235.435,9928395000,-0.48115242925557133
2020-12-17,6225.079,6312.006,6184.543,6308.901,12770274400,1.1782016811978435
2020-12-18,6310.16,6332.533,6269.213,6291.918,12862228800,-0.26919110000299673
2020-12-21,6302.258,6401.546,6293.922,6398.599,13634782200,1.6955243218363725
2020-12-22,6372.879,6378.499,6241.56,6250.061,15131061800,-2.321414422125856
2020-12-23,6255.352,6330.603,6242.625,6307.604,14404432300,0.9206790141728316
2020-12-24,6308.48,6308.48,6202.403,6205.225,13122165300,-1.6231044307790987
2020-12-25,6190.992,6284.585,6186.025,6278.498,13447826700,1.1808274478362968
2020-12-28,6283.782,6288.244,6219.091,6244.482,14896021400,-0.5417856308945201
2020-12-29,6240.736,6280.04,6196.415,6199.852,15447603200,-0.7147110040512605
2020-12-30,6196.451,6289.27,6188.593,6269.248,13804167300,1.1193170417616471
2020-12-31,6282.958,6370.57,6281.014,6367.115,16019408600,1.5610644211235591
2021-01-04,6395.612,6501.589,6359.08,6482.787,18662120900,1.8167097657259212
2021-01-05,6470.25,6539.732,6452.525,6539.732,19672629200,0.8784030695440093
2021-01-06,6549.731,6569.199,6472.745,6528.143,17852108600,-0.17720909664188378
2021-01-07,6523.676,6567.273,6467.437,6538.116,19713564100,0.15276932505920993
2021-01-08,6541.558,6598.381,6484.398,6557.596,18083742900,0.2979451572899583
2021-01-11,6557.453,6572.854,6419.731,6455.399,18325727100,-1.5584522132805811
2021-01-12,6425.815,6543.229,6425.815,6543.229,16231123700,1.3605665583180881
2021-01-13,6550.035,6553.649,6457.881,6496.913,18491342000,-0.7078462331060242
2021-01-14,6471.789,6516.269,6402.6,6439.885,16302381600,-0.8777707197248796
2021-01-15,6427.13,6447.876,6339.428,6417.501,13824319900,-0.34758384660595887
2021-01-18,6414.83,6529.413,6392.065,6514.464,13683280700,1.5109152300872175
2021-01-19,6510.479,6532.647,6456.115,6476.374,14761671600,-0.5846989099947408
2021-01-20,6477.668,6535.475,6449.284,6535.419,12852543200,0.9116984287812935
2021-01-21,6552.035,6649.863,6550.88,6622.496,15680958700,1.332385880691045
2021-01-22,6619.86,6643.665,6573.82,6637.805,15806231000,0.23116661754118972
2021-01-25,6636.22,6711.571,6599.974,6645.314,16562310300,0.1131247453036055
2021-01-26,6621.148,6624.449,6515.258,6532.961,14337131100,-1.6907101756215015
2021-01-27,6527.68,6564.286,6481.157,6557.161,13976004900,0.3704292739540316
2021-01-28,6475.861,6529.842,6405.814,6414.381,14482540600,-2.1774667420854765
2021-01-29,6448.67,6462.374,6255.703,6346.137,14604158100,-1.0639218343905799
2021-02-01,6338.645,6397.014,6328.336,6393.278,13732518300,0.7428298506634956
2021-02-02,6404.853,6459.48,6361.088,6454.785,13239431300,0.9620573358455564
2021-02-03,6459.664,6484.493,6399.332,6399.332,14545715500,-0.8590991024488015
2021-02-04,6375.672,6414.298,6249.531,6328.788,14886133000,-1.1023650593530832
2021-02-05,6343.83,6382.957,6236.267,6239.871,13513287900,-1.4049609498690607
2021-02-08,6247.919,6354.02,6215.728,6323.162,11613400400,1.3348192614879295
2021-02-09,6334.416,6468.428,6330.792,6457.881,11931911000,2.1305637907110375
2021-02-10,6474.75,6542.745,6424.721,6525.166,11904265900,1.0419052317625521
2021-02-18,6657.307,6678.613,6564.306,6614.544,16689239200,1.3697429306779307
2021-02-19,6600.246,6706.39,6542.782,6703.482,17876781700,1.344582483690493
2021-02-22,6731.505,6810.922,6657.056,6657.056,23706558500,-0.6925654458384556
2021-02-23,6613.601,6701.43,6609.078,6631.229,19265686600,-0.3879642893194757
2021-02-24,6633.282,6661.433,6477.751,6536.186,17371883200,-1.4332637283375416
2021-02-25,6600.205,6609.564,6484.555,6499.153,16206818200,-0.5665842434716462
2021-02-26,6365.739,6446.946,6346.133,6364.353,15076020600,-2.0741164271713575
2021-03-01,6407.164,6491.937,6404.889,6488.439,15860843700,1.9497032926991897
2021-03-02,6514.021,6514.021,6386.49,6433.328,16587706900,-0.8493722450037655
2021-03-03,6426.037,6528.222,6420.207,6524.751,17101752400,1.4210840796551993
2021-03-04,6482.787,6485.164,6371.73,6401.992,19433461600,-1.8814357819938232
2021-03-05,6325.752,6442.016,6319.532,6403.496,16650488500,0.023492687900894538
2021-03-08,6453.78,6488.819,6253.697,6256.409,16854633900,-2.296979649866271
2021-03-09,6235.314,6250.935,6033.408,6108.003,19643268600,-2.3720635911111287
2021-03-10,6164.768,6179.854,6053.019,6062.255,14255427900,-0.7489845699158892
2021-03-11,6074.335,6213.934,6045.549,6213.832,16081464300,2.5003402199346603
2021-03-12,6231.485,6232.501,6137.99,6222.38,17574617800,0.13756406674656496
2021-03-15,6192.299,6229.572,6111.358,6173.872,17079969100,-0.7795730893966568
2021-03-16,6176.069,6222.182,6124.777,6195.244,15284599200,0.3461684984722657
2021-03-17,6180.893,6230.559,6124.05,6225.359,13484039600,0.4860986911895848
2021-03-18,6231.193,6300.945,6227.193,6273.856,14072566500,0.7790233462841245
2021-03-19,6195.253,6258.132,6167.507,6206.602,14323827500,-1.0719723245162127
2021-03-22,6208.932,6307.548,6206.081,6305.692,14304144500,1.5965257640170982
2021-03-23,6307.98,6307.98,6181.134,6219.167,15096405200,-1.3721729510416836
2021-03-24,6180.312,6232.131,6131.823,6142.544,14767311100,-1.2320460280291656
2021-03-25,6118.87,6190.938,6108.261,6157.407,12930709300,0.24196814870192096
2021-03-26,6164.824,6264.555,6164.824,6251.794,12888761000,1.532901755560423
2021-03-29,6269.999,6277.765,6215.798,6254.943,13963389400,0.05036954192669807
2021-03-30,6239.47,6287.874,6217.327,6280.359,13440958400,0.4063346380614563
2021-03-31,6277.696,6277.696,6205.939,6254.07,12512849200,-0.4185907206897044
2021-04-01,6259.414,6321.58,6238.307,6311.664,13037481800,0.9209043071152001
2021-04-02,6316.556,6341.655,6291.714,6326.606,12393887100,0.2367363028196623
2021-04-06,6345.891,6367.785,6323.242,6343.096,11148915800,0.260645281213967
2021-04-07,6350.378,6350.378,6289.065,6348.076,15001677500,0.07851055698984144
2021-04-08,6332.926,6385.195,6309.123,6356.753,17374127800,0.13668708440162103
2021-04-09,6345.29,6360.45,6307.656,6335.239,14130690000,-0.3384432272262261
2021-04-12,6325.264,6344.162,6203.569,6226.418,15544143900,-1.717709466051709
2021-04-13,6210.223,6254.897,6193.809,6209.78,13038770900,-0.26721623893545265
2021-04-14,6206.637,6287.838,6206.637,6277.211,11743821700,1.085883879944216
2021-04-15,6263.628,6281.426,6211.66,6276.461,11977617600,-0.011947981356685844
2021-04-16,6283.862,6344.947,6276.432,6339.591,12676465300,1.0058215927733816
2021-04-19,6331.71,6431.777,6315.083,6425.261,14220093000,1.3513490065841793
2021-04-20,6419.731,6467.381,6410.278,6428.541,13467452300,0.05104850993600252
2021-04-21,6396.272,6434.63,6369.77,6420.259,12105173300,-0.1288317209145906
2021-04-22,6444.284,6472.804,6424.754,6445.466,12492387700,0.3926165595500075
2021-04-23,6445.516,6463.975,6412.988,6462.756,12611730600,0.2682505811061553
2021-04-26,6480.3,6546.643,6437.191,6442.645,14496413900,-0.31118303089270327
2021-04-27,6434.613,6466.252,6399.436,6446.282,12589471200,0.056451969649096156
2021-04-28,6433.099,6489.744,6410.317,6489.744,11723494300,0.6742180996735625
2021-04-29,6495.646,6502.425,6453.52,6491.928,12830543900,0.033653099413477605
2021-04-30,6470.353,6503.154,6434.73,6485.708,14425423900,-0.0958112905750097
2021-05-06,6503.601,6548.066,6440.331,6489.349,15414198100,0.05613882092749822
2021-05-07,6505.575,6524.18,6439.895,6444.443,17751874900,-0.6919954528566752
2021-05-10,6461.418,6493.497,6437.107,6475.994,18908013400,0.4895845924930864
2021-05-11,6436.292,6472.869,6349.787,6456.038,18726361100,-0.30815346647943276
2021-05-12,6434.914,6521.488,6419.737,6512.05,15649093000,0.8675909280583705
2021-05-13,6448.96,6496.996,6426.576,6439.027,15965864600,-1.1213519552214724
2021-05-14,6454.679,6525.804,6421.208,6525.804,16624340700,1.3476725598448258
2021-05-17,6521.886,6613.895,6521.886,6578.14,15936375800,0.8019854718284591
2021-05-18,6578.971,6604.685,6558.778,6599.599,13250549100,0.32621683332978435
2021-05-19,6582.104,6590.981,6544.841,6584.387,13518125500,-0.23049885303637607
2021-05-20,6541.093,6580.437,6506.408,6548.711,16232992300,-0.5418272042636563
2021-05-21,6557.488,6570.457,6512.806,6527.864,13435069500,-0.31833745602761754
2021-05-24,6515.833,6564.071,6494.616,6544.122,13722661200,0.2490554337529094
2021-05-25,6549.344,6628.693,6524.303,6619.671,14469203600,1.1544558613057587
2021-05-26,6631.366,6642.38,6612.423,6628.207,15623700300,0.12894900668023457
2021-05-27,6629.237,6685.483,6620.72,6685.405,14516667600,0.862948305627742
2021-05-28,6699.284,6718.09,6643.644,6668.17,15731838500,-0.25780038756065826
2021-05-31,6681.55,6729.074,6667.258,6728.991,14692949300,0.9121093193484864
2021-06-01,6718.643,6742.98,6656.663,6739.762,16109195700,0.1600685749171049
2021-06-02,6740.503,6748.151,6662.751,6681.429,15736532000,-0.8655053398027968
2021-06-03,6680.105,6744.518,6654.455,6667.726,15488569100,-0.20509085706067465
2021-06-04,6642.06,6725.686,6628.006,6693.057,13786640400,0.37990463315380474
2021-06-07,6705.736,6729.845,6689.702,6721.502,14056089600,0.42499264536370873
2021-06-08,6726.087,6752.627,6652.391,6684.563,13868494700,-0.5495646657547759
2021-06-09,6677.138,6712.252,6656.055,6692.905,13651103400,0.12479499407813677
2021-06-10,6688.819,6773.456,6683.494,6765.644,15428096400,1.0868075970001057
2021-06-11,6773.642,6775.863,6717.273,6725.915,16956960700,-0.5872168266612965
2021-06-15,6734.095,6736.537,6649.204,6663.662,15220925000,-0.9255692348178579
2021-06-16,6659.494,6662.778,6554.893,6566.286,13680787700,-1.461298607282302
2021-06-17,6554.301,6618.504,6554.301,6616.174,12449256200,0.7597597789678945
2021-06-18,6610.266,6671.882,6587.035,6657.764,13802258100,0.6286110371341636
2021-06-21,6652.653,6722.984,6638.517,6707.176,14303117200,0.7421710952806526
2021-06-22,6723.298,6748.966,6691.822,6739.794,14654349700,0.4863149558025581
2021-06-23,6741.577,6803.974,6720.582,6789.946,15530960900,0.7441176985528042
2021-06-24,6791.861,6791.861,6743.327,6754.866,14504652200,-0.5166462295870922
2021-06-25,6748.866,6824.858,6739.016,6813.414,15148565900,0.8667529452101697
2021-06-28,6814.317,6843.519,6802.858,6828.516,14550405000,0.22165099610855776
2021-06-29,6833.057,6835.048,6756.916,6765.42,13662572200,-0.9240075003119186
2021-06-30,6767.742,6812.38,6757.34,6808.183,12540616100,0.6320819697816171
2021-07-01,6827.697,6827.697,6716.666,6716.666,13835081100,-1.3442206239168364
2021-07-02,6701.064,6718.505,6651.485,6658.045,13647228700,-0.8727693173964601
2021-07-05,6670.126,6716.147,6663.544,6711.014,13473472100,0.7955638629657757
2021-07-06,6727.967,6747.847,6633.615,6709.498,14501795400,-0.022589730851407808
2021-07-07,6661.854,6765.434,6642.571,6764.132,14764695200,0.8142785048896428
2021-07-08,6774.845,6797.077,6740.85,6748.654,15956454300,-0.22882462967900308
2021-07-09,6721.609,6814.653,6683.786,6804.539,16610700400,0.8280910534159691
2021-07-12,6852.475,6926.758,6840.018,6904.382,19356104400,1.4672999890220417
2021-07-13,6901.812,6961.974,6889.026,6961.848,17962084300,0.8323120012768692
2021-07-14,6953.822,6973.615,6898.75,6898.75,17173544800,-0.9063398109237619
2021-07-15,6874.805,6936.579,6828.482,6932.406,17322110800,0.4878564957419895
2021-07-16,6931.051,6992.834,6922.346,6925.123,18490785800,-0.10505732064740592
2021-07-19,6912.098,6931.144,6856.65,6889.338,16973481800,-0.5167417242986083
2021-07-20,6831.051,6901.133,6825.823,6901.132,14014063000,0.1711920651882748
2021-07-21,6923.612,6998.285,6922.921,6984.542,16300927100,1.2086422923079931
2021-07-22,6996.255,7026.734,6960.297,7026.548,19023331600,0.6014138078058506
2021-07-23,7036.298,7061.668,6968.307,6985.75,22507907400,-0.5806265039390524
2021-07-26,6974.109,6986.497,6778.497,6868.207,20819723900,-1.6826110295959595
2021-07-27,6877.442,6925.971,6719.256,6719.256,22861433900,-2.1687028361259353
2021-07-28,6650.152,6709.226,6534.918,6621.985,19726716600,-1.4476453940734046
2021-07-29,6720.616,6773.567,6682.119,6758.887,17101788500,2.067386138748417
2021-07-30,6739.755,6775.006,6702.511,6767.316,18971173400,0.12470988196724431
2021-08-02,6756.813,6875.416,6731.776,6872.0,20620517300,1.546905745202376
2021-08-03,6844.37,6879.593,6792.712,6816.011,19418943200,-0.8147409778812564
2021-08-04,6814.085,6931.781,6813.228,6931.337,17406434700,1.6919867060073646
2021-08-05,6920.939,6946.335,6880.691,6911.829,17937188500,-0.28144642224149363
2021-08-06,6929.023,6947.536,6885.647,6938.868,17235691200,0.39119891420926756
2021-08-09,6914.322,6989.706,6877.195,6979.526,17383337100,0.5859457191000006
2021-08-10,6970.826,7019.685,6958.805,7019.228,17308796200,0.5688351902407129
2021-08-11,7024.769,7076.373,6999.933,7073.522,18835790600,0.7735038668070127
2021-08-12,7059.467,7115.887,7051.013,7095.202,19407912500,0.3064951236456226
2021-08-13,7070.471,7124.922,7050.305,7088.888,19219060400,-0.0889897144577434
2021-08-16,7087.58,7102.396,7039.103,7052.488,18817888600,-0.5134796882106163
2021-08-17,7045.755,7063.018,6876.499,6894.404,20193637200,-2.2415351858804944
2021-08-18,6883.266,6950.885,6865.066,6941.008,17536733100,0.6759685101134005
2021-08-19,6917.509,6978.983,6869.293,6947.056,17181358900,0.08713431824312057
2021-08-20,6915.018,6952.519,6843.002,6920.025,17562713900,-0.38910007346997233
2021-08-23,6949.332,7031.884,6949.332,7024.565,18945660800,1.5106881839299646
2021-08-24,7031.648,7098.029,7009.69,7090.782,20272689500,0.9426491177745522
2021-08-25,7092.147,7153.274,7058.571,7153.004,19812689000,0.8775054711878116
2021-08-26,7151.53,7175.512,7115.845,7118.844,23017619600,-0.4775615951004619
2021-08-27,7096.655,7185.727,7083.211,7180.109,22383046300,0.8606032102965067
2021-08-30,7202.626,7262.604,7190.614,7226.882,25064914800,0.6514246510742172
2021-08-31,7202.524,7255.342,7159.302,7255.342,24510834200,0.3938074538922809
2021-09-01,7271.034,7278.156,7100.307,7193.1,29552014000,-0.8578782364773385
2021-09-02,7172.399,7309.332,7172.399,7307.008,25341169800,1.5835731464876046
2021-09-03,7335.696,7385.243,7227.035,7278.681,28880124000,-0.3876689337140471
2021-09-06,7297.361,7359.537,7231.729,7355.401,25587515300,1.0540371256825276
2021-09-07,7360.383,7501.126,7350.696,7498.926,26072754100,1.9512872241771895
2021-09-08,7496.334,7549.454,7483.871,7544.041,27284780800,0.6016194852436207
2021-09-09,7534.982,7617.657,7526.969,7617.451,28720406800,0.9730859097929034
2021-09-10,7613.604,7661.426,7564.261,7607.675,29346864200,-0.12833689379819768
2021-09-13,7613.54,7650.879,7566.776,7648.748,26361861000,0.539888993680715
2021-09-14,7630.715,7688.604,7544.016,7556.616,27150151200,-1.2045370039645675
2021-09-15,7535.251,7627.67,7521.877,7592.306,23339841600,0.4723013581740876
2021-09-16,7616.881,7657.225,7445.233,7446.935,26764977900,-1.914714712499721
2021-09-17,7421.805,7471.419,7275.983,7395.565,23360422600,-0.6898139973022577
2021-09-22,7305.079,7453.932,7298.027,7453.625,19679453400,0.7850651032071276
2021-09-23,7512.331,7543.66,7467.202,7502.839,24115869400,0.6602693320364228
2021-09-24,7490.565,7490.565,7373.285,7380.384,23171558200,-1.6321155232039475
2021-09-27,7400.005,7410.467,7128.512,7170.59,23954240700,-2.842589220289893
2021-09-28,7158.62,7227.457,7155.274,7198.897,20280056700,0.3947652843071525
2021-09-29,7142.761,7161.212,6996.572,7010.219,21057070200,-2.6209292895842173
2021-09-30,7034.694,7116.037,7034.694,7103.608,20248261200,1.332183773431339
2021-10-08,7191.225,7198.961,7058.831,7091.336,20546770500,-0.172757280525615
2021-10-11,7102.882,7123.746,7048.873,7090.467,19542083900,-0.01225439042799037
2021-10-12,7069.352,7079.705,6891.845,6952.19,20166672300,-1.950181842747456
2021-10-13,6957.729,6991.244,6887.339,6981.595,16260465500,0.4229602470588567
2021-10-14,6970.647,7033.396,6949.481,7008.333,15476466800,0.382978388176336
2021-10-15,6996.12,7034.028,6975.24,7024.16,17410833900,0.22583116412990822
2021-10-18,7027.14,7071.87,6983.716,7068.105,17562701400,0.6256264094211872
2021-10-19,7060.775,7127.236,7051.779,7120.379,16813576400,0.7395758834935373
2021-10-20,7081.985,7154.909,7067.135,7118.796,17051134100,-0.02223196265254135
2021-10-21,7127.635,7145.584,7069.451,7098.254,16797196700,-0.28856003178066025
2021-10-22,7089.135,7110.657,7020.871,7026.068,17161515100,-1.016954310172613
2021-10-25,7019.022,7105.977,7003.779,7103.986,15900460300,1.108984427705506
2021-10-26,7120.066,7155.628,7085.069,7102.434,17503220500,-0.021846889900956068
2021-10-27,7093.124,7097.857,7017.862,7048.604,17902088700,-0.7579091900044355
2021-10-28,7026.294,7043.417,6930.541,6950.277,18807533800,-1.3949854467636413
2021-10-29,6955.847,7022.754,6920.307,7022.499,17077953300,1.0391240521780531
2021-11-01,7005.069,7087.292,6993.27,7060.756,18414299100,0.5447775784660269
2021-11-02,7061.002,7093.612,6921.85,6985.1,19611472800,-1.0714999923520985
2021-11-03,6975.064,7034.092,6962.869,7017.854,15081464800,0.4689123992498212
2021-11-04,7031.947,7073.852,7018.609,7073.852,15265204900,0.7979362352080743
2021-11-05,7071.083,7073.852,6991.152,6991.908,17724139200,-1.1584070461185703
2021-11-08,6986.496,7034.141,6984.81,7026.972,14636085700,0.5014940127930689
2021-11-09,7037.573,7087.023,7028.313,7081.754,14169684700,0.7795961048371991
2021-11-10,7061.636,7072.148,6965.863,7062.331,16213835400,-0.27426821095450915
2021-11-11,7048.863,7121.922,7033.088,7119.859,16540069300,0.8145752443492027
2021-11-12,7118.993,7165.106,7112.582,7156.613,16851342300,0.516218088026732
2021-11-15,7166.037,7176.77,7083.778,7098.213,16114820200,-0.8160284760402758
2021-11-16,7083.921,7121.744,7040.507,7045.939,16237031600,-0.7364388755310536
2021-11-17,7043.633,7106.054,7033.953,7104.534,14034710700,0.8316137849050165
2021-11-18,7108.78,7130.288,7066.489,7084.683,16271486000,-0.2794131184395754
2021-11-19,7083.007,7174.251,7073.717,7169.876,17818585400,1.2024955809596616
2021-11-22,7177.401,7259.532,7177.401,7255.074,18052248000,1.1882771752258936
2021-11-23,7245.946,7292.917,7239.0,7261.379,18959503300,0.0869046959410813
2021-11-24,7260.216,7278.396,7229.604,7256.112,17767407200,-0.0725344318207255
2021-11-25,7262.793,7262.793,7228.291,7233.542,16406809800,-0.3110481205361726
2021-11-26,7216.638,7249.199,7201.195,7219.862,15942313700,-0.18911896827308317
2021-11-29,7129.939,7226.339,7125.43,7221.898,16694140600,0.028199984985866067
2021-11-30,7252.332,7281.134,7210.835,7252.755,18633616300,0.42726995036483917
2021-12-01,7239.128,7272.94,7215.672,7272.837,17180629500,0.27688788605158
2021-12-02,7256.424,7279.946,7221.362,7229.988,17655554400,-0.5891648609751665
2021-12-03,7233.572,7310.275,7223.796,7301.917,18622273800,0.9948702542798227
2021-12-06,7308.989,7330.469,7235.448,7240.456,21306995200,-0.8417104713734802
2021-12-07,7274.126,7284.645,7148.068,7206.826,19224385400,-0.46447350829836864
2021-12-08,7225.0,7302.991,7214.259,7302.991,16928045300,1.3343599526338012
2021-12-09,7298.796,7331.584,7290.268,7320.318,19608716800,0.23725895321520252
2021-12-10,7285.974,7317.266,7276.613,7306.646,18723069500,-0.18676784259918922
2021-12-13,7334.11,7371.31,7322.438,7353.031,18536306100,0.6348329999838587
2021-12-14,7330.236,7349.878,7314.43,7324.133,15958375300,-0.3930079990142832
2021-12-15,7319.664,7352.379,7302.383,7314.259,15992392300,-0.13481459170662236
2021-12-16,7323.412,7380.997,7323.412,7380.997,17769034000,0.912436926283311
2021-12-17,7380.72,7384.018,7308.722,7314.56,19626533600,-0.9001087522457984
2021-12-20,7290.949,7313.482,7191.05,7195.973,18172785300,-1.6212458439058608
2021-12-21,7190.973,7285.721,7190.973,7275.468,17621674600,1.104715095512443
2021-12-22,7289.907,7318.605,7271.818,7302.463,17411719000,0.37104142303971965
2021-12-23,7306.159,7349.995,7290.379,7337.19,16913176000,0.4755518788660762
2021-12-24,7336.0,7339.941,7257.527,7278.756,16941870200,-0.7964084342915956
2021-12-27,7269.37,7323.876,7255.716,7272.749,14861878900,-0.08252783854824086
2021-12-28,7281.004,7290.539,7240.928,7286.034,14326204000,0.18266820427874642
2021-12-29,7275.674,7290.86,7242.302,7247.774,13620955200,-0.5251142116547758
2021-12-30,7246.031,7324.498,7244.222,7310.96,14165111100,0.8717987067477395
2021-12-31,7320.936,7368.13,7317.705,7359.402,14990900300,0.6625942420694475
2022-01-04,7387.806,7392.102,7317.501,7354.456,20081001800,-0.06720654748850752
2022-01-05,7343.9,7346.262,7200.731,7222.675,19400240400,-1.7918524497257171
2022-01-06,7187.95,7242.766,7167.808,7229.96,17333576500,0.10086290744080184
2022-01-07,7232.409,7262.805,7168.04,7175.676,20001801100,-0.7508201981753615
2022-01-10,7161.438,7193.922,7122.089,7191.451,16574887800,0.21983991473415454
2022-01-11,7187.016,7206.919,7118.838,7135.223,16949456500,-0.7818728098126559
2022-01-12,7160.176,7196.933,7148.628,7196.933,15605148300,0.8648643497196851
2022-01-13,7203.243,7203.243,7096.325,7097.759,16914896800,-1.378003657947069
2022-01-14,7063.423,7125.092,7052.635,7081.141,17559119800,-0.23413023744537353
2022-01-17,7080.616,7169.345,7078.663,7157.859,16177971900,1.0834129697459893
2022-01-18,7163.128,7191.005,7133.195,7163.159,17923539100,0.07404448732504232
2022-01-19,7144.477,7182.062,7078.361,7118.762,16317836800,-0.6197963775479542
2022-01-20,7119.51,7135.776,7040.014,7056.785,16866628200,-0.870614862528063
2022-01-21,7037.939,7040.425,6965.333,6976.616,14467978900,-1.1360555833853536
2022-01-24,6942.918,7006.701,6925.771,6979.246,12267956400,0.03769735929282092
2022-01-25,6959.995,6979.483,6743.957,6743.957,15033724400,-3.3712667528841944
2022-01-26,6762.351,6799.813,6721.896,6782.576,12061531000,0.5726459999670697
2022-01-27,6781.608,6785.727,6605.916,6605.916,12524375600,-2.60461511968314
2022-01-28,6690.176,6690.176,6510.181,6580.53,12708881900,-0.38429189835293975
2022-02-07,6664.568,6702.332,6656.131,6676.612,14509261900,1.4600951595084233
2022-02-08,6678.989,6742.402,6599.367,6742.192,15959857500,0.9822347022711453
2022-02-09,6736.751,6848.695,6725.798,6843.027,16282272100,1.4955818523115338
2022-02-10,6841.161,6864.686,6797.007,6840.485,15491656500,-0.03714730337904815
2022-02-11,6811.78,6840.721,6735.894,6745.024,15980135400,-1.3955297029377256
2022-02-14,6711.588,6765.516,6667.49,6695.696,13708245900,-0.7313243066295994
2022-02-15,6700.818,6762.859,6686.949,6760.278,11280576000,0.9645300503487553
2022-02-16,6779.208,6788.364,6751.8,6772.034,10841400300,0.17389817400998986
2022-02-17,6764.334,6797.615,6730.18,6768.789,12298508900,-0.04791765664495795
2022-02-18,6734.519,6835.203,6727.816,6835.022,13995263800,0.9785059040841704
2022-02-21,6843.084,6871.993,6822.876,6867.113,14514631300,0.4695083644207676
2022-02-22,6827.047,6827.047,6743.849,6784.762,14860991500,-1.1992084592171492
2022-02-23,6785.103,6889.696,6785.103,6887.424,14411662000,1.5131260315395023
2022-02-24,6861.412,6898.414,6688.753,6764.876,21084975500,-1.7793009403806126
2022-02-25,6805.637,6895.044,6801.327,6819.431,15642913900,0.8064449370542626
2022-02-28,6831.488,6853.343,6770.051,6853.308,13960138800,0.49677165147650193
2022-03-01,6868.622,6889.331,6837.247,6874.045,13771721800,0.3025838033253514
2022-03-02,6853.072,6878.35,6828.063,6875.24,13711497800,0.017384233009809513
2022-03-03,6900.977,6907.409,6843.987,6859.552,18909178100,-0.22818112531344248
2022-03-04,6823.835,6871.086,6779.414,6803.834,17741188200,-0.8122687895652625
2022-03-07,6800.767,6800.816,6628.483,6659.39,16648459400,-2.1229794848022343
2022-03-08,6650.58,6665.947,6416.8,6429.889,18629607900,-3.4462766109208176
2022-03-09,6443.202,6462.478,6066.764,6305.609,19780274000,-1.932848296448042
2022-03-10,6424.912,6475.144,6390.725,6414.94,15315235500,1.733869004564026
2022-03-11,6343.186,6479.721,6270.023,6474.127,15211450300,0.9226430800600038
2022-03-14,6419.239,6490.612,6323.578,6323.578,13795400500,-2.325394605326714
2022-03-15,6272.443,6278.069,5964.981,5964.981,19471374500,-5.670792706281169
2022-03-16,6068.9,6173.788,5824.33,6156.271,17882684700,3.2068836430493297
2022-03-17,6233.644,6369.888,6225.98,6267.524,17043854100,1.8071491654607197
2022-03-18,6249.476,6338.224,6231.726,6332.217,15262021400,1.0321938934737096
2022-03-21,6340.559,6389.21,6284.853,6358.943,15965372300,0.42206386799441553
2022-03-22,6343.4,6404.827,6313.274,6358.109,15110787400,-0.013115387258544331
2022-03-23,6368.313,6420.159,6353.336,6398.101,14317935800,0.628992047792809
2022-03-24,6370.971,6384.405,6315.142,6344.115,13774908600,-0.8437816158263223
2022-03-25,6346.711,6373.466,6268.238,6268.238,13497225600,-1.1960218249511434
2022-03-28,6230.121,6322.128,6176.248,6283.281,14485788700,0.23998769670199316
2022-03-29,6289.476,6316.313,6233.282,6253.069,14136212400,-0.4808315910111216
2022-03-30,6272.002,6377.874,6261.804,6377.874,16401457500,1.9958999332967409
2022-03-31,6361.104,6383.074,6313.966,6324.961,17690394800,-0.8296338246882806
2022-04-01,6289.39,6373.26,6274.001,6364.521,17512859600,0.6254584020359832
2022-04-06,6363.002,6363.002,6279.072,6356.927,19685358400,-0.11931769884960808
2022-04-07,6321.809,6364.628,6221.591,6221.591,19076219200,-2.128953187601479
2022-04-08,6227.195,6237.915,6117.014,6224.117,18395489200,0.0406005473519544
2022-04-11,6202.023,6202.023,6001.566,6029.894,17838481200,-3.120490826248923
2022-04-12,6019.674,6135.57,5964.389,6126.907,17318018800,1.608867419559945
2022-04-13,6094.685,6129.659,6039.923,6044.326,16704306000,-1.347841578140485
2022-04-14,6074.134,6156.496,6060.681,6126.49,15903310600,1.3593575197631491
2022-04-15,6094.122,6122.29,6048.16,6070.749,18462700000,-0.9098358113699634
2022-04-18,6019.531,6094.671,5975.446,6074.007,14918638000,0.05366718340684695
2022-04-19,6067.48,6106.931,6052.096,6092.396,14199753400,0.3027490748693573
2022-04-20,6082.812,6093.783,5942.005,5956.921,15105560300,-2.223673576044616
2022-04-21,5933.789,5971.194,5742.418,5759.801,15785450500,-3.3090920628291
2022-04-22,5728.193,5794.335,5667.338,5740.984,13999759800,-0.32669531464715185
2022-04-25,5656.394,5656.394,5369.717,5369.717,18675348000,-6.466957580791044
2022-04-26,5374.255,5434.704,5225.207,5234.006,17129943300,-2.5273398951937143
2022-04-27,5179.031,5440.069,5158.476,5437.037,17969338400,3.879074651423786
2022-04-28,5398.904,5472.823,5339.609,5418.764,15503977300,-0.33608378975533704
2022-04-29,5458.915,5630.933,5443.665,5627.902,18128951200,3.859514826628363
2022-05-05,5612.496,5728.616,5606.941,5686.702,16864320800,1.0447943123387704
2022-05-06,5560.976,5629.647,5542.181,5563.769,15299334100,-2.1617626525884392
2022-05-09,5552.476,5626.591,5537.975,5608.516,13155392900,0.8042569704098002
2022-05-10,5532.6,5698.514,5519.472,5690.087,16532961300,1.4544132529888731
2022-05-11,5697.429,5856.192,5696.702,5737.817,18516362700,0.8388272446449241
2022-05-12,5707.556,5779.32,5687.175,5743.101,13921616900,0.09209077250109665
2022-05-13,5765.317,5796.801,5731.86,5796.801,13655977500,0.9350349227708277
2022-05-16,5840.243,5855.723,5767.545,5791.081,15138727500,-0.09867511408447882
2022-05-17,5789.916,5816.338,5724.445,5816.338,13082939100,0.4361361894264615
2022-05-18,5815.605,5846.844,5785.455,5797.49,12724384500,-0.3240526943241617
2022-05-19,5708.801,5838.407,5700.106,5838.407,13662374000,0.7057709457023664
2022-05-20,5854.014,5929.542,5849.761,5929.488,16572732900,1.5600317004278663
2022-05-23,5941.142,5968.851,5908.659,5965.728,15387601700,0.6111826181282476
2022-05-24,5962.149,5967.233,5745.675,5745.675,17754083400,-3.6886193939783984
2022-05-25,5741.235,5844.282,5736.139,5844.255,14359063500,1.7157253064261413
2022-05-26,5848.026,5928.707,5780.97,5911.561,16235036200,1.151660904597751
2022-05-27,5921.332,5952.615,5854.61,5899.915,14340686200,-0.19700380322557054
2022-05-30,5918.243,5942.997,5867.192,5942.832,13385264700,0.7274172594011974
2022-05-31,5940.372,6033.473,5902.275,6026.237,15594491800,1.4034554569269275
2022-06-01,6008.752,6042.372,5970.493,6023.644,15536577300,-0.04302851016313447
2022-06-02,6000.618,6084.317,5987.641,6078.435,15957167500,0.9095989072395394
2022-06-06,6079.885,6194.426,6070.707,6187.444,18267996300,1.7933728007291316
2022-06-07,6186.577,6199.723,6136.039,6186.567,17731171800,-0.014173865654387718
2022-06-08,6184.96,6227.329,6110.06,6217.828,18642886400,0.5053044766184511
2022-06-09,6207.727,6209.11,6088.464,6130.686,17212977500,-1.4014861781316723
2022-06-10,6083.501,6250.363,6078.785,6240.103,19254134000,1.7847431755598109
2022-06-13,6188.766,6250.681,6172.915,6233.619,18813239700,-0.10390854125325033
2022-06-14,6161.62,6278.972,6061.191,6275.565,19740316500,0.6728996430484413
2022-06-15,6275.371,6398.359,6261.039,6261.061,23814076500,-0.23111863234624996
2022-06-16,6262.287,6330.35,6242.329,6264.822,19461508300,0.06006969106355786
2022-06-17,6220.583,6328.361,6181.854,6316.309,16785912900,0.8218429829291329
2022-06-20,6323.406,6359.0,6277.216,6330.394,17520714600,0.22299415687230262
2022-06-21,6324.841,6337.083,6215.292,6277.001,16446163000,-0.8434388128132353
2022-06-22,6281.867,6285.652,6176.851,6179.57,15409431800,-1.5521902895984985
2022-06-23,6186.987,6300.475,6142.937,6300.475,16826604400,1.9565277195662478
2022-06-24,6306.829,6378.498,6304.082,6368.283,15771270400,1.0762363155158994
2022-06-27,6398.36,6449.338,6390.285,6407.745,16891819100,0.6196646725655786
2022-06-28,6412.44,6506.665,6392.109,6501.352,17058271100,1.460841528494039
2022-06-29,6479.17,6501.393,6370.016,6374.297,19072830800,-1.9542858162425292
2022-06-30,6385.215,6493.091,6385.215,6454.078,16384677500,1.2516046867599773
2022-07-01,6450.75,6481.149,6423.857,6438.538,14420464300,-0.24077800113355696
2022-07-04,6445.075,6524.295,6405.379,6523.131,15781996900,1.3138541699994732
2022-07-05,6535.454,6548.302,6435.737,6511.53,18662546900,-0.17784404452402258
2022-07-06,6489.021,6496.972,6359.466,6418.545,17710450200,-1.4280053996526099
2022-07-07,6414.408,6482.418,6380.167,6452.986,15735112300,0.5365857838497634
2022-07-08,6478.291,6490.149,6404.161,6404.439,15098669800,-0.7523183840783099
2022-07-11,6387.449,6387.449,6274.738,6319.14,15199366600,-1.33187309614472
2022-07-12,6317.878,6346.514,6238.563,6241.479,14451309200,-1.228980525831047
2022-07-13,6238.68,6287.64,6207.722,6268.494,14271072300,0.4328301032495485
2022-07-14,6267.472,6339.422,6254.682,6302.432,14035405000,0.5414059581136943
2022-07-15,6279.677,6323.535,6196.8,6196.8,15838682800,-1.6760514036486152
2022-07-18,6216.1,6315.656,6200.52,6312.356,15914462400,1.8647689129873468
2022-07-19,6318.837,6347.243,6283.402,6335.709,14638478000,0.3699569542655823
2022-07-20,6353.003,6416.872,6351.818,6410.709,14293257300,1.1837664892753175
2022-07-21,6400.066,6408.458,6347.598,6347.598,14821018400,-0.9844620930383852
2022-07-22,6353.925,6371.318,6236.343,6289.533,13062066900,-0.9147554712822026
2022-07-25,6297.1,6319.18,6213.474,6231.236,12945802900,-0.9268891664929724
2022-07-26,6239.209,6319.249,6213.837,6307.956,11727654100,1.231216407146185
2022-07-27,6301.608,6344.207,6286.352,6332.233,12043512700,0.38486317913442036
2022-07-28,6361.273,6393.727,6339.55,6348.166,13847342900,0.25161739942292094
2022-07-29,6356.52,6365.26,6285.719,6294.114,13792579200,-0.851458515735104
2022-08-01,6293.383,6350.038,6253.055,6347.221,12867901200,0.8437565636720379
2022-08-02,6288.606,6288.606,6095.057,6169.996,18290253900,-2.792166839629495
2022-08-03,6171.617,6261.91,6111.22,6124.315,14721340900,-0.740373251457549
2022-08-04,6160.486,6177.617,6080.101,6158.735,11364638100,0.5620220383830699
2022-08-05,6175.481,6274.273,6163.505,6270.511,12428444800,1.8149181609535159
2022-08-08,6266.567,6324.34,6249.616,6323.075,11613293400,0.8382729892348451
2022-08-09,6314.104,6344.84,6290.872,6341.481,11696665300,0.29109254595272027
2022-08-10,6331.413,6362.291,6298.861,6322.056,11889992800,-0.3063164582532085
2022-08-11,6349.496,6439.359,6341.722,6439.359,14203828400,1.8554565160447956
2022-08-12,6425.11,6463.067,6416.291,6420.853,14039991700,-0.28738885345576115
2022-08-15,6405.717,6462.538,6394.218,6442.809,13362748200,0.3419483361478681
2022-08-16,6446.76,6492.54,6440.376,6465.187,13584149500,0.3473329723106655
2022-08-17,6473.253,6501.362,6428.965,6493.505,14622031900,0.4380074389186195
2022-08-18,6481.37,6483.693,6448.746,6468.806,13045175900,-0.38036468748388064
2022-08-19,6468.823,6477.314,6390.933,6391.716,14259085100,-1.1917191518805659
2022-08-22,6381.34,6472.794,6363.218,6472.68,13373550000,1.2667020875145152
2022-08-23,6460.172,6475.823,6436.081,6466.405,13367637700,-0.09694593275120233
2022-08-24,6470.686,6472.683,6277.989,6284.577,15810387200,-2.811886975838962
2022-08-25,6303.145,6327.092,6225.676,6322.696,14194636700,0.6065483802648819
2022-08-26,6331.079,6381.483,6286.523,6298.374,13040583700,-0.3846776754726222
2022-08-29,6213.402,6310.993,6205.127,6310.402,12526884900,0.19096992334848295
2022-08-30,6309.579,6319.17,6248.138,6285.927,13210920000,-0.3878516772782503
2022-08-31,6265.593,6280.186,6132.233,6155.746,14727540800,-2.0709912794087404
2022-09-01,6153.287,6207.244,6118.577,6126.769,11857505400,-0.4707309235956081
2022-09-02,6135.296,6176.171,6117.727,6149.427,10656438400,0.369819720639053
2022-09-05,6147.706,6184.804,6122.619,6182.647,11747924400,0.5402129336603334
2022-09-06,6198.487,6292.532,6187.952,6291.571,12984604000,1.7617696756745183
2022-09-07,6269.991,6314.118,6256.613,6301.564,12016029200,0.15883155415397088
2022-09-08,6299.907,6309.897,6266.518,6272.575,11616426900,-0.46002865320419195
2022-09-09,6275.898,6321.823,6254.261,6316.972,12138922800,0.7077954428603928
2022-09-13,6334.861,6343.774,6291.445,6300.422,11810631400,-0.2619926129164396
2022-09-14,6214.912,6273.634,6206.925,6249.963,10912116000,-0.8008828614972097
2022-09-15,6280.446,6282.693,6053.799,6107.796,14164350000,-2.274685466137949
2022-09-16,6091.42,6102.542,5954.504,5954.504,13717211500,-2.509776030502664
2022-09-19,5947.857,5967.655,5880.494,5913.149,10402541200,-0.6945162854874121
2022-09-20,5949.336,6002.792,5940.581,5958.292,8881300000,0.7634341701858061
2022-09-21,5943.094,5998.7,5876.516,5978.581,10346364400,0.34051704750286405
2022-09-22,5938.099,6015.119,5931.731,5965.885,9986760200,-0.21235808296315994
2022-09-23,5961.062,5986.821,5839.932,5889.602,10060943700,-1.2786535442771751
2022-09-26,5841.578,5922.32,5798.279,5806.318,10324436000,-1.4140853660400077
2022-09-27,5823.548,5920.053,5808.252,5920.053,9741802200,1.958814518942975
2022-09-28,5910.049,5910.049,5769.52,5769.52,9369485300,-2.542764397548458
2022-09-29,5823.272,5856.16,5741.018,5771.881,9538579800,0.04092194844631525
2022-09-30,5764.152,5804.202,5714.063,5714.063,8554516800,-1.0017185038984744
2022-10-10,5729.755,5758.042,5618.804,5635.711,9746934500,-1.3712134430439393
2022-10-11,5642.479,5703.271,5606.994,5684.506,8657146900,0.865817995280449
2022-10-12,5680.364,5820.454,5594.297,5820.454,10610175700,2.3915534612858114
2022-10-13,5789.661,5876.476,5780.176,5830.336,10572226800,0.16978057038163907
2022-10-14,5866.859,5996.044,5866.859,5973.439,11821224500,2.454455455054383
2022-10-17,5952.38,6023.526,5945.428,6015.596,11146186900,0.7057408638474261
2022-10-18,6031.047,6074.373,5996.393,6035.674,10575019500,0.3337657648552206
2022-10-19,6021.8,6037.443,5970.437,5972.723,9388106500,-1.042982109371715
2022-10-20,5943.477,6035.552,5886.396,5948.862,10338824500,-0.3994995247561306
2022-10-21,5959.207,5993.876,5928.919,5956.881,9682629500,0.1347988909475406
2022-10-24,5968.542,6061.208,5857.858,5896.903,11950108100,-1.0068691988307288
2022-10-25,5864.025,5926.568,5785.409,5869.781,10704585400,-0.4599363428565817
2022-10-26,5871.077,6016.917,5871.077,5971.601,11653007900,1.7346473403351714
2022-10-27,5978.285,6020.893,5962.974,5963.004,11708821900,-0.143964742453484
2022-10-28,5922.819,5934.797,5760.045,5781.797,13167633200,-3.038854241922362
2022-10-31,5745.078,5859.597,5743.555,5807.106,12701606400,0.4377358803846043
2022-11-01,5814.215,5942.136,5786.871,5941.145,13661677600,2.3081893115090457
2022-11-02,5925.651,6028.767,5916.061,5997.804,14233028600,0.9536713882593251
2022-11-03,5944.511,6018.418,5937.605,5996.719,10638690600,-0.018089954256594876
2022-11-04,5996.305,6157.428,5996.305,6133.463,13870711100,2.280313618163521
2022-11-07,6133.239,6166.191,6100.606,6141.409,13809240900,0.12955160893608486
2022-11-08,6139.89,6141.023,6095.445,6134.256,10826753100,-0.11647164355931272
2022-11-09,6140.542,6182.338,6118.729,6120.829,10476225000,-0.21888555026070566
2022-11-10,6085.285,6119.035,6061.808,6089.695,11640192800,-0.5086565888378858
2022-11-11,6223.228,6249.349,6134.682,6138.621,17649212100,0.8034228315211278
2022-11-14,6140.188,6189.383,6104.93,6129.513,15948672500,-0.14837208552214154
2022-11-15,6125.107,6236.384,6112.619,6236.384,14986096500,1.7435479784446262
2022-11-16,6238.584,6263.156,6190.012,6203.917,12977037600,-0.5206061717815902
2022-11-17,6182.691,6217.205,6148.615,6217.205,12343019600,0.21418726266002608
2022-11-18,6213.091,6251.107,6181.554,6191.648,13118109300,-0.41106896105242985
2022-11-21,6147.717,6196.647,6116.296,6189.709,11285438700,-0.03131637974251866
2022-11-22,6178.163,6196.196,6100.113,6125.4,11608602400,-1.0389664522193254
2022-11-23,6114.269,6140.114,6045.024,6115.605,11519351700,-0.15990792438045354
2022-11-24,6126.598,6149.96,6099.75,6120.066,10020069900,0.07294454105521986
2022-11-25,6095.126,6107.073,6062.003,6087.859,10774234500,-0.5262524946626268
2022-11-28,5999.855,6059.016,5970.086,6055.284,11794010700,-0.5350813808269961
2022-11-29,6071.449,6173.849,6071.224,6163.821,15532447100,1.7924345084392446
2022-11-30,6156.772,6175.682,6118.902,6156.147,15464797200,-0.12450069526678265
2022-12-01,6211.291,6229.834,6186.102,6186.102,15252332500,0.4865868212698521
2022-12-02,6177.923,6206.986,6154.209,6168.013,11550097500,-0.29241354248604745
2022-12-05,6201.98,6227.214,6182.976,6215.124,17047721100,0.7637954070459863
2022-12-06,6202.524,6244.638,6185.494,6211.252,14937281500,-0.0622996419701316
2022-12-07,6198.053,6243.902,6183.334,6204.005,13782124600,-0.116675349832851
2022-12-08,6199.164,6206.141,6168.781,6186.284,13105132500,-0.2856380676675818
2022-12-09,6185.794,6213.517,6159.504,6192.301,16780682500,0.0972635591899973
2022-12-12,6181.244,6182.078,6146.255,6154.809,13409831000,-0.6054615239149408
2022-12-13,6153.738,6154.297,6113.414,6121.662,10485751500,-0.5385544864186631
2022-12-14,6122.432,6139.738,6084.08,6096.386,9508991600,-0.41289440678037304
2022-12-15,6090.118,6108.96,6078.004,6101.879,8819045400,0.09010256240336023
2022-12-16,6071.956,6087.458,6036.051,6072.863,9391067200,-0.4755256536552066
2022-12-19,6058.894,6081.444,5911.88,5936.475,10510620100,-2.2458599839976667
2022-12-20,5919.027,5920.987,5857.858,5878.031,7862327300,-0.9844899540552343
2022-12-21,5879.272,5892.907,5819.668,5845.835,6978343100,-0.5477344369228421
2022-12-22,5867.724,5875.474,5761.984,5779.056,8223187300,-1.142334670752776
2022-12-23,5751.949,5805.51,5732.471,5763.346,6655686500,-0.27184370596167184
2022-12-26,5769.069,5850.912,5769.069,5843.256,7542413300,1.3865209550146806
2022-12-27,5857.754,5891.354,5832.27,5885.662,8178042300,0.725725520155196
2022-12-28,5869.456,5889.318,5848.242,5862.097,9009889800,-0.40037977036399
2022-12-29,5843.943,5895.981,5835.334,5857.402,7951079400,-0.08009079344813985
2022-12-30,5875.279,5885.89,5848.955,5864.467,7534503200,0.12061661466977736
2023-01-03,5861.55,5964.819,5848.146,5955.897,9955783700,1.5590504644326542
2023-01-04,5952.506,5970.576,5922.865,5952.454,9716044100,-0.05780825289625202
2023-01-05,5959.438,6017.341,5950.09,6010.464,9662997900,0.9745560402482756
2023-01-06,6004.173,6050.887,5998.835,6012.815,9924487700,0.03911511657002098
2023-01-09,6028.399,6070.161,6023.639,6040.019,10069682900,0.4524336770713955
2023-01-10,6044.641,6053.585,6017.152,6048.297,9639335100,0.13705254900686636
2023-01-11,6049.039,6070.448,6004.219,6014.157,9440638900,-0.564456408142644
2023-01-12,6022.561,6048.189,5995.911,6015.287,9290012400,0.018789000686214585
2023-01-13,6030.93,6058.225,6015.218,6057.69,9002502000,0.7049206463465296
2023-01-16,6068.912,6168.745,6068.14,6126.177,12961973000,1.130579478315985
2023-01-17,6129.735,6138.174,6107.761,6132.639,9592169900,0.10548177109477308
2023-01-18,6139.691,6168.374,6136.97,6151.456,9455583600,0.3068336486135914
2023-01-19,6145.621,6204.326,6130.424,6204.326,9977779300,0.8594713186601766
2023-01-20,6214.025,6253.269,6214.025,6251.434,11390454200,0.7592766724379141
2023-01-30,6331.876,6342.449,6279.451,6283.327,14651792000,0.5101709463780635
2023-01-31,6266.296,6303.912,6259.528,6289.15,13530209300,0.09267383346434066
2023-02-01,6300.5,6368.791,6293.492,6365.905,15244222000,1.2204351939451241
2023-02-02,6383.298,6402.264,6347.729,6370.141,14929281100,0.06654199206554967
2023-02-03,6354.714,6354.714,6267.438,6343.686,12150718200,-0.41529692984817457
2023-02-06,6314.6,6330.793,6274.543,6302.335,10848530800,-0.6518449998943798
2023-02-07,6309.221,6318.841,6273.595,6317.238,10966268300,0.2364679122896618
2023-02-08,6319.516,6323.849,6263.763,6268.276,10599489500,-0.7750539080528585
2023-02-09,6256.312,6354.803,6250.455,6354.562,10903111900,1.376550745372418
2023-02-10,6348.999,6368.488,6296.548,6334.252,12010082900,-0.31961290172319856
2023-02-13,6333.219,6386.724,6331.369,6383.828,13156622700,0.7826654196896543
2023-02-14,6394.62,6408.551,6369.573,6397.215,12467438900,0.20970176514780725
2023-02-15,6398.874,6407.753,6365.311,6384.348,11590702200,-0.20113439989120074
2023-02-16,6384.215,6429.053,6244.479,6289.479,16838841600,-1.4859622313821208
2023-02-17,6284.923,6308.568,6237.405,6237.405,11721098500,-0.8279541119383782
2023-02-20,6248.256,6349.407,6227.349,6346.068,14033407500,1.7421187176397845
2023-02-21,6349.907,6396.742,6337.598,6383.425,14182471400,0.5886637205904544
2023-02-22,6352.028,6397.145,6344.986,6375.068,10908302900,-0.1309171800404907
2023-02-23,6377.293,6396.656,6328.644,6360.32,11606465400,-0.23133870885769792
2023-02-24,6367.631,6372.492,6308.221,6340.844,9695728100,-0.306211008251156
2023-02-27,6318.639,6349.091,6288.299,6307.206,10108273800,-0.5304972019497756
2023-02-28,6323.842,6357.535,6293.179,6357.535,9660316300,0.7979603012807868
2023-03-01,6356.504,6410.522,6340.005,6402.141,12390763900,0.7016241357695963
2023-03-02,6398.256,6410.231,6375.007,6382.232,12534929700,-0.31097409444745816
2023-03-03,6384.064,6398.471,6346.959,6390.318,12323477500,0.12669548834953748
2023-03-06,6398.102,6405.82,6362.472,6395.219,12684563400,0.0766941488670847
2023-03-07,6389.811,6396.541,6284.22,6284.299,13792886900,-1.7344206664384743
2023-03-08,6264.432,6303.711,6258.317,6301.516,9869835700,0.27396850468126566
2023-03-09,6311.042,6311.335,6258.45,6285.952,9268891400,-0.24698818506529996
2023-03-10,6251.56,6261.33,6202.612,6204.899,10805229000,-1.2894307815268014
2023-03-13,6189.976,6245.003,6178.672,6245.003,10800655200,0.646328006305974
2023-03-14,6237.731,6243.418,6127.688,6189.397,12120014500,-0.8904078989233399
2023-03-15,6210.928,6254.486,6210.928,6224.64,11294852800,0.5694092655552874
2023-03-16,6191.296,6209.973,6133.833,6140.832,12763268500,-1.3463911165946918
2023-03-17,6174.192,6233.753,6169.844,6183.184,13710833400,0.6896785321597987
2023-03-20,6195.351,6201.974,6152.808,6160.354,14558089100,-0.36922724602729273
2023-03-21,6171.886,6235.006,6171.283,6234.679,12302533100,1.2065053404398451
2023-03-22,6244.362,6271.523,6242.157,6269.738,12826638600,0.5623224547727457
2023-03-23,6253.577,6305.759,6245.983,6305.759,12917964800,0.5745216147788001
2023-03-24,6312.431,6315.68,6279.541,6310.098,14102098900,0.06881011469039855
2023-03-27,6304.479,6320.662,6265.005,6311.6,14466486300,0.023803116845422245
2023-03-28,6314.582,6331.558,6272.717,6279.922,13915610400,-0.5019012611699236
2023-03-29,6285.954,6294.295,6239.937,6260.551,13154828400,-0.3084592451944368
2023-03-30,6257.64,6287.44,6213.975,6286.177,12321859900,0.4093249939182586
2023-03-31,6284.852,6343.23,6282.14,6339.818,12948983500,0.8533167297071209
2023-04-03,6346.693,6419.869,6346.693,6413.807,16392104800,1.1670524295807727
2023-04-04,6414.818,6423.306,6377.532,6408.899,15749175500,-0.0765224148465915
2023-04-06,6387.229,6428.722,6382.033,6416.846,14406444800,0.12399945762913145
2023-04-07,6418.26,6470.089,6416.681,6464.466,12796462500,0.742109129625379
2023-04-10,6474.942,6476.217,6395.375,6410.522,14513418700,-0.8344695447388917
2023-04-11,6405.628,6421.486,6381.057,6420.877,14239910900,0.1615313074348812
2023-04-12,6415.704,6450.349,6407.2,6443.439,14944795600,0.35138502108045255
2023-04-13,6438.164,6451.786,6396.017,6404.646,15619957300,-0.6020542756748459
2023-04-14,6420.312,6444.886,6390.918,6431.069,14530066800,0.41255988231043705
2023-04-17,6422.867,6459.24,6421.394,6459.24,16882307900,0.4380453700621123
2023-04-18,6448.757,6462.249,6422.053,6449.853,14347134100,-0.14532669478142246
2023-04-19,6444.873,6456.149,6404.994,6416.97,14869977400,-0.5098255727688628
2023-04-20,6408.808,6413.079,6376.349,6411.756,15050129400,-0.08125330179196144
2023-04-21,6411.514,6411.514,6250.545,6250.545,16231329700,-2.514303413916563
2023-04-24,6250.964,6260.54,6184.712,6208.78,14769484500,-0.668181734552753
2023-04-25,6205.618,6208.403,6042.642,6118.153,16245927700,-1.459658741330816
2023-04-26,6095.134,6178.168,6093.198,6142.154,15216635400,0.3922915951922068
2023-04-27,6127.644,6190.25,6121.61,6157.936,14313611600,0.25694569038807735
2023-04-28,6151.643,6245.55,6151.643,6241.244,16787648200,1.3528558919742029
2023-05-04,6223.226,6264.516,6218.782,6262.389,20248797000,0.3387946377356954
2023-05-05,6255.704,6256.229,6172.693,6200.576,17826101700,-0.9870514271789865
2023-05-08,6202.679,6259.687,6200.147,6248.583,20271825500,0.774234522728201
2023-05-09,6242.662,6274.898,6177.654,6181.976,22438946700,-1.0659536730167507
2023-05-10,6167.135,6199.161,6137.154,6173.809,17545372700,-0.13210986260703272
2023-05-11,6185.669,6190.391,6151.07,6154.47,14606494600,-0.3132426027433022
2023-05-12,6138.94,6173.912,6088.224,6091.646,14041066400,-1.0207865177667697
2023-05-15,6094.676,6159.389,6036.814,6159.389,14984358300,1.112063964320975
2023-05-16,6159.169,6159.169,6095.688,6110.827,12184111600,-0.7884223581267502
2023-05-17,6097.977,6137.017,6090.882,6122.052,10726634900,0.18369035811354184
2023-05-18,6132.518,6153.992,6101.244,6128.176,12294211100,0.10003181939650663
2023-05-19,6116.843,6149.143,6085.044,6117.083,11930489600,-0.18101634156723057
2023-05-22,6111.845,6136.863,6086.233,6115.315,11271568200,-0.028902664881280682
2023-05-23,6114.214,6117.36,6052.43,6052.43,11110424400,-1.0283198821319783
2023-05-24,6032.689,6058.395,5988.028,6005.791,10722341400,-0.7705830550704396
2023-05-25,6000.219,6028.639,5926.204,5988.189,10992283200,-0.2930837919601248
2023-05-26,5983.137,6045.129,5953.881,6034.983,10638158800,0.7814382612171933
2023-05-29,6046.543,6058.921,6012.401,6025.155,12513941700,-0.16285050015882874
2023-05-30,6008.462,6061.309,5960.337,6061.309,12731201700,0.6000509530460274
2023-05-31,6044.02,6063.193,6009.248,6047.802,11747610600,-0.2228396539427413
2023-06-01,6028.803,6094.24,6008.271,6051.46,12625031500,0.06048478438944738
2023-06-02,6061.911,6115.068,6061.911,6105.218,12230673800,0.8883476053712647
2023-06-05,6102.13,6107.121,6075.592,6097.106,11574795300,-0.13286994829668775
2023-06-06,6088.663,6089.075,5969.295,5983.42,12304538700,-1.864589528212235
2023-06-07,5982.309,6010.03,5969.159,5987.011,9359789200,0.06001584378165781
2023-06-08,5971.725,5992.969,5922.387,5966.148,10898163200,-0.34847104840796117
2023-06-09,5968.7,6017.281,5960.106,6009.583,12755343200,0.7280241790850628
2023-06-12,5999.617,6045.659,5987.268,6027.712,11361247100,0.30166818562953335
2023-06-13,6016.686,6047.06,6014.063,6044.037,9868029800,0.27083244853105537
2023-06-14,6046.438,6064.29,6034.472,6044.077,10968902100,0.0006618093171928408
2023-06-15,6049.468,6100.234,6046.162,6096.808,11841773400,0.8724409037144998
2023-06-16,6094.844,6154.932,6091.185,6148.013,11534956800,0.8398657133372067
2023-06-19,6148.855,6148.855,6126.388,6131.385,11378720900,-0.2704613669489597
2023-06-20,6122.745,6144.007,6100.144,6126.113,10663083200,-0.08598383562604672
2023-06-21,6104.247,6104.247,5990.787,5990.846,10644776600,-2.2080395839907063
2023-06-26,5947.57,5970.611,5875.938,5887.032,11108179100,-1.7328771262022036
2023-06-27,5897.695,5956.181,5884.949,5948.003,9303915500,1.035683176174329
2023-06-28,5945.645,5951.127,5857.131,5942.311,9394430200,-0.09569598401345525
2023-06-29,5928.709,5964.858,5924.278,5940.578,8837685700,-0.029163737811754853
2023-06-30,5931.871,6016.446,5927.936,5998.729,9450466800,0.9788778128996922
2023-07-03,6009.27,6056.163,5997.847,6042.312,11307590500,0.7265372381382695
2023-07-04,6042.722,6059.573,6027.291,6055.258,10558376500,0.214255735221891
2023-07-05,6050.346,6059.379,6011.87,6020.821,10412904100,-0.5687123488379853
2023-07-06,6010.655,6042.295,5983.484,5988.553,9396503800,-0.5359401981889222
2023-07-07,5973.976,5994.283,5936.227,5961.606,9411834600,-0.4499751442460287
2023-07-10,5980.608,6003.402,5958.731,5984.281,8516856400,0.3803505297062637
2023-07-11,5991.021,6029.232,5972.138,6029.232,8453189700,0.7511512243492557
2023-07-12,6030.645,6033.583,5960.431,5962.794,9669224100,-1.1019313902666195
2023-07-13,5986.252,6049.063,5986.252,6044.058,9965639800,1.3628510392946769
2023-07-14,6052.95,6055.528,6026.326,6030.519,9496319700,-0.22400513032799774
2023-07-17,6012.765,6018.069,5985.438,6012.69,8842021200,-0.29564619562595373
2023-07-18,6015.982,6027.606,5984.06,6001.8,8771991000,-0.18111693767680626
2023-07-19,5998.381,6017.449,5962.986,5993.413,7779103400,-0.13974141091006587
2023-07-20,5996.838,6009.427,5920.151,5925.484,9119536800,-1.1333942780182071
2023-07-21,5914.354,5961.05,5904.788,5925.626,8197530700,0.0023964287136690743
2023-07-24,5913.571,5954.237,5896.448,5916.714,7592800100,-0.15039761199914237
2023-07-25,5976.968,6016.754,5971.732,6016.631,13189639200,1.688724518372875
2023-07-26,6014.761,6015.583,5984.391,6001.54,12182521900,-0.2508214314622337
2023-07-27,5998.849,6017.671,5952.893,5961.184,12300082500,-0.6724274102980154
2023-07-28,5945.914,6049.764,5932.06,6043.244,16317187100,1.3765721708975942
2023-07-31,6059.11,6133.718,6059.11,6088.243,18655110300,0.7446166330533854
2023-08-01,6086.898,6113.984,6077.105,6098.879,18758860000,0.17469736342652364
2023-08-02,6088.136,6111.244,6059.865,6077.465,14715452900,-0.35111370466605063
2023-08-03,6062.643,6101.811,6047.676,6098.687,14647901100,0.3491916448716603
2023-08-04,6126.15,6164.155,6105.639,6128.556,19694350100,0.4897611567866944
2023-08-07,6115.836,6117.916,6072.535,6090.731,14531913700,-0.6171926959629648
2023-08-08,6077.303,6088.098,6044.238,6066.102,12154572800,-0.4043685396711849
2023-08-09,6049.449,6062.024,6012.247,6021.751,9880917400,-0.731128490750732
2023-08-10,6013.35,6040.461,5999.563,6031.711,9984263800,0.16540039599777234
2023-08-11,6030.045,6030.045,5913.35,5913.35,11307200700,-1.9623121863763027
2023-08-14,5864.482,5919.804,5833.463,5916.803,10367570600,0.058393296523950866
2023-08-15,5919.769,5926.42,5830.97,5879.778,9241738100,-0.6257602289614805
2023-08-16,5858.597,5891.812,5833.216,5833.216,10495042500,-0.7919006465890388
2023-08-17,5808.91,5882.151,5778.529,5874.361,11357638400,0.7053570448959823
2023-08-18,5875.11,5891.398,5777.797,5777.797,10293184500,-1.6438213449939565
2023-08-21,5764.668,5802.512,5710.778,5710.778,9283569800,-1.159940371736834
2023-08-22,5733.255,5754.575,5646.512,5741.061,10617519300,0.5302780111571481
2023-08-23,5732.394,5732.394,5629.5,5629.5,9418672500,-1.9432122389920536
2023-08-24,5650.359,5701.321,5619.333,5652.673,10808677100,0.4116351363353754
2023-08-25,5624.77,5648.624,5560.217,5581.212,10624160200,-1.264198371283809
2023-08-28,5885.884,5887.509,5631.694,5644.141,18574561900,1.1275149555329378
2023-08-29,5631.006,5789.962,5626.518,5770.316,16085189500,2.23550403861279
2023-08-30,5780.285,5817.734,5753.216,5775.153,13600438400,0.08382556518569118
2023-08-31,5770.953,5777.422,5728.473,5739.398,11633513400,-0.619117796532842
2023-09-01,5746.413,5775.177,5732.967,5750.803,10417910300,0.19871422055064425
2023-09-04,5772.027,5829.784,5758.031,5829.784,13564887300,1.3733908116831728
2023-09-05,5819.967,5822.062,5779.373,5788.715,10651765800,-0.7044686389752974
2023-09-06,5771.849,5800.965,5748.647,5790.381,9048050200,0.028780135142247865
2023-09-07,5782.071,5782.071,5701.798,5702.701,9292051800,-1.5142354190510132
2023-09-08,5684.656,5732.375,5683.397,5708.623,7952002800,0.10384552863633711
2023-09-11,5723.018,5802.205,5704.7,5774.731,11283713700,1.1580375862970893
2023-09-12,5774.466,5793.829,5763.3,5770.926,8604120700,-0.06589051507333021
2023-09-13,5764.824,5770.414,5681.5,5715.397,9147247300,-0.9622199279630372
2023-09-14,5714.675,5721.207,5679.199,5702.102,9024779200,-0.2326172617580169
2023-09-15,5716.294,5741.071,5680.895,5704.663,9837596400,0.04491326181117472
2023-09-18,5685.853,5734.186,5665.579,5719.689,9230572200,0.26339855658432665
2023-09-19,5713.495,5713.6,5670.42,5687.901,8511210200,-0.5557644829989994
2023-09-20,5677.925,5689.825,5651.006,5651.006,7763415800,-0.6486575627810631
2023-09-21,5638.441,5666.696,5609.214,5611.919,8193150900,-0.691682153584694
2023-09-22,5606.835,5700.323,5603.813,5698.817,10411898200,1.5484542809687696
2023-09-25,5694.903,5699.154,5659.319,5666.664,9334071900,-0.5642048165435121
2023-09-26,5661.032,5682.279,5646.654,5646.654,7430961500,-0.3531178132318957
2023-09-27,5642.385,5701.508,5641.851,5674.345,8108624000,0.49039661364056464
2023-09-28,5687.641,5704.623,5677.531,5690.77,7947733800,0.28946072189830474
2023-10-09,5679.641,5680.952,5634.353,5658.083,9002983600,-0.5743862429864688
2023-10-10,5665.662,5678.463,5627.414,5630.371,8772642500,-0.4897771913207949
2023-10-11,5639.072,5674.254,5617.873,5629.789,9064482600,-0.010336796633836354
2023-10-12,5655.613,5677.819,5642.493,5671.642,10050298600,0.7434204017237711
2023-10-13,5645.437,5646.074,5616.851,5633.383,8939170200,-0.6745665540949131
2023-10-16,5633.301,5636.319,5559.421,5580.667,8986755000,-0.9357787318916455
2023-10-17,5585.145,5599.424,5556.574,5595.342,9251673700,0.26296139870016777
2023-10-18,5586.021,5586.021,5519.456,5524.599,9895356200,-1.2643195000412777
2023-10-19,5496.757,5529.87,5463.652,5464.027,10807833500,-1.0964053680638242
2023-10-20,5443.456,5473.211,5413.023,5423.675,9493611500,-0.7385029393156328
2023-10-23,5400.544,5400.794,5269.827,5290.334,10308312600,-2.458499080420573
2023-10-24,5311.669,5363.195,5290.505,5352.012,11474572900,1.1658621175903106
2023-10-25,5386.426,5423.014,5375.998,5375.998,11492124400,0.44816790395836303
2023-10-26,5351.163,5404.992,5337.493,5398.934,10248504400,0.42663706348107233
2023-10-27,5387.274,5514.308,5380.941,5492.027,11254280400,1.7242848310425662
2023-10-30,5484.624,5559.785,5483.159,5546.388,12303418500,0.9898166924525276
2023-10-31,5547.324,5554.19,5505.934,5528.239,10567937500,-0.3272219686037192
2023-11-01,5534.888,5534.943,5496.828,5509.966,8718578500,-0.3305392549055708
2023-11-02,5514.517,5532.851,5457.745,5459.452,9020264500,-0.916775167033701
2023-11-03,5462.144,5537.729,5462.144,5510.357,9799057600,0.9324195908307242
2023-11-06,5549.291,5609.258,5549.291,5605.062,13924104600,1.7186726740209268
2023-11-07,5594.467,5631.1,5578.513,5611.098,12057932100,0.10768837168972922
2023-11-08,5602.971,5633.971,5577.391,5608.017,12299455800,-0.05490903919339596
2023-11-09,5602.49,5638.081,5582.119,5592.057,10636280000,-0.2845925752364864
2023-11-10,5577.337,5585.212,5550.822,5573.1,9432402400,-0.33899869046397635
2023-11-13,5589.06,5605.569,5565.091,5605.569,10215893200,0.5826021424341965
2023-11-14,5602.983,5639.188,5600.784,5630.553,10107313600,0.4456996247838463
2023-11-15,5677.55,5684.747,5649.717,5664.617,11308793700,0.6049849810489283
2023-11-16,5647.061,5652.4,5609.361,5609.361,9466267700,-0.9754587115068936
2023-11-17,5598.953,5632.389,5593.49,5631.423,8942234200,0.3933068312059085
2023-11-20,5635.587,5669.385,5609.269,5659.773,10310507200,0.5034251555956715
2023-11-21,5669.165,5696.094,5634.272,5641.084,11486120500,-0.33020758959767527
2023-11-22,5622.862,5639.004,5572.899,5572.899,10471840800,-1.2087215861348533
2023-11-23,5566.733,5627.795,5548.972,5622.989,9804243200,0.898814064277853
2023-11-24,5619.319,5619.319,5556.714,5570.421,10124804400,-0.9348764509409357
2023-11-27,5562.749,5579.715,5531.655,5566.507,9821865300,-0.07026398902346687
2023-11-28,5561.577,5594.718,5529.535,5591.496,8937327200,0.44891706774106144
2023-11-29,5588.774,5593.371,5547.841,5553.335,8950915100,-0.6824828274937578
2023-11-30,5548.524,5560.328,5509.965,5545.05,8784150500,-0.14918963109554761
2023-12-01,5541.226,5576.728,5521.056,5566.869,9337170800,0.39348608218139347
2023-12-04,5578.421,5590.835,5559.068,5559.068,9930654300,-0.14013263110734808
2023-12-05,5542.867,5542.867,5460.409,5460.409,9129824800,-1.7747399384213436
2023-12-06,5448.458,5513.086,5443.074,5481.824,8837399700,0.39218673912522206
2023-12-07,5475.268,5501.478,5443.294,5481.136,8904868700,-0.012550567110491961
2023-12-08,5484.683,5522.058,5477.529,5497.99,11812377400,0.3074910018652899
2023-12-11,5473.651,5574.124,5429.443,5564.854,11860591100,1.216153539748177
2023-12-12,5560.436,5576.009,5545.162,5566.178,8423233100,0.023792178554904453
2023-12-13,5557.046,5558.057,5507.513,5507.513,7592989400,-1.0539547962713391
2023-12-14,5532.986,5557.372,5487.754,5489.327,7411809700,-0.33020348749063233
2023-12-15,5499.369,5516.22,5438.528,5449.786,8012541800,-0.7203250963187302
2023-12-18,5436.989,5448.077,5374.588,5385.27,7802249300,-1.1838263007024397
2023-12-19,5380.735,5406.959,5344.033,5379.874,7032372200,-0.10019924720581219
2023-12-20,5385.996,5388.463,5308.573,5309.287,7538709700,-1.312056750771473
2023-12-21,5286.453,5352.505,5253.315,5338.762,8152231800,0.5551592897501845
2023-12-22,5337.381,5366.235,5293.219,5311.69,9038700400,-0.5070838520241261
2023-12-25,5301.574,5339.664,5288.467,5315.375,6591877200,0.069375283572648
2023-12-26,5312.8,5313.919,5238.042,5258.284,6753200700,-1.074072854690411
2023-12-27,5261.57,5293.797,5235.456,5285.53,7539791800,0.5181538311738176
2023-12-28,5280.69,5400.236,5275.403,5382.797,10769923900,1.8402506465766022
2023-12-29,5376.977,5437.154,5374.688,5429.229,9093176600,0.8625998714051564
2024-01-02,5431.478,5439.478,5409.455,5409.455,9296474700,-0.36421377694697554
2024-01-03,5398.294,5428.52,5373.832,5401.395,8670522900,-0.14899837414303896
2024-01-04,5395.143,5395.143,5331.892,5355.322,7884656800,-0.8529833496717099
2024-01-05,5347.073,5373.679,5260.594,5281.871,8953888400,-1.3715515145494517
2024-01-08,5268.234,5268.979,5167.7,5167.7,8378515500,-2.1615635822987755
2024-01-09,5176.113,5220.458,5152.999,5180.653,7874041800,0.2506530951874142
2024-01-10,5167.732,5211.816,5118.433,5158.078,7117394600,-0.435755878650812
2024-01-11,5152.359,5243.139,5146.898,5223.863,8504129500,1.2753781544210918
2024-01-12,5213.136,5262.617,5206.161,5206.178,7661983100,-0.33854256897626334
2024-01-15,5189.528,5238.958,5171.24,5193.296,7392509700,-0.24743679528436147
2024-01-16,5188.369,5210.083,5124.082,5190.398,8307037100,-0.055802711803831784
2024-01-17,5180.925,5180.925,5061.54,5061.54,7874184900,-2.482622719876204
2024-01-18,5033.103,5069.23,4924.682,5066.958,11875105500,0.10704252065576458
2024-01-19,5056.477,5084.29,5014.767,5018.433,7846738300,-0.9576751968340735
2024-01-22,5008.68,5008.767,4753.63,4780.975,10970849200,-4.731716055589452
2024-01-23,4771.496,4889.422,4727.881,4865.743,9994471800,1.7730274682465463
2024-01-24,4886.204,4941.44,4766.804,4933.701,11402580500,1.3966623391329813
2024-01-25,4931.627,5074.494,4910.959,5073.178,13230776600,2.827025796658522
2024-01-26,5055.288,5086.129,5009.973,5027.093,11700983600,-0.9084049485352241
2024-01-29,5032.111,5050.109,4927.914,4927.914,11687665700,-1.9728896998722711
2024-01-30,4898.361,4939.351,4810.099,4814.991,9967581100,-2.291496970117579
2024-01-31,4786.813,4832.401,4690.943,4696.98,12109315800,-2.4509080079277545
2024-02-01,4667.913,4771.047,4629.99,4678.731,11147191000,-0.3885262445230686
2024-02-02,4686.1,4724.049,4435.557,4563.222,13750183200,-2.4688104530908084
2024-02-05,4527.709,4598.061,4281.24,4460.264,16595833700,-2.256256653741584
2024-02-06,4411.298,4817.118,4405.309,4805.901,17305833500,7.749249820190007
2024-02-07,4813.955,5110.804,4813.233,5109.569,22719893400,6.318648677948224
2024-02-08,5131.803,5367.224,5129.784,5150.229,21367612300,0.7957618343151784
2024-02-19,5225.138,5225.138,5074.761,5141.604,16294989300,-0.16746828150748794
2024-02-20,5107.568,5151.72,5072.884,5140.958,12164637900,-0.01256417258117537
2024-02-21,5101.411,5252.879,5074.822,5139.037,15087250100,-0.037366576424069375
2024-02-22,5133.548,5184.623,5117.68,5176.343,11661480600,0.7259336720089715
2024-02-23,5190.647,5197.712,5118.568,5197.712,13526500400,0.4128204023574389
2024-02-26,5194.737,5255.362,5162.95,5195.464,14401894400,-0.04324979914239746
2024-02-27,5174.819,5307.804,5160.878,5307.804,13897175100,2.1622707808195862
2024-02-28,5311.425,5383.319,5184.047,5184.047,20256098500,-2.331604558118583
2024-02-29,5154.149,5349.768,5154.149,5346.793,16079016500,3.1393619695191832
2024-03-01,5350.857,5387.784,5321.559,5379.048,14229839500,0.6032588132736771
2024-03-04,5386.944,5400.123,5325.964,5388.82,14392846900,0.1816678341594935
2024-03-05,5358.221,5382.983,5329.97,5351.827,14081647900,-0.6864768168170277
2024-03-06,5332.833,5405.491,5293.952,5350.102,12109956400,-0.0322319835824314
2024-03-07,5354.334,5384.657,5277.299,5277.299,13983134200,-1.3607777945168098
2024-03-08,5282.408,5361.71,5268.53,5349.595,12146797800,1.3699432228494235
2024-03-11,5342.178,5443.042,5339.261,5441.051,14298173200,1.7095873612862356
2024-03-12,5445.878,5473.29,5385.14,5423.718,14707253600,-0.31855977824873927
2024-03-13,5430.044,5459.322,5389.525,5415.113,12974630100,-0.1586550038184087
2024-03-14,5415.15,5447.542,5352.12,5392.927,13188735700,-0.40970520836777213
2024-03-15,5380.019,5456.734,5357.18,5454.146,13640503000,1.135172050354094
2024-03-18,5472.315,5528.447,5459.545,5528.447,15986263800,1.3622847646542757
2024-03-19,5514.55,5533.639,5477.117,5478.225,14677724000,-0.9084287142483216
2024-03-20,5469.606,5499.238,5455.761,5493.414,12627326200,0.2772613392111323
2024-03-21,5505.699,5517.457,5454.231,5465.829,12948945800,-0.502146752456667
2024-03-22,5454.414,5463.541,5356.108,5384.566,13709602900,-1.486746109327608
2024-03-25,5369.776,5401.598,5292.637,5294.746,13077825400,-1.668101013154999
2024-03-26,5291.523,5318.876,5237.899,5284.419,11646811200,-0.1950424061890832
2024-03-27,5280.733,5282.695,5156.684,5156.684,11010714200,-2.417200452878543
2024-03-28,5156.48,5276.638,5156.48,5223.806,11631819200,1.3016504404768536
2024-03-29,5220.552,5287.038,5211.195,5286.161,10904714900,1.1936699027490727
2024-04-01,5309.833,5401.78,5309.833,5401.225,13673485400,2.176702525708163
2024-04-02,5395.481,5402.16,5353.312,5381.229,13214864200,-0.37021231294752655
2024-04-03,5373.502,5386.342,5350.16,5374.595,13362805300,-0.12328038817898124
2024-04-08,5358.957,5383.659,5297.559,5298.591,14858855900,-1.4141344603639916
2024-04-09,5294.474,5342.898,5284.956,5342.898,11330074500,0.8362034359700399
2024-04-10,5335.73,5335.73,5242.863,5275.473,11790861800,-1.2619555903930824
2024-04-11,5244.054,5353.809,5240.51,5301.809,12774514300,0.49921589969279534
2024-04-12,5307.723,5336.448,5270.462,5277.219,11852493300,-0.4638039582338771
2024-04-15,5270.042,5376.048,5219.429,5339.722,15921762400,1.1843927644465735
2024-04-16,5309.101,5346.762,5184.654,5191.554,16258397300,-2.774826105179251
2024-04-17,5211.249,5339.747,5211.249,5339.747,14759455200,2.854501754195371
2024-04-18,5317.799,5410.696,5299.229,5349.836,15349768200,0.18894153599411379
2024-04-19,5322.359,5369.954,5292.016,5314.867,14213421600,-0.6536462052294745
2024-04-22,5289.407,5340.631,5264.186,5267.581,13526688200,-0.8896930064289488
2024-04-23,5257.766,5280.059,5196.955,5208.271,12580112000,-1.1259437681167217
2024-04-24,5210.183,5263.039,5183.701,5263.039,11729722000,1.0515581850483624
2024-04-25,5240.482,5297.163,5229.825,5259.335,11083392900,-0.07037758982975095
2024-04-26,5258.385,5379.671,5258.385,5372.121,17377770100,2.1444916515110712
2024-04-29,5371.212,5488.278,5371.212,5478.491,19093605500,1.9800373074247535
2024-04-30,5471.168,5478.035,5436.575,5441.141,16279734400,-0.6817570750777935
2024-05-06,5498.444,5535.949,5496.907,5528.604,16579162600,1.607438586869936
2024-05-07,5532.323,5543.125,5507.501,5527.085,13653540200,-0.0274752903264619
2024-05-08,5516.448,5516.448,5454.874,5458.756,12395562100,-1.2362574485465627
2024-05-09,5461.36,5568.732,5461.36,5556.771,13112123000,1.7955556174336973
2024-05-10,5562.193,5570.565,5497.497,5535.395,12868803000,-0.3846838388697149
2024-05-13,5503.129,5527.2,5462.508,5505.26,13162758800,-0.5444055934581082
2024-05-14,5508.466,5538.743,5484.964,5500.738,11899439900,-0.08213962646632655
2024-05-15,5495.557,5497.084,5441.355,5446.656,11012498900,-0.9831771664093103
2024-05-16,5461.108,5475.374,5408.125,5424.665,12210811900,-0.40375232068997624
2024-05-17,5418.658,5493.201,5409.705,5491.894,12691616800,1.2393207691166142
2024-05-20,5496.79,5536.662,5484.358,5523.501,14497144800,0.5755209404988415
2024-05-21,5511.484,5513.424,5460.975,5478.913,10869119200,-0.8072416389532822
2024-05-22,5472.01,5486.305,5455.077,5468.607,11305778200,-0.1881030051033794
2024-05-23,5448.94,5448.94,5352.393,5362.305,12665756900,-1.9438588291314396
2024-05-24,5348.51,5400.159,5311.489,5313.455,10656417500,-0.9109888378225461
2024-05-27,5325.851,5373.112,5284.506,5371.369,11564322900,1.089949947821145
2024-05-28,5363.33,5365.473,5310.318,5316.129,11096537300,-1.0284156608864503
2024-05-29,5308.593,5361.744,5305.963,5328.306,10436126700,0.2290576470209693
2024-05-30,5316.398,5349.688,5296.493,5308.66,10735018700,-0.36871005531589063
2024-05-31,5310.722,5357.021,5308.54,5308.54,10415114700,-0.0022604574412388168
2024-06-03,5300.787,5316.335,5232.688,5274.069,12696851500,-0.649349915419295
2024-06-04,5263.226,5352.284,5247.584,5341.95,10808314400,1.2870707607351983
2024-06-05,5328.868,5347.43,5277.941,5277.941,10579275700,-1.1982328550435684
2024-06-06,5291.521,5305.878,5213.662,5228.8,13336823100,-0.9310638372046931
2024-06-07,5247.146,5258.818,5172.051,5208.98,11352747800,-0.379054467564266
2024-06-11,5182.413,5232.85,5159.334,5217.47,11643711600,0.162987763439304
2024-06-12,5209.134,5245.991,5205.572,5232.953,10306556900,0.29675302397522696
2024-06-13,5231.91,5233.795,5182.742,5194.59,11823276400,-0.7331042338809546
2024-06-14,5180.289,5235.878,5163.384,5213.093,13399862000,0.35619750548165907
2024-06-17,5189.284,5223.589,5184.599,5207.128,10797066400,-0.11442343345879902
2024-06-18,5207.978,5243.587,5204.971,5230.891,9409090300,0.4563552115484759
2024-06-19,5235.476,5236.302,5168.82,5168.82,8784959000,-1.1866238466830992
2024-06-20,5162.161,5184.747,5092.287,5094.565,9560900300,-1.4365948127425643
2024-06-21,5079.923,5128.138,5071.655,5102.329,8383890700,0.15239770225721205
2024-06-24,5072.803,5078.955,4986.768,4992.91,10018664600,-2.144491270555071
2024-06-25,4989.071,5007.336,4918.039,4948.634,9163677900,-0.8867774504247028
2024-06-26,4942.165,5024.768,4915.664,5020.432,9339462100,1.4508650265911749
2024-06-27,4998.994,5000.175,4925.16,4928.051,8853718700,-1.8401006128556108
2024-06-28,4914.669,5003.409,4914.547,4942.782,10630834200,0.298921419441478
2024-07-01,4943.787,5017.61,4929.087,5003.161,9731279300,1.2215590329494486
2024-07-02,5000.576,5002.742,4934.117,4949.477,9620933400,-1.0730016483579075
2024-07-03,4945.399,4950.515,4905.39,4910.925,8452833100,-0.7789105798450935
2024-07-04,4917.441,4935.606,4827.342,4834.498,9100846600,-1.55626485845336
2024-07-05,4828.863,4877.933,4794.129,4866.265,8313327900,0.6570899398448571
2024-07-08,4857.025,4857.266,4768.564,4783.617,9025450000,-1.6983867504133054
2024-07-09,4775.313,4888.482,4745.317,4876.899,11140196800,1.950030698527927
2024-07-10,4857.483,4891.373,4836.17,4844.162,10095318600,-0.6712667209224588
2024-07-11,4902.811,4941.702,4871.172,4939.732,11527549400,1.9728902542895943
2024-07-12,4926.981,4937.347,4905.797,4919.364,9717510600,-0.41233006163088337
2024-07-15,4903.516,4903.516,4868.743,4883.897,8682431200,-0.720967181936516
2024-07-16,4877.601,4907.832,4850.432,4898.363,8726797800,0.2961978927893183
2024-07-17,4893.414,4900.36,4853.603,4856.579,9690954700,-0.8530196720823002
2024-07-18,4822.13,4879.693,4793.429,4877.692,9665475000,0.434729878789164
2024-07-19,4853.042,4900.379,4842.93,4872.053,9329074600,-0.11560795556587733
2024-07-22,4872.636,4885.364,4839.112,4865.978,9271045800,-0.12469076177947791
2024-07-23,4862.971,4862.971,4722.799,4722.799,10240371200,-2.942450623492343
2024-07-24,4712.287,4738.762,4661.827,4668.062,11267463500,-1.1589949095864527
2024-07-25,4644.422,4710.463,4635.244,4665.449,8860007400,-0.05597612028289678
2024-07-26,4670.446,4744.454,4670.446,4736.377,8647204900,1.5202823994003856
2024-07-29,4740.499,4742.148,4702.98,4708.844,8110203900,-0.5813093003365299
2024-07-30,4694.525,4712.042,4650.559,4699.282,8335338200,-0.2030647012302822
2024-07-31,4694.729,4887.919,4687.046,4886.414,14318091900,3.982140250361632
2024-08-01,4893.871,4928.241,4834.654,4852.973,11321339300,-0.6843668997346453
2024-08-02,4816.937,4874.711,4783.115,4788.616,9852984400,-1.3261355461899327
2024-08-05,4756.076,4846.542,4693.817,4693.848,11333814800,-1.9790269255250403
2024-08-06,4740.454,4774.928,4699.177,4750.776,10777477000,1.2128215485460947
2024-08-07,4747.98,4783.42,4719.938,4751.941,9698948100,0.024522309618468796
2024-08-08,4737.093,4791.659,4701.786,4755.815,10430925300,0.08152458121848394
2024-08-09,4778.257,4805.099,4720.31,4720.31,10881958600,-0.7465597379208266
2024-08-12,4716.961,4737.191,4696.053,4714.159,8910083200,-0.13030923816446105
2024-08-13,4713.96,4731.835,4680.588,4731.835,8136517300,0.3749555328957044
2024-08-14,4729.815,4730.237,4667.073,4667.073,7458803000,-1.3686445110617673
2024-08-15,4656.695,4746.41,4647.795,4698.375,9097329300,0.6706987441593482
2024-08-16,4703.604,4708.019,4662.113,4670.379,8737958000,-0.5958655918269606
2024-08-19,4666.331,4729.874,4666.258,4682.963,8713686700,0.26944280110885455
2024-08-20,4684.295,4686.363,4590.391,4602.01,9184614600,-1.728670501987728
2024-08-21,4589.089,4610.867,4582.265,4587.122,8352691000,-0.32351081375311397
2024-08-22,4589.496,4595.05,4526.25,4533.37,8585686800,-1.1718022760240587
2024-08-23,4523.991,4549.303,4513.204,4537.087,7577836400,0.08199198388838536
2024-08-26,4542.856,4558.592,4523.727,4544.359,8711829600,0.16027905129436526
2024-08-27,4532.486,4532.486,4487.092,4495.286,8252920500,-1.079866269368246
2024-08-28,4486.431,4527.769,4482.032,4500.009,8268119900,0.10506561762699818
2024-08-29,4483.553,4577.792,4475.223,4557.901,10311556200,1.2864863159162576
2024-08-30,4557.501,4704.341,4548.383,4639.114,15159336100,1.7818070203806435
2024-09-02,4631.9,4632.311,4546.839,4546.883,12636851700,-1.9881166964209052
2024-09-03,4543.22,4612.283,4543.22,4596.482,9858968600,1.0908351941318895
2024-09-04,4567.686,4623.378,4552.304,4582.084,9243568500,-0.31323956016797716
2024-09-05,4585.168,4630.639,4582.054,4601.091,8058372300,0.4148112518234104
2024-09-06,4609.342,4613.31,4535.349,4537.454,9014759600,-1.3830850117939608
2024-09-09,4517.566,4541.794,4487.843,4507.187,9194460800,-0.6670480846747928
2024-09-10,4509.324,4528.669,4432.913,4507.707,9852954200,0.011537129477878771
2024-09-11,4490.187,4529.345,4479.031,4514.916,8520684200,0.15992609989956552
2024-09-12,4518.988,4568.746,4496.592,4496.592,8665430400,-0.4058547268653623
2024-09-13,4500.395,4509.072,4450.959,4450.959,9253375700,-1.0148352352181367
2024-09-18,4450.089,4474.722,4397.161,4462.87,9098968300,0.26760525091333864
2024-09-19,4481.464,4565.39,4437.536,4520.394,11561186800,1.288946350666742
2024-09-20,4514.96,4515.806,4471.944,4498.39,9431204400,-0.48677172830510207
2024-09-23,4495.781,4545.541,4483.13,4494.688,8993522700,-0.0822961103861708
2024-09-24,4524.221,4690.574,4503.125,4689.596,17714470300,4.336407777358509
2024-09-25,4743.634,4847.203,4724.43,4731.476,20459351900,0.8930406798368207
2024-09-26,4725.996,4938.184,4719.349,4938.184,22993032300,4.368784709042184
2024-09-27,5027.264,5227.958,5021.515,5201.666,23017750800,5.335605153635425
2024-09-30,5449.789,5757.921,5387.338,5743.217,38870320000,10.411106749260712
2024-10-08,6417.814,6417.814,5868.853,6155.582,49354642000,7.1800351614783375
2024-10-09,6013.702,6088.08,5704.478,5735.641,43115641600,-6.822116901375052
2024-10-10,5768.611,5875.936,5597.477,5690.882,35348024500,-0.7803661351887259
2024-10-11,5650.049,5652.852,5408.87,5470.813,24438337300,-3.8670455651689806
2024-10-14,5503.646,5623.969,5408.392,5608.153,25060854100,2.5104129861503344
2024-10-15,5578.261,5661.075,5471.881,5472.56,23899701900,-2.41778353764599
2024-10-16,5393.666,5546.176,5393.666,5461.088,20545092600,-0.20962766968294355
2024-10-17,5499.766,5541.033,5417.881,5418.988,20276868500,-0.770908654099689
2024-10-18,5416.032,5774.141,5404.204,5640.02,28711421900,4.078842765475765
2024-10-21,5680.565,5797.881,5631.232,5704.225,26688518600,1.1383824880053517
2024-10-22,5703.32,5779.298,5673.79,5753.85,23702362400,0.8699691895042605
2024-10-23,5745.107,5853.456,5727.774,5776.383,27341264000,0.39161604838497954
2024-10-24,5747.558,5759.865,5694.779,5726.704,20769004600,-0.8600364622636691
2024-10-25,5735.285,5855.265,5729.438,5809.688,23672570800,1.449070879165415
2024-10-28,5816.33,5883.72,5787.484,5883.72,27065378700,1.274285297248312
2024-10-29,5903.307,5917.215,5807.29,5812.529,27537114300,-1.209965803947155
2024-10-30,5793.833,5869.111,5777.43,5837.934,25202127500,0.43707308815146284
2024-10-31,5839.977,5935.183,5812.032,5901.29,31354920200,1.0852469383860752
2024-11-01,5893.319,5934.203,5795.081,5831.822,36984064100,-1.1771663483746697
2024-11-04,5835.392,5928.909,5835.392,5928.909,28655229400,1.6647798921160417
2024-11-05,5925.865,6119.254,5910.889,6111.971,36634449200,3.0876169629184824
2024-11-06,6134.924,6204.533,6081.807,6125.787,41518773700,0.2260481929642788
2024-11-07,6061.735,6240.757,6049.587,6239.56,41841332300,1.8572797258540108
2024-11-08,6306.799,6333.679,6206.295,6222.445,38564834700,-0.2742981876927342
2024-11-11,6211.033,6330.805,6199.056,6330.615,33409692100,1.7383841882089746
2024-11-12,6349.23,6382.978,6205.099,6263.883,33285691900,-1.054115595404237
2024-11-13,6234.158,6282.278,6162.898,6259.841,26040067300,-0.0645286637697362
2024-11-14,6240.609,6240.609,6068.658,6078.305,23974313800,-2.9000097606313058
2024-11-15,6055.535,6093.423,5924.35,5924.483,23622604200,-2.5306726134999846
2024-11-18,5940.486,5977.492,5799.908,5833.036,28252722400,-1.5435439683091356
2024-11-19,5836.611,5936.935,5776.202,5936.602,24140421500,1.7755076430181482
2024-11-20,5920.323,6015.234,5909.106,5992.39,21734522400,0.9397294950882706
2024-11-21,5973.155,6009.629,5937.805,5985.313,20619894100,-0.11809978990019454
2024-11-22,5969.075,5983.339,5750.246,5750.246,22506673700,-3.92739694649219
2024-11-25,5754.547,5774.817,5662.095,5735.649,18600506000,-0.25385000919960765
2024-11-26,5727.373,5773.356,5688.576,5690.479,14756286500,-0.7875307571994061
2024-11-27,5669.555,5805.635,5603.996,5804.937,17531330200,2.0113948228259737
2024-11-28,5802.797,5826.488,5749.287,5757.597,17218353700,-0.8155127264947049
2024-11-29,5748.167,5899.873,5736.409,5851.939,20425554400,1.638565533502967
2024-12-02,5853.705,5956.598,5848.424,5943.625,23618130800,1.5667627430839604
2024-12-03,5946.735,5954.661,5877.801,5932.121,20987050900,-0.19355191486676304
2024-12-04,5929.476,5940.855,5850.909,5879.27,21599163400,-0.8909292308771133
2024-12-05,5855.742,5923.624,5853.527,5901.986,19854223600,0.3863744988748419
2024-12-06,5903.499,6011.769,5877.043,5979.197,26532953600,1.308220656572212
2024-12-09,5983.334,6004.234,5911.362,5947.109,28446220900,-0.5366606920628292
2024-12-10,6132.291,6141.066,5982.583,5992.094,32052782300,0.7564179503015689
2024-12-11,5973.326,6051.472,5972.27,6047.105,25388394100,0.9180596966603005
2024-12-12,6048.781,6107.715,6023.234,6100.395,24365369000,0.8812481344379064
2024-12-13,6065.954,6065.954,5988.292,5988.292,28632819800,-1.837635103956381
2024-12-16,5983.16,5991.577,5888.043,5912.601,21464744100,-1.263983119059675
2024-12-17,5896.968,5924.624,5837.251,5848.163,19310854700,-1.0898418479447503
2024-12-18,5861.262,5921.98,5853.163,5888.616,18799629000,0.6917214858751519
2024-12-19,5829.263,5918.49,5816.473,5901.916,19653119400,0.22585952284883692
2024-12-20,5889.946,5962.415,5889.946,5917.175,17809039900,0.2585431578490782
2024-12-23,5917.694,5935.152,5815.342,5818.551,17731548600,-1.6667413081411286
2024-12-24,5827.16,5897.195,5827.16,5895.26,16736582400,1.3183522839277373
2024-12-25,5896.43,5897.51,5796.648,5840.289,15727913200,-0.9324609940867812
2024-12-26,5830.721,5897.483,5830.721,5887.061,14531944400,0.8008507798158648
2024-12-27,5892.694,5975.792,5881.717,5899.167,17908549800,0.20563741398298419
2024-12-30,5890.463,5928.572,5867.854,5898.884,15556558600,-0.004797287481439483
2024-12-31,5902.033,5905.463,5725.732,5725.732,18215885500,-2.9353348870735596
2025-01-02,5717.916,5722.111,5498.822,5545.817,19376315700,-3.1422183224782407
2025-01-03,5552.75,5581.398,5419.743,5427.804,17407731000,-2.1279641935534443
2025-01-06,5421.065,5482.625,5384.333,5427.101,14626565800,-0.01295183097990149
2025-01-07,5429.173,5485.585,5405.133,5484.685,14506527800,1.0610452984014973
2025-01-08,5462.324,5501.656,5326.926,5461.586,16384991500,-0.4211545421478169
2025-01-09,5437.813,5493.68,5436.704,5456.586,12983262700,-0.09154849891588324
2025-01-10,5449.001,5496.383,5369.281,5369.281,13017955300,-1.5999931092445019
2025-01-13,5319.701,5422.012,5319.274,5381.697,11968293700,0.2312413896758292
2025-01-14,5393.763,5582.835,5378.588,5572.272,17214286000,3.5411692631524883
2025-01-15,5559.579,5569.19,5509.576,5522.459,13839324300,-0.8939441577869855
2025-01-16,5546.7,5633.855,5508.915,5545.634,14931808500,0.41965001460400053
2025-01-17,5524.205,5621.937,5519.411,5587.294,12669117400,0.7512215916160248
2025-01-20,5621.925,5665.183,5598.158,5614.331,13571250700,0.48390150938899534
2025-01-21,5639.604,5642.917,5573.5,5633.925,12649130000,0.34899972944237856
2025-01-22,5606.847,5618.581,5567.779,5607.059,11537499600,-0.47686115807363816
2025-01-23,5659.369,5717.689,5584.255,5584.255,16341998700,-0.4067016237924381
2025-01-24,5570.48,5660.434,5570.48,5649.95,13943805800,1.176432666488192
2025-01-27,5660.485,5676.026,5589.343,5589.343,13654605600,-1.072699758404938
2025-02-05,5643.175,5646.037,5588.556,5614.387,15567414100,0.4480669731666165
2025-02-06,5606.871,5749.023,5597.325,5747.901,18142819300,2.3780690572274388
2025-02-07,5750.289,5889.428,5741.733,5833.988,23271886300,1.4977119473700062
2025-02-10,5858.243,5895.406,5836.171,5888.551,20930090500,0.935260751307676
2025-02-11,5890.373,5890.373,5827.378,5858.281,18192050800,-0.5140483626617232
2025-02-12,5841.362,5940.537,5841.319,5940.53,19544615500,1.4039784025382085
2025-02-13,5938.203,5957.58,5889.695,5898.261,22828183900,-0.7115358393947946
2025-02-14,5893.934,5954.477,5886.95,5947.796,21191426100,0.8398238056945839
2025-02-17,5979.845,5985.364,5906.266,5948.72,23390168900,0.015535166303615178
2025-02-18,5935.499,5947.934,5816.051,5840.711,21494148200,-1.8156679083903726
2025-02-19,5834.955,5945.346,5831.482,5943.882,20529830500,1.7664116577587707
2025-02-20,5941.599,5977.73,5920.568,5957.547,19820741100,0.2299002571046982
2025-02-21,5969.646,6061.824,5943.195,6057.065,25231712800,1.6704526208521697
2025-02-24,6057.38,6079.017,6007.179,6044.973,24381379800,-0.19963464153017751
2025-02-25,5967.037,6044.756,5956.176,5979.965,20683395300,-1.0754059612838596
2025-02-26,5990.29,6055.873,5973.857,6051.74,21086089800,1.2002578610409875
2025-02-27,6050.186,6064.491,5940.335,6028.986,21665293000,-0.37599103728844785
2025-02-28,5997.918,6007.472,5847.151,5859.871,20522381400,-2.8050322226656266
2025-03-03,5875.952,5964.268,5851.56,5885.77,18502458100,0.4419721867597426
2025-03-04,5845.471,5943.084,5843.463,5937.63,15392221100,0.8811081642673635
2025-03-05,5937.107,5955.899,5892.533,5950.703,16307150000,0.2201720214968006
2025-03-06,5980.38,6062.541,5972.604,6047.773,21304285200,1.631235838858025
2025-03-07,6029.381,6067.348,5989.321,6013.775,20743714900,-0.5621573428764681
2025-03-10,6022.681,6041.522,5971.813,6013.619,17304433600,-0.0025940445061545248
2025-03-11,5944.42,6044.974,5942.912,6044.974,17385564300,0.5213998425906308
2025-03-12,6068.376,6098.235,6038.822,6040.497,18476353700,-0.07406152615379025
2025-03-13,6032.855,6050.178,5947.782,5993.967,19371071700,-0.7703008543833545
2025-03-14,5993.97,6099.981,5978.532,6099.981,21924583400,1.7686784061373695
2025-03-17,6119.606,6129.854,6098.508,6108.018,18431727300,0.13175450874356454
2025-03-18,6126.036,6161.228,6114.206,6133.302,16602304300,0.41394769956473176
2025-03-19,6117.423,6128.23,6076.564,6101.437,15389378000,-0.5195406976535644
2025-03-20,6094.843,6109.183,6055.381,6059.486,14718786500,-0.6875593405291203
2025-03-21,6038.99,6071.085,5951.795,5971.93,17410378500,-1.4449410395535156
2025-03-24,5973.047,5987.061,5882.878,5969.079,16919243500,-0.04774001034841824
2025-03-25,5969.416,5993.931,5929.673,5946.951,14748394800,-0.3707104563367314
2025-03-26,5935.854,5983.474,5935.854,5948.499,13670211100,0.026030145531708015
2025-03-27,5932.517,6000.662,5891.766,5957.602,13470890400,0.1530302014003837
2025-03-28,5954.73,5973.802,5904.916,5916.031,13426192700,-0.6977807513828482
2025-03-31,5886.956,5908.303,5802.419,5857.772,15425609000,-0.9847649547475301
2025-04-01,5870.942,5931.504,5867.848,5892.85,13644860200,0.5988283599976274
2025-04-02,5884.893,5936.647,5884.113,5899.087,11215996000,0.10584012829106815
2025-04-03,5842.617,5906.706,5817.966,5845.505,13493862500,-0.9083100486566908
2025-04-07,5523.964,5587.85,5212.677,5287.033,23652265600,-9.553870880274673
2025-04-08,5279.757,5371.183,5249.232,5326.914,22384066500,0.7543172134541143
2025-04-09,5249.684,5465.145,5135.966,5439.772,24511802700,2.1186375451152317
2025-04-10,5534.559,5610.19,5513.954,5544.065,21196303500,1.9172310898324385
2025-04-11,5514.188,5631.595,5510.895,5581.318,16441166300,0.6719437813229145
2025-04-14,5633.779,5661.805,5608.73,5627.138,15548707700,0.8209530437075951
2025-04-15,5625.001,5626.677,5567.027,5602.534,12327370800,-0.43723825504190517
2025-04-16,5589.777,5592.674,5492.655,5556.864,13253722400,-0.8151668512855093
2025-04-17,5527.591,5604.62,5526.888,5557.011,11365238200,0.002645376960841439
2025-04-18,5546.967,5579.479,5525.405,5560.721,11164425800,0.06676250955772733
2025-04-21,5556.513,5646.218,5535.699,5642.381,12311188300,1.4685146044910447
2025-04-22,5634.894,5651.554,5617.879,5624.209,12466668900,-0.32206261860020513
2025-04-23,5647.915,5670.26,5614.768,5634.949,12700776400,0.1909601865791144
2025-04-24,5633.024,5651.534,5583.43,5605.88,12269669600,-0.5158697975793491
2025-04-25,5613.141,5661.587,5596.527,5627.18,14000080000,0.3799581867610424
2025-04-28,5624.417,5628.078,5587.786,5598.295,13621809400,-0.5133121741263014
2025-04-29,5583.719,5622.022,5571.236,5604.906,12674292700,0.11808952547158746
2025-04-30,5604.654,5647.782,5603.172,5631.825,13838662100,0.4802756727766644
2025-05-06,5668.876,5740.334,5666.47,5740.334,16277360600,1.9267111460317121
2025-05-07,5805.656,5819.242,5713.273,5750.291,17101175700,0.17345680582350198
2025-05-08,5731.716,5783.792,5724.951,5773.806,13614032200,0.4089358260303655
2025-05-09,5770.441,5770.441,5705.165,5721.723,12393900700,-0.9020566330077529
2025-05-12,5751.437,5794.516,5737.462,5793.674,13582436700,1.2575058247314752
2025-05-13,5838.034,5838.034,5772.072,5781.668,13827108100,-0.2072260192755082
2025-05-14,5778.079,5835.491,5750.537,5799.119,15627999400,0.3018333117709382
2025-05-15,5786.783,5786.783,5715.294,5715.297,13516076800,-1.4454264518455329
2025-05-16,5703.735,5735.012,5703.735,5715.849,11670913600,0.009658290724012808
2025-05-19,5719.438,5729.07,5669.721,5720.795,11538493900,0.08653132719216305
2025-05-20,5723.506,5759.458,5707.81,5747.367,11689661500,0.4644808981968396
2025-05-21,5741.689,5763.079,5733.828,5757.923,11580454200,0.18366671207876717
2025-05-22,5739.191,5757.795,5701.161,5703.28,10905772000,-0.9490053965640066
2025-05-23,5697.136,5738.083,5653.044,5653.044,11436119800,-0.880826471784657
2025-05-26,5653.206,5693.625,5644.579,5669.461,9717098900,0.29040991012985184
2025-05-27,5666.303,5667.871,5629.134,5652.145,9514936300,-0.3054258597069426
2025-05-28,5651.876,5660.47,5628.417,5637.238,9490888300,-0.26374057990373734
2025-05-29,5637.063,5724.519,5637.063,5719.91,11468248400,1.4665337883552176
2025-05-30,5704.771,5704.771,5665.518,5671.072,10990070700,-0.8538246231146962
2025-06-03,5653.675,5710.42,5653.298,5694.839,12285390300,0.41909184013180223
2025-06-04,5696.569,5744.454,5696.569,5739.006,11619607700,0.7755618727763869
2025-06-05,5741.03,5778.096,5719.547,5769.968,12522358400,0.5395010913039622
2025-06-06,5768.399,5771.756,5750.659,5762.078,10821766000,-0.1367425261283861
2025-06-09,5772.779,5823.899,5765.355,5805.654,12818861900,0.7562549483016268
2025-06-10,5809.828,5810.922,5715.971,5757.992,13826918100,-0.8209583278645294
2025-06-11,5758.529,5818.573,5758.529,5792.946,12371670700,0.6070519028161137
2025-06-12,5780.967,5808.805,5766.521,5799.932,12561584600,0.12059494426497341
2025-06-13,5783.156,5794.67,5728.211,5740.24,16761337400,-1.0291844800939032
2025-06-16,5725.003,5775.949,5725.003,5767.808,12824265800,0.4802586651429186
2025-06-17,5772.296,5776.633,5734.829,5750.912,12152662400,-0.2929362419830883
2025-06-18,5740.156,5753.712,5709.803,5745.871,11270384400,-0.08765566226713872
2025-06-19,5733.807,5750.464,5660.05,5676.832,12553113400,-1.2015410718409725
2025-06-20,5669.09,5688.736,5636.785,5639.513,10179476600,-0.6573913055732516
2025-06-23,5613.281,5684.397,5613.281,5674.17,11160180200,0.6145388795096407
2025-06-24,5683.462,5766.019,5683.462,5765.837,14208225600,1.6155138108304934
2025-06-25,5777.74,5866.525,5776.124,5862.553,18463231000,1.6773974012792792
2025-06-26,5868.292,5885.251,5835.34,5838.245,18016416300,-0.41463164597402846
2025-06-27,5850.425,5905.696,5839.578,5863.728,19938972500,0.4364839091199446
2025-06-30,5877.675,5918.307,5872.225,5915.388,16627514700,0.8810094874796448
2025-07-01,5915.804,5936.924,5890.114,5934.67,15419236500,0.3259634025697178
2025-07-02,5922.541,5922.541,5873.892,5892.951,16250048500,-0.7029708475787211
2025-07-03,5896.24,5929.727,5885.943,5922.66,13007004600,0.5041446976226327
2025-07-04,5917.753,5969.303,5889.73,5911.435,16494106000,-0.18952632769734246
2025-07-07,5901.402,5910.804,5889.602,5900.406,13720736200,-0.18657060426107153
2025-07-08,5903.102,5979.627,5903.102,5977.744,16868114200,1.3107233637820848
2025-07-09,5980.645,5992.135,5940.176,5953.487,16491440200,-0.4057885382846682
2025-07-10,5950.966,6000.686,5942.29,5983.051,17624260700,0.4965829269468536
2025-07-11,5985.824,6057.623,5963.257,6027.079,22236309800,0.7358787347792939
2025-07-14,6033.178,6042.886,6011.687,6020.859,18927744400,-0.10320090378771463
2025-07-15,6018.627,6049.787,5973.797,6018.758,18973623400,-0.03489535297206414
2025-07-16,6019.577,6061.199,5997.163,6017.195,14861006200,-0.025968812834809007
2025-07-17,6013.714,6082.464,6013.044,6082.464,14969265800,1.0847080741109405
2025-07-18,6092.23,6112.11,6073.638,6099.61,15315220400,0.2818923383681282
2025-07-21,6115.026,6162.44,6110.988,6161.309,20735050700,1.0115236875800404
2025-07-22,6166.616,6215.406,6152.814,6213.407,24621164200,0.8455670702443241
2025-07-23,6218.207,6256.152,6187.012,6196.758,25837789600,-0.2679528316751223
2025-07-24,6197.853,6293.598,6197.853,6293.598,26835556400,1.562752652273991
2025-07-25,6297.626,6311.169,6276.416,6299.591,23705532800,0.0952237495944308
2025-07-28,6305.225,6329.03,6271.93,6323.42,21444826700,0.3782626522896404
2025-07-29,6308.123,6356.15,6272.314,6356.133,20175762900,0.5173308114912567
2025-07-30,6345.374,6368.269,6269.513,6314.687,21212841100,-0.6520631333548188
2025-07-31,6297.912,6322.065,6206.19,6226.343,22421423700,-1.3990242113346207
2025-08-01,6221.051,6253.658,6177.478,6213.201,16590719100,-0.21107092879399936
2025-08-04,6190.344,6261.962,6187.622,6261.731,14859148000,0.7810788673986213
2025-08-05,6277.011,6303.236,6272.506,6303.236,15420666500,0.6628358835599979
2025-08-06,6298.929,6357.59,6293.225,6357.377,16602763800,0.8589397572929203
2025-08-07,6356.332,6366.214,6299.493,6337.543,17044640000,-0.31198401479102245
2025-08-08,6324.175,6351.335,6308.148,6323.5,17250752600,-0.2215842953649294
2025-08-11,6335.427,6404.833,6335.427,6391.76,17490919900,1.0794654858859776
2025-08-12,6392.402,6418.16,6360.109,6418.16,16835191800,0.4130317784146964
2025-08-13,6422.789,6514.456,6422.215,6508.098,21602242300,1.4013050469293464
2025-08-14,6509.209,6519.794,6411.921,6429.846,22895316800,-1.2023789438942112
2025-08-15,6417.389,6570.499,6417.389,6568.57,24521724000,2.15750112833184
2025-08-18,6612.988,6709.781,6580.437,6668.173,30244822900,1.5163574415740344
2025-08-19,6663.157,6707.114,6631.119,6655.311,25283927600,-0.1928864173140088
2025-08-20,6623.614,6728.069,6598.551,6728.069,24423390700,1.0932321569946168
2025-08-21,6739.69,6767.323,6673.061,6704.166,24254016400,-0.35527281304635894
2025-08-22,6704.03,6823.363,6704.03,6822.847,25678382000,1.7702574787080039
2025-08-25,6886.268,6967.796,6863.932,6951.896,33382894500,1.8914245035833277
2025-08-26,6928.286,7008.963,6910.406,6964.065,28153238200,0.17504577168587776
2025-08-27,6964.77,7074.63,6862.562,6862.562,32806018300,-1.4575251666950173
2025-08-28,6858.503,7011.16,6798.934,7011.16,30806178600,2.165342914206092
2025-08-29,7030.274,7078.923,6990.753,7043.942,28091581400,0.4675688473804618
2025-09-01,7087.734,7110.687,7038.344,7110.288,28590831100,0.941887369316774
2025-09-02,7108.945,7108.945,6909.723,6961.689,29403653900,-2.0899153452011987
2025-09-03,6988.021,7003.268,6846.181,6868.462,25908326600,-1.3391434176390216
2025-09-04,6884.358,6906.692,6607.985,6698.447,27034189400,-2.4752994192877575
2025-09-05,6709.145,6919.336,6678.6,6913.953,24085745700,3.2172531931655257
2025-09-08,6927.407,6995.718,6896.66,6992.117,24417430400,1.1305254750791693
2025-09-09,6959.937,6999.731,6895.509,6928.965,22584355700,-0.9031885479032997
2025-09-10,6911.112,6977.767,6870.404,6932.109,18992286700,0.045374742115167344
2025-09-11,6924.304,7123.052,6889.586,7122.705,24395106100,2.7494662879651743
2025-09-12,7115.61,7200.156,7112.422,7147.749,26656750800,0.3516079916267678
2025-09-15,7170.412,7174.891,7126.829,7137.363,23826572400,-0.14530448676918217
2025-09-16,7152.189,7195.425,7080.427,7190.993,24234918300,0.7513979602830956
2025-09-17,7184.264,7265.393,7159.667,7260.035,25826444900,0.9601177472985833
2025-09-18,7248.279,7350.977,7115.631,7199.883,34858954100,-0.8285359505842638
2025-09-19,7200.692,7231.999,7142.061,7170.349,27150719300,-0.4102011102124825
2025-09-22,7182.888,7225.858,7143.075,7225.128,23185806900,0.7639656033478825
2025-09-23,7240.847,7250.816,7045.561,7180.714,28128363400,-0.6147157531326775
2025-09-24,7140.313,7327.021,7133.432,7323.709,24006493800,1.9913757879787441
2025-09-25,7325.66,7379.611,7312.351,7341.324,23617503000,0.24052020635991767
2025-09-26,7311.843,7351.793,7237.046,7240.911,21144414800,-1.3677778013884034
2025-09-29,7251.522,7377.222,7216.736,7350.56,23353941800,1.5142984080318111
2025-09-30,7372.524,7428.031,7372.063,7412.368,22070750200,0.8408611044600667
2025-10-09,7470.047,7559.092,7437.324,7548.923,28313078400,1.842258776142791
2025-10-10,7499.392,7509.116,7373.984,7398.224,26225664600,-1.9962980149618614
2025-10-13,7135.104,7391.825,7135.104,7376.564,25802781700,-0.2927729682150715
2025-10-14,7434.115,7459.016,7166.082,7194.851,27735887300,-2.4633826806084835
2025-10-15,7205.737,7294.001,7153.419,7294.001,21755977700,1.3780688439552158
2025-10-16,7269.259,7305.947,7206.443,7231.534,19493637000,-0.8564161151061067
2025-10-17,7226.421,7254.579,7009.891,7016.066,20004411300,-2.9795614595741315
2025-10-20,7092.884,7129.994,7033.384,7069.641,17683419200,0.7636045613025777
2025-10-21,7095.616,7193.73,7082.3,7185.624,20597382900,1.6405783546858954
2025-10-22,7135.208,7166.557,7101.827,7128.478,16974325400,-0.7952823582196844
2025-10-23,7108.855,7153.656,7022.295,7142.954,18893373200,0.20307280179583387
2025-10-24,7175.923,7258.534,7174.351,7258.534,19532393300,1.6180980585903226
2025-10-27,7336.204,7391.212,7302.017,7379.394,23205182100,1.6650745178020898
2025-10-28,7344.454,7404.756,7308.272,7341.03,20211846300,-0.5198800877145304
2025-10-29,7350.757,7480.967,7350.757,7480.967,22384413300,1.9062311419514755
2025-10-30,7462.433,7463.653,7375.239,7385.711,24341203600,-1.273311324592119
2025-10-31,7385.742,7430.856,7331.003,7331.003,23204167600,-0.7407276022579401
2025-11-03,7327.12,7336.511,7214.833,7333.601,22168706000,0.03543853412690812
2025-11-04,7315.189,7323.704,7167.347,7210.825,19332584200,-1.6741570750849366
2025-11-05,7098.956,7257.84,7098.956,7229.341,19558024300,0.25678060416112203
2025-11-06,7243.196,7352.177,7243.196,7345.723,20172296700,1.6098562787396409
2025-11-07,7307.296,7371.438,7285.819,7327.911,19292057800,-0.24248123704092572
2025-11-10,7357.339,7384.785,7289.768,7343.802,20450133000,0.21685579969517033
2025-11-11,7364.925,7379.806,7281.975,7291.608,19166031300,-0.710721775995593
2025-11-12,7264.792,7305.856,7187.869,7243.248,18550701000,-0.6632281932874129
2025-11-13,7243.64,7366.412,7243.64,7355.291,19989023000,1.5468612975836349
2025-11-14,7283.699,7329.596,7235.462,7235.462,20586491000,-1.6291537615574891
2025-11-17,7248.922,7262.331,7202.593,7235.351,20305060200,-0.001534110745116113
2025-11-18,7215.03,7230.542,7118.409,7151.018,20221412100,-1.1655688853242863
2025-11-19,7141.264,7178.15,7086.123,7122.747,16278660200,-0.39534231349998006
2025-11-20,7174.105,7180.732,7056.9,7061.95,15961874600,-0.8535611330853232
2025-11-21,6955.749,6986.778,6817.41,6817.41,20893338400,-3.4627829423884315
2025-11-24,6856.755,6905.923,6797.496,6868.966,16636391300,0.7562402730655782
2025-11-25,6915.123,7018.47,6912.32,6954.603,16271253000,1.246723305953168
2025-11-26,6946.081,7024.882,6936.877,6965.045,14894352600,0.1501451628511452
2025-11-27,6970.733,7045.845,6943.444,6951.284,13784110300,-0.19757230570657258
2025-11-28,6947.237,7031.712,6941.483,7031.551,14021118400,1.154707533169419
2025-12-01,7053.847,7101.832,7040.803,7101.832,17897343200,0.9995092121211968
2025-12-02,7084.799,7085.303,7022.61,7040.301,14951819700,-0.8664102445678834
2025-12-03,7044.857,7064.16,6975.089,6996.355,15783886700,-0.62420626618096
2025-12-04,7001.642,7039.716,6958.632,7012.806,14103833800,0.23513672476596081
2025-12-05,7008.649,7104.021,6965.806,7097.839,16873827400,1.212538889568604
2025-12-08,7119.051,7193.723,7114.323,7172.367,19261175000,1.0500097283130838
2025-12-09,7150.973,7185.107,7103.833,7121.326,16690106600,-0.7116339696504714
2025-12-10,7111.571,7171.973,7070.475,7155.994,15396782700,0.4868194490745159
2025-12-11,7171.208,7179.425,7082.893,7082.893,18184855400,-1.0215352332603955
2025-12-12,7088.1,7187.1,7063.841,7169.791,19840247300,1.2268715622274717
2025-12-15,7121.381,7177.154,7110.678,7113.962,17217406400,-0.7786698384931956
2025-12-16,7101.67,7102.772,6962.645,7001.319,17206587400,-1.5834073895812262
2025-12-17,7002.506,7160.776,6988.871,7137.834,17441313600,1.9498468788524015
2025-12-18,7096.982,7172.962,7094.54,7100.836,15489612300,-0.5183365149707853
2025-12-19,7124.405,7197.068,7117.158,7169.551,17884314600,0.9677029577925822
2025-12-22,7205.489,7277.386,7205.489,7255.661,17824288100,1.2010515023883617
2025-12-23,7257.908,7297.703,7228.723,7256.786,17347600200,0.015505134542537213
2025-12-24,7257.615,7362.57,7247.405,7352.04,16883771300,1.3126196638566956
2025-12-25,7341.922,7426.137,7334.34,7410.712,16841420100,0.7980370074156307
2025-12-26,7422.601,7484.916,7397.426,7458.839,19927688400,0.6494247786177576
2025-12-29,7467.504,7491.693,7411.447,7430.615,19884433800,-0.3783966914958192
2025-12-30,7390.14,7495.061,7389.869,7458.936,19620361500,0.38113938079149534
2025-12-31,7473.752,7488.066,7435.066,7465.574,19442774300,0.08899392621146696
2026-01-05,7523.875,7651.238,7523.248,7651.198,25185386300,2.486399572223119
2026-01-06,7663.942,7814.651,7663.662,7814.136,31312510200,2.1295750025028815
2026-01-07,7838.912,7909.656,7828.394,7875.082,29390344000,0.7799454731783451
2026-01-08,7853.209,7938.595,7849.068,7894.545,29356173500,0.24714663288585292
2026-01-09,7907.849,8064.758,7907.849,8056.686,31462467400,2.0538359082125757
2026-01-12,8141.626,8261.354,8103.238,8249.128,33523628600,2.3885999777079725
2026-01-13,8270.422,8270.422,8106.61,8143.28,36413103300,-1.2831416847938426
2026-01-14,8165.352,8368.222,8123.405,8227.697,42276600200,1.0366461671464045
2026-01-15,8170.349,8249.031,8148.788,8223.268,31359583000,-0.05383037318948958
2026-01-16,8241.693,8292.741,8204.525,8232.674,28197904200,0.114382749048203
2026-01-19,8199.499,8318.37,8195.089,8287.947,26149738200,0.6713857490288078
2026-01-20,8307.642,8342.874,8142.142,8247.805,28986446000,-0.484341900352403
2026-01-21,8196.557,8351.455,8196.557,8340.113,24330438100,1.1191826188907017
2026-01-22,8355.678,8396.133,8337.195,8387.595,26880524300,0.5693208233509495
2026-01-23,8422.356,8590.166,8417.752,8590.166,31969006900,2.4151261476025088
2026-01-26,8624.888,8671.346,8453.476,8506.693,34928559700,-0.9717274380960705
2026-01-27,8464.65,8581.105,8368.175,8548.932,30285260600,0.4965384315620769
2026-01-28,8565.339,8633.147,8526.534,8601.164,31177425700,0.6109769033137757
2026-01-29,8584.681,8658.945,8503.095,8517.843,35419838700,-0.9687177223919874
2026-01-30,8439.652,8496.337,8194.584,8370.52,32894717000,-1.729581068822239
2026-02-02,8279.715,8324.434,8032.35,8037.046,29964602200,-3.983910199127416
2026-02-03,8135.87,8286.701,8075.374,8286.701,27222713600,3.106302987440901
2026-02-04,8270.842,8309.858,8179.352,8299.057,26886027700,0.14910638141767407
2026-02-05,8203.063,8224.785,8081.428,8146.107,23184051500,-1.8429804735646593
2026-02-06,8054.218,8247.297,8014.66,8146.413,21864214400,0.003756395539600277
2026-02-09,8280.109,8313.469,8229.003,8311.283,21166756600,2.0238355212288006
2026-02-10,8318.533,8331.986,8258.152,8306.445,19580622000,-0.05821002605734815
2026-02-11,8295.333,8373.503,8295.122,8325.811,20401970300,0.23314426327989413
2026-02-12,8342.365,8437.42,8341.771,8423.57,21213831800,1.1741678978780534
